age,gender,bmi,smoking_status,alcohol_consumption,physical_activity,diet_quality,family_history,genetic_markers,previous_cancer,chronic_conditions,cancer_risk
62.450712295168486,0,22.602702945247707,0,0,1,3,0,0,0,0,0
52.92603548243223,0,19.859660937679447,2,2,2,10,1,0,0,1,0
64.71532807151038,0,27.5100094453328,0,0,2,10,0,0,0,0,0
77.84544784612038,0,16.46568718903475,2,2,3,7,0,0,0,0,0
51.48769937914996,1,23.660802837158442,1,1,3,7,0,0,0,0,0
51.487945645762295,0,15.0,0,1,0,5,2,0,0,0,0
78.68819223261087,0,18.317987883208684,0,0,1,10,0,0,0,2,0
66.51152093729362,1,20.614330307762877,0,2,0,2,0,0,0,0,0
47.95788421097572,0,30.48362103814642,0,2,1,9,0,0,0,0,0
63.13840065378947,1,28.440540122021346,0,1,2,9,1,0,0,0,0
48.04873460781307,1,22.230326580788788,1,1,1,9,0,0,0,0,0
48.01405369644615,0,28.646848975648755,1,0,0,6,0,0,1,0,0
58.629434073490515,1,29.438114816901983,1,2,0,1,2,0,1,1,1
26.300796330133032,1,24.196675758126393,1,1,0,6,0,1,0,0,0
29.126232512304508,0,18.07810927893155,2,0,2,8,1,1,0,0,0
46.56568706138541,0,23.96043844966943,2,2,2,4,0,0,0,0,0
39.80753319498364,1,24.510537974139318,0,2,1,6,0,0,0,0,0
59.71370998892911,1,18.83772804584887,1,0,0,8,2,0,0,1,0
41.37963886718184,1,26.835233964649838,0,2,2,6,2,0,0,0,0
33.81544447997062,0,26.399059271511778,0,2,3,4,0,0,0,0,0
76.98473153382331,1,27.225213499470932,1,3,1,7,2,0,0,1,1
51.61335549270196,0,26.394615485837218,1,0,1,5,1,0,0,0,0
56.012923070318855,1,28.649215175574916,2,1,0,1,0,0,0,1,1
33.62877720679815,1,24.103359860634843,1,3,1,3,2,0,1,0,0
46.834259132122256,1,26.00892553685477,0,0,2,3,0,0,0,1,0
56.663838845647994,1,23.01129857877234,2,1,1,1,1,0,0,0,0
37.73509633866546,1,22.077503921890248,0,1,2,4,0,0,0,1,0
60.63547027518508,1,31.691248153810378,0,1,3,2,0,0,0,0,0
45.99041965121793,0,15.0,0,1,2,10,1,0,0,0,0
50.62459375310085,1,29.383799945771322,2,3,1,1,2,0,0,1,1
45.97440081655905,1,21.897295622771697,1,0,1,6,0,0,0,1,0
82.78417276763406,0,21.249809111784394,1,1,0,7,0,0,0,0,1
54.79754162893099,0,26.307887420327035,2,1,2,4,1,0,0,2,1
39.13433606566149,0,17.551951938244986,1,0,0,5,0,2,0,0,0
67.33817368154783,1,20.919884640268986,2,0,0,9,0,1,0,0,0
36.68734525043467,1,20.754301767435038,1,3,0,8,0,0,0,1,0
58.132953925071334,0,23.893008709074525,2,1,1,2,0,0,0,0,0
25.604948141803366,1,20.979311559196557,2,1,2,10,1,0,0,2,0
35.07720926652354,0,33.00559342819635,1,2,3,3,0,0,0,1,0
57.952918538036855,1,33.98508258248977,0,0,3,9,1,0,0,1,0
66.07699869993115,0,15.0,2,2,2,5,0,0,1,0,0
57.57052421784956,0,27.72161352382868,1,0,0,1,2,0,0,1,1
53.265275764176394,0,29.29331719538787,1,2,1,9,0,0,0,0,0
50.48344456616067,0,27.714926011955527,2,0,0,8,0,0,0,1,0
32.82217014448859,1,21.709432534541527,1,2,0,10,0,0,0,0,0
44.20233687407937,1,23.77952218920729,0,1,2,7,0,0,0,1,0
48.09041843560319,0,21.258626726111522,0,1,3,7,0,1,0,1,0
70.85683339328374,0,22.89867984420586,1,1,2,8,0,0,0,0,0
60.15427434352692,0,18.95017485666412,0,0,3,4,0,0,1,1,0
28.55439766955899,1,24.42605589182725,1,3,2,7,1,0,0,2,0
59.86125954092192,1,17.485991443474653,2,0,1,8,0,0,0,0,0
49.22376579375525,0,23.99932722885931,0,1,3,10,0,0,0,0,0
44.84616999541062,1,18.757091554501176,0,0,2,3,1,0,0,1,0
64.17514433261302,0,26.03408180895702,2,3,1,2,1,0,0,0,1
70.46499283743927,1,21.602902195285548,1,1,1,2,0,0,0,0,0
68.96920178674299,1,26.452901739372688,0,0,0,7,0,0,0,0,0
42.41173715166042,1,30.40790364182391,2,1,3,9,0,0,0,0,0
50.36181436223178,1,32.94723468052354,1,3,0,8,0,0,0,0,0
59.96895147105346,1,15.0,0,1,2,10,2,0,0,0,0
69.63317690683539,1,20.829029530631086,0,1,2,10,0,0,0,0,0
47.81238643232065,1,23.48456961443993,0,0,2,7,1,0,0,0,0
52.215115350042744,0,27.301639091907415,2,0,0,9,1,0,0,0,0
38.40497538990958,0,16.748227479227353,1,0,0,4,0,0,0,1,0
37.05690063878994,0,20.08953796599892,1,1,2,10,0,0,0,1,0
67.18788733591298,1,25.651786013285548,2,2,1,7,2,0,1,0,1
75.34360042856234,0,25.424441207633336,0,2,0,5,0,1,0,0,1
53.91984817629499,0,26.888092032100467,0,2,3,1,0,0,0,2,0
70.05299346838036,0,27.21837863444058,0,0,2,10,0,0,0,1,0
60.424540375714514,0,26.692972165579313,0,2,2,4,0,0,0,1,0
45.323203680923136,1,25.968276583157465,1,1,2,1,0,0,0,0,0
60.42093408262621,1,25.27869886663184,1,1,0,1,0,0,0,0,0
78.07054849698955,1,28.323815448621815,0,1,3,7,0,0,1,0,1
54.46260941335073,1,15.0,0,0,3,3,0,0,0,0,0
78.4696548372101,1,32.72166743485617,0,0,2,9,0,0,0,1,0
20.0,0,15.0,2,1,2,7,0,0,0,0,0
67.32853756562835,0,19.60419091547754,1,0,2,6,0,1,1,2,1
56.30570602357257,1,23.866196016749278,1,1,2,2,0,0,0,0,0
50.51488974301199,0,28.363064455449212,0,1,1,5,2,2,0,1,1
56.37641164803254,0,15.0,1,3,2,8,1,2,1,2,1
25.186466280986608,1,24.859378380290828,0,3,1,4,1,0,0,0,0
51.70492168243732,0,28.961975197078672,2,3,1,8,1,0,0,0,0
60.3566885726762,0,29.972590580142384,2,2,1,9,2,0,0,0,1
77.16841067112274,0,21.513351707512705,1,3,1,8,2,0,0,0,1
47.22594672589529,0,23.49582356522484,1,2,2,6,1,0,0,1,0
42.87259595660218,0,21.91925935553686,1,3,1,2,1,0,0,0,0
47.47364434623195,0,23.036626732369577,0,1,2,8,0,0,0,1,0
68.73103176553111,1,19.840867246357824,0,2,0,4,0,0,0,2,0
59.93126664489527,1,20.553739187645412,1,0,1,1,0,0,0,0,0
47.05359694349442,0,27.171884610141838,0,1,2,5,1,0,0,0,0
62.699011496700344,1,25.658076866363707,0,3,1,3,0,1,0,0,0
56.456163240220604,0,27.457932537952367,1,1,2,3,1,0,0,1,0
69.52967485799334,0,26.070071948504186,2,0,2,7,0,0,0,0,0
44.469203591839715,0,28.52169300573798,2,1,1,1,0,0,0,1,0
50.085067801033475,1,29.391069990774973,0,2,1,3,0,0,0,2,0
49.118377703017636,0,16.291416900669482,0,2,0,10,1,0,0,0,0
33.04727577801822,1,20.728451747928187,1,1,2,6,0,1,0,2,0
59.44180415596864,1,23.843120212549806,2,0,2,8,0,0,0,1,0
58.91582908269834,1,24.886612372563295,2,3,2,6,1,0,0,0,0
55.07670184963691,1,21.64954713090983,2,2,1,4,1,0,0,0,0
51.481192999372794,1,29.56011835494153,1,0,1,8,0,0,0,0,0
33.769438869243785,0,34.89974184145299,0,2,0,10,0,0,0,0,0
48.69032015851961,0,25.93080977790867,0,1,0,5,1,0,0,1,0
49.85928225209846,1,25.421705160991056,0,1,1,10,1,0,0,0,0
42.96584096167572,1,29.247281275521654,1,2,0,6,0,2,0,0,0
52.580714325009865,0,15.67080122398282,0,2,2,1,0,0,0,0,0
61.060762852218076,0,25.14234470219205,2,1,3,4,2,0,0,0,0
83.29278851815795,0,29.895179127337585,2,0,0,4,2,0,0,0,1
57.61866719247759,0,21.784230013994442,0,0,3,5,0,0,0,1,0
58.86325586084146,0,18.867197100490174,2,3,2,1,0,1,0,1,1
53.883311263507494,1,24.070971949501107,1,2,3,4,0,0,0,0,0
26.21843177051438,1,24.6965728339904,2,1,0,7,0,0,0,0,0
54.602291868261744,0,20.45673859042271,2,1,3,6,0,0,0,0,0
55.9034531491154,1,35.480806380254755,0,1,3,10,0,0,0,0,0
90.0,1,22.606518094960272,0,2,3,5,0,2,0,0,1
52.114585528283165,0,19.231703242867155,0,1,2,1,0,0,0,1,0
59.523210135004184,0,24.531893404646944,2,1,0,8,0,0,0,0,0
54.47932345442135,1,29.539303188522457,1,2,1,5,0,0,0,1,0
37.46982943570702,1,25.087071244991154,2,0,3,8,1,2,0,0,0
72.14234221772531,0,27.42796960022001,0,0,1,6,1,0,0,1,0
66.27899549030161,1,20.642447028334214,1,1,1,7,1,0,0,2,0
66.8654792056457,0,32.438442232017564,2,1,0,10,0,0,0,2,1
41.35918817807892,0,27.808555139592215,1,2,2,10,1,0,0,1,0
76.04191466404149,0,30.23850784438805,0,1,2,1,1,0,1,1,1
33.97223405811579,0,26.82580316237585,1,0,3,6,2,0,0,1,0
63.80285640700406,1,29.12442018864392,0,1,3,3,0,0,0,1,0
87.85683438714968,1,20.634737201613863,0,0,2,3,0,1,0,0,0
40.14195512303968,0,22.542947916552187,0,0,2,3,2,0,0,2,0
46.50553405595842,1,31.73240297778015,0,1,1,6,0,0,1,1,0
56.49477047631462,1,32.798709736419816,2,3,0,8,1,0,0,0,1
47.44786518825701,0,19.264672001404616,0,2,3,3,2,0,0,0,0
31.74004853400801,1,26.248680339319062,2,2,2,3,1,0,1,0,0
56.02844462209041,0,22.845280997573862,0,2,1,5,0,0,0,0,0
39.06544429410843,1,21.51484265317569,0,2,0,6,0,0,0,1,0
62.10388645952772,0,26.42419847677725,0,2,2,6,0,0,0,0,0
41.20863648649295,1,30.70481466182704,0,1,1,7,0,0,0,1,0
78.24901607526309,0,27.25831236642097,0,1,1,7,1,1,0,0,1
43.251200614956446,1,23.402437750404825,1,0,3,3,0,0,0,1,0
50.16907725691487,1,27.5743058996758,2,1,0,5,0,0,0,0,0
67.20275826054504,0,23.200119132095494,0,3,2,1,0,0,0,1,0
36.53703525349067,0,27.06057150365301,0,1,2,1,0,2,0,0,0
58.41189901906194,0,31.982328502278666,0,0,3,2,0,0,0,0,0
74.60714131423643,1,15.0,2,1,3,2,0,0,0,1,0
30.88775148158159,0,28.986261492700166,1,1,3,7,0,0,1,0,0
57.769507877984566,1,17.30472539214766,2,3,0,5,1,0,0,2,0
58.89824191372635,0,31.141638552722306,0,0,3,3,0,0,0,1,0
66.72734307665965,0,21.8148719506357,0,2,0,7,0,0,0,0,0
36.44573933682877,0,18.911643111967578,0,1,1,3,0,1,0,0,0
35.193150803735854,0,28.476346135443737,2,3,0,3,1,0,0,0,0
62.829123484253465,1,26.820850315712054,0,1,3,4,0,0,0,0,0
59.45477009849779,1,20.00406548519171,1,2,1,5,0,0,0,2,0
58.75739275518815,0,18.735001214158032,1,0,1,8,0,1,0,1,0
60.19672314245464,1,24.06259256254359,1,0,0,9,0,2,0,0,0
44.79962917632264,0,18.979565249144017,0,1,0,5,0,0,0,0,0
58.48380545741505,1,19.692635135381863,1,1,2,8,0,0,0,0,0
59.39608709948022,0,25.578103952107167,0,1,0,3,2,0,0,0,0
44.28472872960448,1,20.170641828724516,2,0,2,7,1,0,0,1,0
82.98661766717134,1,27.132696450132713,0,1,2,3,1,0,0,0,1
62.10749381367681,0,32.450717979417384,0,1,2,10,0,0,0,0,0
37.13044754196027,1,24.25722292549709,0,1,3,3,0,0,0,2,0
64.84830412950744,0,25.650755309927924,2,0,1,4,0,0,0,1,0
40.379774946590175,0,35.090483664177434,0,3,0,2,0,0,0,1,0
66.80626905613678,0,19.061994413113265,1,1,2,7,0,0,0,1,0
72.37893368511106,0,30.956175975903708,0,0,3,6,0,0,0,2,0
42.68976522472434,0,30.354287989562412,0,1,2,3,0,0,0,2,0
69.45064193866483,0,29.271586695868915,1,1,3,1,0,0,0,0,0
61.191713904047475,0,31.458739253663154,0,1,1,10,0,0,0,0,0
67.33090239991735,0,26.402874829793095,1,1,0,3,0,0,0,2,1
83.4518947398092,1,22.085352522003664,2,2,1,4,1,0,0,0,1
51.31917825995694,1,30.472866456102835,2,3,1,10,1,1,0,0,0
43.693957534637654,0,30.664211058564476,0,0,1,1,0,0,0,0,0
41.65728355561715,0,30.52656950746644,1,0,0,8,1,0,0,1,0
42.762845725518424,0,25.222510411596183,2,0,0,2,2,1,0,0,0
53.843474358788434,1,21.419027431933365,2,1,3,3,1,0,0,0,0
60.117279622249654,1,25.956811270558056,0,0,0,5,1,0,0,0,0
59.150361989950284,0,29.71115008783918,1,2,1,9,0,0,1,0,1
67.40774873554035,0,30.121758949299828,2,1,3,6,2,0,1,0,1
55.19502837816861,0,22.851619364627027,1,1,2,3,0,0,0,1,0
76.80301115735975,0,26.57686448063695,2,1,2,3,1,0,0,0,1
51.03014750143066,1,18.45610847757022,1,3,3,8,0,0,0,1,0
90.0,1,29.924750515029256,0,0,2,4,0,0,0,1,1
64.3850102164751,0,21.08345621637468,0,2,1,5,0,2,0,0,0
42.14263665375576,1,28.92627679785774,0,1,1,4,0,0,0,0,0
38.93661252908332,0,19.253477113049193,0,1,2,9,1,0,0,1,0
62.23708622864778,0,30.157079532170037,2,1,3,8,2,0,0,2,1
51.64805822011223,1,26.60917595011385,1,0,1,7,0,0,0,1,0
65.71000741138138,1,21.09321152191527,2,1,1,4,0,0,0,1,1
62.09856436860317,0,28.456781905402625,1,2,1,9,1,0,0,1,0
53.90756631014691,0,22.048191540973345,0,0,2,8,0,0,0,0,0
42.29809422897392,1,28.747775187225642,0,1,1,8,2,0,0,1,0
32.27729162971203,1,23.62944262309639,2,0,3,10,0,0,0,0,0
48.302275718994686,0,16.394764371851686,1,1,3,2,2,0,0,1,0
67.84598191485209,0,20.087918797595314,1,2,2,5,2,0,0,1,1
58.21140616195306,0,22.847926456563577,2,1,3,6,0,0,0,1,0
36.31391831932018,1,31.840945118742887,0,1,1,6,1,0,0,0,0
57.59771388776773,1,29.505718152646125,2,0,3,9,0,0,0,2,0
60.77976069593255,0,33.11930706161071,2,2,2,4,1,0,0,0,1
41.74213845698301,1,33.26817608014929,0,1,1,7,0,0,0,1,0
57.305876589182915,1,22.326245977045424,0,0,1,9,1,0,0,0,0
55.87313077669,0,24.057565701205853,2,1,1,5,0,0,0,1,0
37.85544553254066,0,22.94360037834731,1,0,2,6,0,0,0,0,0
60.36681040522425,1,21.642446973494618,0,2,3,1,0,1,0,0,0
63.41176789552352,1,15.792526453317707,1,0,2,7,1,1,0,0,0
71.24576864762915,1,24.92626140991579,1,1,2,5,0,0,0,1,0
70.80703078052355,1,18.572172031444445,2,0,1,4,2,1,0,0,1
34.33495948064363,0,24.829140592328365,2,1,2,3,0,1,0,2,0
40.93262440127316,0,35.57885404781492,2,1,2,1,1,0,1,0,1
62.7255290081299,1,22.453274518346458,2,2,1,5,0,0,0,1,0
62.706789263683135,0,25.973870028140336,0,1,3,3,2,1,0,1,1
62.72571529459072,1,29.533241929046415,2,0,2,8,1,0,0,2,0
90.0,1,26.401456459829536,0,0,2,4,0,0,0,0,1
63.56335766039751,1,26.46242093971148,0,3,2,3,1,0,0,1,1
72.03348460270898,0,23.1879878315596,2,1,3,1,0,1,0,0,1
69.31002645239803,1,23.840610124693836,1,1,0,10,0,0,0,0,0
64.77086876958697,1,20.19994738906086,2,3,2,2,0,0,0,1,1
50.27096133039482,1,29.23022504444704,0,0,0,10,0,0,0,0,0
66.38453830739901,0,16.29254171692952,2,1,0,2,2,0,0,0,0
43.40762178193643,0,29.85544169191101,0,0,1,1,0,0,0,0,0
51.44772089889987,0,17.981508076273787,0,0,1,8,0,0,0,1,0
47.71954678256345,0,29.813036370383262,1,0,3,5,0,0,0,2,0
56.22811209079484,0,23.230912368939094,0,2,1,2,2,0,0,0,0
89.71987850010262,1,18.840656559334597,1,1,2,8,0,0,1,0,1
26.99102211112378,1,27.89649322539818,2,0,3,10,0,0,0,1,0
65.2939028556177,1,29.643837675378876,1,0,2,5,0,0,0,0,0
30.809261932155223,1,22.809606759482314,0,0,0,10,2,0,0,0,0
47.9210220131585,0,28.603052743394667,0,2,0,5,1,0,0,0,0
71.33425895451049,1,15.0,1,1,0,2,0,2,1,0,1
55.96420028643194,0,18.397018551267,1,3,0,8,0,0,0,1,0
38.83382833106041,0,31.462044652343643,1,2,1,3,1,0,0,2,1
44.27044436110047,0,23.88165362901042,0,2,2,4,1,0,1,1,0
65.19396623402014,1,15.688933367755762,2,0,1,5,1,1,0,1,0
44.04450052424295,1,21.505669097790033,0,0,1,10,0,0,0,1,0
58.246878843729625,0,20.382997637374597,1,1,1,9,0,0,0,1,0
55.68357759855721,1,24.170191342635377,1,1,2,2,0,0,0,0,0
45.22599478591275,0,23.146245080961762,0,1,3,8,1,0,0,0,0
87.15916133987989,0,25.894658644690804,2,0,3,5,1,1,0,0,1
64.50878533477017,1,24.652669741937128,1,3,2,9,0,0,0,1,0
24.622861200135894,1,31.798696275185094,1,0,2,9,0,0,0,0,0
57.796814721541416,1,27.122742998598344,1,0,2,10,2,0,1,0,0
45.07320302847418,1,27.28835805596793,2,1,2,3,0,0,0,0,0
67.78650002194335,1,30.825785619472608,1,0,2,9,0,0,0,0,0
43.11218892350949,1,23.05615624785209,0,0,2,7,0,1,0,2,0
53.278953377996515,1,18.690612783207573,0,0,1,9,1,0,0,0,0
62.57480918470686,1,31.034851623161245,0,0,3,7,0,0,0,2,0
67.98632791255181,1,25.679208740540563,0,0,0,8,0,0,0,1,0
36.99555389416336,1,25.69675603949464,2,0,1,4,0,0,0,2,0
49.98248146238578,0,21.83335039234882,1,1,1,5,1,0,0,0,0
47.87582033258566,1,21.915723334482113,2,1,2,6,0,0,0,0,0
45.200061511394324,0,29.23361169385422,0,1,0,4,1,0,1,2,0
81.48181360421646,0,29.92327899068805,1,1,1,8,0,0,0,1,1
61.07472566441433,1,28.919117028733293,2,0,2,5,2,2,0,0,1
36.08674068497432,0,28.964808027227374,0,0,2,3,0,0,0,1,0
68.76792920582164,1,27.845147686298795,1,2,2,1,1,0,0,0,1
86.8323429551895,1,25.657613650390783,2,1,1,1,0,0,0,1,1
70.4869789082672,0,24.123101578395097,2,0,2,8,0,0,0,0,0
32.2094505106898,0,31.051619249707766,2,3,2,3,0,0,0,0,0
47.73648890700623,1,23.131395647547834,2,1,3,10,0,1,0,0,0
74.00366723779933,0,26.849896069403734,1,0,2,4,0,2,0,0,1
44.38495801571829,0,20.97993501022877,0,3,0,7,0,0,0,0,0
61.657291422193424,0,21.70350481574775,2,1,2,1,0,0,0,0,0
66.61951080144006,1,23.81922716071387,2,3,0,6,0,0,0,1,1
41.09604292632876,1,20.98030811636418,1,0,1,1,0,0,0,0,0
54.107119659073,1,28.989259127391502,0,0,1,3,0,1,1,0,0
20.0,0,18.259828742274852,1,1,3,4,1,0,0,1,0
39.63418537998565,1,25.496148116905363,1,0,0,7,1,0,0,0,0
51.2114777291026,1,25.662540484210908,0,0,2,2,0,0,1,0,0
36.28325227052726,0,15.946002108401595,2,2,0,8,1,0,0,0,0
79.48616955897452,1,22.794880897381958,1,0,3,6,1,0,0,1,1
33.54787933059051,1,26.278497690240712,1,3,2,10,0,0,0,0,0
48.39933269954524,1,27.14363996647034,0,1,2,2,0,1,0,2,0
56.96110865929137,0,23.97846395699917,0,2,2,3,1,0,0,0,0
76.61909933599173,0,28.38444102240358,1,1,1,4,0,1,0,0,1
33.46206773230841,0,24.453418713819797,1,1,3,6,0,0,0,2,0
72.4474562823244,0,25.068264560375283,0,1,2,1,0,0,0,1,0
55.1534959152938,1,26.258269344932767,0,1,2,5,0,1,0,0,0
40.27737023428074,0,29.634998143670842,0,1,2,8,1,1,0,2,0
61.93155211394906,1,21.62140998792234,1,0,3,7,0,0,0,1,0
57.98589543360205,0,22.56589063740851,2,0,0,3,0,1,0,0,0
45.99674684261808,0,21.655517541353927,2,0,1,2,0,0,0,0,0
56.04703127485028,1,23.339011419290333,2,1,3,2,0,0,0,0,0
49.220296047073596,0,32.131171290398825,1,2,0,10,0,0,1,1,0
56.70276017876872,1,27.863626596649112,1,0,2,5,0,0,0,0,0
64.9319601178157,0,19.34455127415579,0,0,1,8,0,1,0,1,0
78.79025224218029,0,21.997765172056628,2,3,1,6,0,0,0,0,1
36.43276751759726,1,26.86383612138201,1,1,2,6,0,0,0,0,0
86.995500619844,1,20.467461095336148,2,3,3,7,0,0,0,0,1
25.718683007162472,0,21.373299795926215,1,3,1,1,0,0,0,0,0
52.72322357446625,0,31.724798330870744,0,0,0,3,2,0,0,1,0
63.82475809726865,1,21.933121857634067,0,3,1,5,1,0,0,0,0
59.21487801602549,1,29.773334080146935,2,0,3,7,1,0,1,0,1
45.659507202691096,1,31.27661594765469,0,3,0,6,1,0,1,0,1
51.87816624464087,0,21.33268954415518,0,1,0,1,0,1,0,1,0
47.604985980117505,1,20.550187217214294,2,1,3,9,0,0,0,1,0
46.15952864583683,0,23.619339567594174,1,2,3,3,0,0,0,0,0
67.74403145531537,0,19.556861396631874,0,2,2,7,0,0,0,0,0
60.35523228947571,1,25.605169392513712,0,1,0,1,0,0,0,1,0
44.60635607109019,0,23.97174044073307,0,1,1,1,0,1,1,2,1
68.49399813149876,0,26.80290007943151,1,0,0,1,0,0,0,0,0
59.60949281314914,0,31.984717281164105,2,2,2,4,1,1,0,0,1
67.1929317825844,0,29.087424903851595,0,0,1,1,0,0,1,0,1
64.44443262885419,1,27.446198877061782,2,2,0,1,0,0,0,0,1
42.56507483616892,1,15.16975793516041,0,1,1,9,1,0,0,0,0
46.597284397045456,0,27.216879910511874,0,1,3,8,0,2,0,0,0
66.20940407684893,1,33.613138303522746,2,1,2,5,0,0,0,1,1
64.15555398150197,1,15.0,0,2,2,2,0,1,0,2,0
54.68647609053778,1,28.446912714878128,2,3,0,7,0,0,0,0,0
56.75991074963173,0,24.203207126217677,2,0,3,1,0,0,0,1,0
74.16497343682637,1,20.751024984885277,0,3,2,9,1,0,0,1,0
46.12642916746255,1,29.00564291955977,1,3,1,1,0,0,0,0,0
63.20646071755057,0,33.548529503036654,1,2,3,3,0,0,0,1,1
51.96711021349159,0,28.87615364418877,2,2,0,6,0,2,0,0,0
51.73478195159169,0,23.144040243692366,1,1,2,4,0,0,1,0,0
71.48165277980786,1,20.28265087795922,1,0,2,2,1,0,0,0,0
67.38124523482045,0,25.72313816894772,0,1,0,5,0,0,0,0,0
67.20264454000957,1,29.365846461907942,1,2,1,10,0,1,0,1,0
74.58218210731494,0,23.064734868831362,0,3,3,1,0,0,0,2,1
55.31505762449139,1,23.548085041746017,0,1,1,1,2,0,0,0,0
65.22929456942445,0,39.110001249191995,2,2,2,6,0,0,0,1,1
50.34599865109816,1,30.39325972979863,0,2,2,9,0,0,1,0,0
59.86249528732663,1,30.75064339196816,0,0,1,10,0,0,0,0,0
53.047854184484734,0,17.698570469705942,1,0,1,7,0,0,0,1,0
56.45493947489077,0,21.464056603532697,2,2,0,10,1,0,0,1,0
63.9273553815537,0,25.373408197271196,0,0,0,4,0,0,0,0,0
42.726689751497915,1,19.99431221057425,0,0,3,8,2,0,0,1,0
86.3858091352819,1,33.00198649444647,0,1,3,1,0,0,0,0,1
39.90973927750447,0,32.05156153295323,0,2,1,5,2,1,0,0,0
36.787170808184015,0,22.33227331307973,1,1,1,2,1,0,0,0,0
72.37166310250102,0,33.91959303303742,1,2,1,3,0,0,0,1,1
66.87494040944404,1,24.97873951640029,1,0,1,10,1,0,0,0,0
64.36179725578234,1,37.94694858694524,1,0,2,4,0,0,0,1,1
64.4251826389642,1,25.723430652625183,2,1,0,1,0,0,0,1,1
54.81629840729628,0,27.88096375164211,1,2,3,5,0,0,0,1,0
41.54118442771252,0,31.99951720584779,2,1,1,10,0,0,0,1,0
56.137068372905894,1,31.388166749039044,1,0,3,6,2,0,0,0,0
44.842574327318324,0,27.553660330679467,2,1,1,1,0,1,0,0,0
69.62679600126627,1,24.29429840278082,1,2,2,4,0,0,0,2,1
52.79413927746792,0,27.570663499965598,1,0,3,2,0,0,0,0,0
42.61754204811233,0,20.919079140619424,2,0,1,1,0,1,0,0,0
50.1792123752051,1,25.760668594320578,0,1,2,5,1,1,1,0,0
61.193971814134365,1,19.453462337510025,1,0,2,1,0,0,0,0,0
46.54413170794038,1,16.095591799598495,2,1,1,8,1,0,0,2,0
42.666694066503524,0,25.252133820697214,2,0,1,2,0,0,0,0,0
58.65530817237868,0,31.311389453358363,1,0,1,5,2,1,0,0,1
58.674498566630845,1,29.629023207980296,1,1,1,3,0,0,0,0,0
47.39585236943305,1,24.590438521371958,0,0,2,6,0,0,0,0,0
47.93442541572516,1,33.734948490877485,2,0,0,6,1,0,0,1,0
58.480749060364545,0,22.154693045767132,0,2,3,8,0,0,0,0,0
33.27873487754014,1,15.410836691009884,2,0,2,5,1,0,0,0,0
33.888043384351676,1,15.0,0,1,1,5,0,0,0,1,0
44.22333668121346,1,19.094045297021417,0,2,0,5,0,1,0,1,0
51.798292724322295,1,29.083123716311142,0,0,2,9,0,0,0,1,0
59.66361348397007,0,21.82598658266307,1,0,0,2,1,1,0,0,0
77.13034325424329,1,27.30479320928651,0,1,2,3,0,0,0,0,0
67.86489434803029,1,33.23141691791989,0,1,0,4,0,1,0,1,1
52.60092205054859,1,19.49951518711097,0,1,2,7,1,0,0,2,0
54.71475688145967,1,27.39249865897945,0,2,1,10,1,0,1,0,0
39.96205953043287,1,27.69481536327861,0,0,2,1,0,0,0,0,0
54.72230296011415,1,20.696310057634484,0,1,0,3,0,0,0,0,0
50.670120416197925,0,31.771054626225414,2,3,0,10,1,0,0,0,1
59.84077840507134,0,23.561464722252616,1,0,1,7,0,0,0,0,0
42.59153584671515,0,23.081235095434952,1,0,1,8,2,0,0,0,0
62.79019771361759,0,35.55806609208986,2,1,1,2,0,0,0,1,1
77.99108369503867,0,27.613833711833593,1,3,0,3,0,0,0,1,1
53.36859777314714,0,29.62645274842749,2,0,1,7,0,0,0,0,0
61.02567583148412,0,31.774464657609194,0,1,2,7,0,0,0,0,0
65.35215987566669,0,21.747630002703914,1,0,2,3,1,0,0,2,0
48.98169292171246,0,31.249105485268394,0,1,3,10,0,0,0,1,0
58.36138722715625,0,22.49052942501165,1,0,1,5,0,0,0,1,0
55.18888601172692,1,22.276883053308513,1,1,1,7,2,0,0,0,0
56.465141478232475,1,23.64000013845932,0,1,2,3,1,0,0,1,0
43.404853242168,0,21.889675825275226,2,3,1,8,0,0,0,0,0
55.36765261388414,1,29.110782163285815,1,2,2,4,0,0,0,1,0
62.46997436868175,1,26.336053275725277,0,2,3,7,0,0,0,1,0
76.76715411692562,0,22.543877926914437,1,0,1,2,0,2,0,0,1
69.3890623912781,1,28.37252516577411,2,0,1,5,1,0,0,2,1
87.29773686267335,1,23.62408781306827,0,1,2,6,0,0,0,0,0
43.489786556679256,1,23.359648148176618,0,1,2,1,1,0,0,0,0
68.08480955081018,0,25.243419424507717,2,1,2,9,2,0,0,0,0
57.75013008607527,1,27.317301778331085,2,0,0,9,0,0,0,0,0
87.8470439982651,0,26.9492382468871,0,1,3,4,0,1,0,0,1
42.87552571967273,1,23.18375408873585,2,0,1,5,0,0,0,0,0
42.40417236728836,1,29.23555603719701,0,1,1,9,0,0,0,0,0
46.009110318339665,1,23.888029244601718,2,0,3,10,2,0,0,0,0
23.141564135352898,1,21.725077556956403,1,2,3,2,1,0,0,1,0
47.113674674788584,0,17.659891756163244,2,0,1,5,0,0,0,0,0
43.61301007669453,1,29.915892404995105,2,3,1,4,0,0,0,0,0
57.25590679714311,1,25.06195038097004,0,2,2,2,1,2,0,1,1
60.12633963665739,0,26.054361792552573,0,2,1,2,0,0,0,0,0
83.14256258823829,1,30.229014578497576,1,3,1,9,0,1,1,0,1
69.25635757279075,0,22.612968842010922,0,0,3,10,0,0,0,0,0
46.346445165063955,0,18.128003757629358,1,1,2,8,2,0,0,1,0
41.52377992977463,1,25.34890351107609,2,2,2,10,0,1,0,0,0
62.37878757259759,0,26.539807760401477,0,0,2,10,0,0,0,0,0
35.19650189469037,1,23.685754669198136,1,1,2,8,1,1,0,2,0
82.47188148781531,0,32.36868789038085,0,1,3,8,0,0,0,0,0
72.69160181081931,0,15.0,1,1,2,5,2,2,0,2,1
47.962365218429426,1,30.600283189498914,0,3,2,4,0,0,0,0,0
29.302982063636836,0,28.95576825182113,0,1,2,10,1,0,0,0,0
75.3080856124812,1,27.283853888502296,2,0,3,3,1,0,0,1,1
53.28190232121073,1,15.0,2,3,2,2,0,0,0,0,0
73.56724467960193,1,31.41944391635134,2,0,3,10,0,1,0,0,0
31.083585118084493,1,19.867829446820572,2,2,0,5,0,0,0,0,0
46.00937465569341,1,22.461540108083067,1,3,0,8,0,0,0,2,0
55.07865549577275,0,24.147036676049655,2,2,0,5,1,1,0,0,1
55.70470890647113,1,27.037090173259877,0,1,0,7,1,1,0,2,0
48.249017927811344,0,28.19714021096275,0,2,0,5,0,1,0,1,0
64.34274898521248,1,29.464202771596483,0,1,0,10,1,2,0,0,1
38.98569355926108,1,29.07926755039258,0,1,3,9,0,0,0,0,0
52.8643077246806,1,26.26463602106563,0,0,1,8,0,2,0,0,0
56.804434475678484,1,27.079613295287952,0,0,1,8,0,0,0,0,0
62.71658251088124,1,19.546231420888766,1,2,3,1,0,0,1,1,0
65.67422317133335,1,21.24486596590489,0,1,0,5,0,0,0,0,0
38.13036862243196,1,29.47730111837416,2,1,1,9,0,0,0,2,0
31.988287438965667,0,29.186047433643406,1,1,0,8,0,0,0,0,0
74.16515232847763,0,28.618997082222105,2,2,0,1,0,0,0,2,1
59.98471017969388,0,22.42791619171736,0,2,3,9,0,0,1,0,0
43.7727019516517,1,29.552460659718477,1,0,3,10,0,0,0,0,0
78.26727963283784,0,19.19377773759821,1,1,3,1,0,0,1,1,1
56.73511951439288,0,30.386799049311364,2,0,3,5,1,0,0,1,0
72.6894577609574,0,23.695645993770547,0,1,0,10,2,0,0,2,1
56.01277722115164,1,33.42085203170316,0,0,2,1,1,0,0,2,1
85.91121887322981,1,17.392789539672577,0,2,2,8,0,0,0,1,0
81.33011263664807,0,33.81702022959261,0,0,3,2,1,2,0,0,1
51.2655377728139,0,23.19267835418269,1,0,1,6,0,1,0,0,0
69.57356426431534,0,23.10260371994128,2,2,1,2,0,0,0,0,0
64.68063924377721,0,25.974194094927984,0,0,1,2,1,0,0,0,0
75.52947336298523,0,21.514605435996515,0,1,1,1,0,1,1,1,1
40.52614809129843,1,24.638354993488466,0,3,2,6,0,0,0,1,0
65.29077189997659,1,21.311868673645726,0,1,0,5,0,0,0,1,0
70.87636730274382,0,21.494682345104064,2,2,1,4,0,0,0,1,1
28.618907703653285,0,27.434429751502858,2,2,2,4,0,0,0,1,0
37.25112231001337,0,20.49217252348242,0,0,0,9,0,0,0,0,0
24.411517333598493,0,21.159028824972587,0,1,1,2,0,0,0,1,0
50.95889748333163,0,18.136043751267955,2,1,3,10,0,1,0,1,0
65.76313383693943,0,22.480346600193304,0,0,2,7,2,0,0,2,0
77.53535578144042,0,31.55801014861961,1,0,2,5,2,0,1,2,1
56.111421706296625,1,20.770331799485156,2,1,3,10,1,0,0,0,0
79.42923318356938,1,21.341833674063793,1,2,0,9,0,1,0,1,1
34.29847812677663,1,25.969609732407676,0,2,0,4,1,1,0,1,0
29.44926340967268,0,23.146017831002368,0,1,0,6,0,0,0,0,0
54.16678451655072,1,36.14077216674825,2,1,1,2,0,0,0,0,1
60.76098173408961,1,24.187360176618718,0,1,2,1,0,1,0,0,0
54.509578778588605,0,26.67609173108686,0,2,0,1,1,0,0,0,0
23.98836849940185,0,29.71884392399661,2,0,0,4,1,1,0,1,0
53.66319940730818,1,29.622889329314255,2,0,3,9,2,0,0,0,0
35.43295749242721,0,26.166437907786896,1,1,1,3,1,0,0,0,0
65.04508823245058,0,24.194362566569993,0,1,3,3,0,1,0,0,0
60.498973691452726,1,35.12014268189628,1,2,1,7,0,0,0,0,0
40.90180320508967,1,24.501198623428667,0,1,2,8,0,0,0,0,0
47.2919962399496,0,22.791549477857597,0,0,3,6,0,1,0,2,0
39.11179717166573,1,21.770755058529907,2,0,3,1,0,0,0,2,0
54.059813540902425,1,16.36598398646622,0,3,1,6,1,0,1,1,0
69.32713480751858,0,29.108078761185816,0,0,0,8,0,0,0,0,0
40.21410930496684,1,15.0,0,0,1,5,0,0,0,1,0
62.560697732767665,0,24.971385795475395,1,2,2,8,0,0,0,1,0
47.04613572441339,0,23.975696828643073,2,1,2,1,0,0,0,2,0
43.10690751606484,1,36.19982596115724,2,1,2,4,0,0,0,0,0
53.394544600681634,0,15.841743856431869,1,1,0,9,0,1,0,0,0
39.47136516370939,0,20.494483565078216,1,3,1,10,0,0,1,0,0
46.69526041979227,0,24.319517706591753,1,0,1,5,0,0,0,0,0
37.03183161116728,1,24.01235331265416,0,1,3,10,0,0,0,0,0
84.47087699374583,1,22.252277045949775,0,1,2,10,1,0,0,0,0
55.52895327957593,0,24.595060452989163,1,0,1,3,0,1,0,1,0
44.50411738011122,1,18.702186355651293,0,1,2,3,0,0,0,2,0
58.20969866101333,0,26.785964394974695,0,2,0,9,2,0,0,1,1
53.31507925463755,1,15.0,1,1,2,1,0,0,0,1,0
51.685456007001655,0,24.871153220613714,1,2,0,6,0,1,1,0,0
64.21250050065137,1,21.998216528682132,1,1,2,6,1,0,0,0,0
66.36261565070957,1,30.081439713783176,2,2,2,10,0,0,0,2,0
47.04248278584209,1,33.77655535316652,1,2,1,8,0,0,0,2,0
46.3627263903298,0,23.34473915624821,2,1,1,8,0,0,0,1,0
50.874224542725344,1,31.953629645707153,0,2,0,1,0,0,0,0,0
20.471182528966224,0,23.419418596847947,1,1,1,7,2,0,0,0,0
32.27213406702172,1,20.16936738435455,0,1,3,10,0,0,0,1,0
75.50311401166786,0,33.729518160928095,0,1,1,1,0,0,0,0,1
79.67451570251926,0,27.603882223670034,2,0,1,8,1,0,0,2,1
51.264459406654325,0,25.02219261304907,0,2,2,5,0,0,0,1,0
63.648354445836496,0,28.43588737549324,0,1,1,2,0,1,0,0,1
59.66875231815304,1,26.371075175650837,1,1,1,3,2,1,0,0,1
90.0,1,24.65390296029241,0,0,0,9,1,0,0,0,0
71.79362367151865,1,18.36782586346002,1,1,2,2,1,0,0,0,0
53.0812361277885,1,23.647316314193667,0,3,2,4,0,2,0,1,1
40.666893390993614,1,28.116277117292363,0,2,3,7,0,1,0,0,0
30.90330519613641,0,24.386142871565948,2,1,0,8,0,0,0,0,0
58.051954538008346,0,29.51162880565193,1,1,0,3,0,0,0,1,0
43.654738820735446,0,26.918275119333945,1,1,3,10,0,0,0,0,0
33.666194356034886,0,20.609318409572964,1,0,2,10,1,0,0,1,0
45.301406736362104,0,18.40414021083938,2,1,3,9,0,0,0,0,0
38.77677994578407,0,24.214107500349158,2,1,1,8,0,0,0,1,0
80.30712452608847,0,22.37885775947706,0,3,1,6,0,0,0,2,1
68.22459635424175,0,26.68160904810843,0,1,1,8,0,0,0,0,0
54.88041038025074,1,21.40931170618635,0,1,0,10,0,0,0,0,0
77.19916208335039,0,21.923038371225616,0,3,1,8,0,0,0,0,0
56.16052461471428,1,30.26534858797456,0,1,0,3,0,0,0,0,0
42.08073698007605,1,25.74101484313949,0,0,2,7,0,0,0,1,0
77.84686115904486,1,21.486364672863537,2,1,3,8,0,0,0,0,0
63.08365065526988,0,25.0882090436751,1,1,1,6,0,0,0,0,0
39.441307685103155,0,31.894556215008414,0,2,0,6,1,0,0,1,0
52.14491982874588,0,26.468933441373615,1,0,3,7,0,1,0,0,0
41.86572619922865,0,27.96475404712565,2,2,0,4,0,0,0,0,0
34.25800403553496,0,21.238827317362787,0,2,2,10,0,0,0,0,0
68.89266321297463,1,30.132096885673,1,1,3,10,0,0,0,0,0
83.64124960705196,1,36.59051130231901,0,0,1,9,0,0,0,0,1
34.02148639271288,1,21.042661787435733,1,1,3,3,1,0,0,0,0
63.444538550358565,0,19.090530128140053,0,1,2,7,0,0,0,0,0
45.2403614631726,0,25.87771121917574,1,1,1,9,0,0,0,0,0
47.69311924352956,1,29.377525249222053,1,1,3,8,0,1,0,0,0
46.11409113641696,0,24.543051639748693,1,1,2,7,0,1,0,0,0
42.04013845480276,1,19.733968019786687,1,3,2,5,0,0,0,0,0
55.72782441917241,1,24.45707919109805,1,1,2,2,0,2,0,2,1
42.535748253834434,0,27.990461363887274,0,1,1,2,0,0,0,0,0
59.056852386697585,0,22.964840865269704,1,2,1,4,0,0,0,0,0
54.246428358262946,0,28.03627508877461,2,0,0,5,0,0,0,2,0
51.41577929700385,0,30.82355392619955,2,0,1,4,0,0,0,0,0
41.386545069376034,0,26.201153128852237,2,3,1,2,2,0,0,1,1
46.34843004147501,0,24.860261143608536,0,0,0,4,0,1,0,1,0
66.33086838738635,0,29.146719626131407,0,0,0,5,0,0,0,0,0
62.51375781436571,1,20.719495862813847,1,1,1,4,0,0,0,1,0
40.33667132802174,1,20.226450831535388,0,0,2,6,0,0,0,1,0
56.489984581438385,0,23.667138575355075,0,1,0,10,0,1,0,1,0
66.27080685057683,1,22.540602725927663,1,1,2,7,0,0,0,0,0
29.958920783179423,1,20.983290123547622,0,1,2,5,0,0,1,0,0
63.15040288569902,1,34.15234237499387,0,0,3,9,0,0,0,0,0
45.060643615812296,1,35.85996604747146,2,3,2,4,0,0,0,2,1
63.55898002889739,0,23.23147478872209,0,0,3,10,1,0,0,1,0
43.55111265186225,0,25.458594748741827,0,1,2,2,0,0,1,0,0
27.926768490032213,1,24.060785899681044,0,3,0,10,0,0,0,0,0
30.586863431752562,1,30.53749620059078,2,1,1,8,2,0,0,0,0
55.72127419992073,1,31.528227809200235,2,0,2,4,1,0,0,0,0
58.89583752582223,1,16.113681006551765,0,0,1,4,0,0,1,0,0
41.43525062343387,1,27.38005400032813,0,3,1,3,0,1,0,1,0
64.57888688166061,0,18.46589329419426,2,2,2,9,0,0,0,1,0
30.0771990659656,0,33.79136078937639,0,3,1,4,0,0,0,0,0
54.00880302029025,0,27.20124015105199,2,1,3,2,0,2,0,1,1
36.834757003563155,1,20.88325230818682,1,1,1,1,0,0,0,0,0
45.222458382967616,1,23.793393060310734,0,0,2,1,0,0,0,0,0
55.71098006974621,1,23.555113708669207,2,3,3,8,0,0,0,1,0
42.09379952074072,1,27.62556471442908,0,1,2,1,1,0,0,0,0
49.23166683655262,1,30.20956302088739,0,1,2,5,2,2,0,1,1
70.0943921382166,1,19.25896354014145,0,1,3,8,0,1,0,0,0
46.34662195715277,1,34.19377250456057,2,0,2,7,0,1,0,0,0
67.53538168097712,0,33.02845053910421,0,1,1,7,2,0,0,0,1
38.05439718013573,1,20.623382162044773,0,1,3,8,1,0,0,0,0
62.947062668729245,1,25.364008971811547,0,0,0,3,0,0,1,0,0
76.6235293098685,0,33.55404272057158,2,0,1,5,0,0,0,0,1
20.0,0,31.164592933387414,0,1,1,2,0,0,0,0,0
43.046571167942844,1,23.31628484976052,0,1,2,5,0,0,0,0,0
63.6560819077081,0,29.071699072839365,1,0,0,5,0,0,0,2,0
51.95431920935511,0,39.98599145859569,2,0,2,2,0,0,0,2,1
60.56718810056963,0,25.52579990925606,2,3,1,10,0,0,0,0,0
45.94022219926269,1,21.836758742799905,0,0,0,6,0,0,0,2,0
56.2988468120935,1,25.862099260456997,2,0,3,1,0,0,0,1,0
52.664841469118805,0,26.23276047748659,1,1,1,8,0,1,0,0,0
72.5167309248971,0,22.37731630499951,0,0,1,1,1,1,0,0,1
58.816312649518196,1,27.208125339071085,2,1,1,3,0,0,0,0,0
60.064039931128036,1,18.727994701362494,1,2,2,1,1,1,0,1,1
48.82184550816299,1,21.672330664956604,1,1,2,2,0,0,0,0,0
47.6859066389126,0,28.791223880773988,2,2,3,7,0,0,0,0,0
48.51162718270569,0,16.225645742288744,1,3,1,7,0,1,0,2,0
60.91678213567445,0,29.515837959973883,0,0,2,5,0,0,1,1,1
48.68523278769605,1,15.0,2,1,2,5,0,0,0,0,0
59.34662285344619,0,16.343377105618423,0,1,2,7,0,0,0,0,0
86.13101197968157,0,22.505106284720572,1,1,2,10,0,1,0,2,1
68.06687055147539,0,26.434319214096753,0,2,2,10,0,0,0,0,0
50.10964701748238,0,31.626318015636944,0,2,0,5,0,1,0,0,0
73.01820883245918,1,25.288113815797978,1,1,0,8,0,0,0,0,0
48.87886940467673,0,23.76723196212005,1,0,2,3,1,1,0,1,1
24.428131972332192,1,27.89790623992402,1,0,1,2,0,0,1,1,0
39.87870533623894,1,20.64550589766033,2,1,1,10,0,0,0,0,0
26.938121184612164,0,25.697075796732033,0,0,1,4,0,0,0,0,0
49.72729773938037,1,19.0027687102232,1,2,1,7,0,0,0,0,0
55.276275687843274,1,25.412952584377067,2,1,2,9,0,0,0,0,0
80.14655968412924,1,24.350818370752982,2,1,1,3,0,0,0,0,1
59.90391060646244,0,20.978660392752914,1,1,2,3,0,2,0,0,1
51.71349206786704,0,25.825203182688696,0,2,1,7,0,0,0,0,0
67.44108371775233,0,25.792748265798213,1,2,2,1,0,0,0,1,1
21.832970364881724,1,30.877270061695675,1,2,2,7,1,0,0,1,0
58.53421837162849,1,16.97183298468606,0,1,2,2,0,0,0,0,0
66.5629779083045,1,24.61975546151479,1,0,1,10,0,0,0,2,0
32.821206313302376,0,21.198688001482605,0,1,0,1,0,0,0,0,0
72.15631064810394,0,29.34881029088146,2,1,0,10,0,0,0,2,1
60.07744611241621,1,28.769560325960665,2,3,0,9,0,0,0,0,0
48.77068129148798,0,27.539399225343104,0,1,0,1,0,0,0,1,0
64.49172799159427,1,21.480833709652686,0,1,2,8,0,0,0,0,0
89.06039286706593,0,29.427352914700478,2,2,3,10,0,0,0,0,1
57.72799382587743,0,17.34934535628334,2,1,0,7,0,1,0,1,0
58.723308794505044,0,16.323446482036143,2,1,0,10,1,0,0,1,0
48.109586506896335,0,18.62064500049038,0,0,3,9,2,0,0,2,0
42.25233445802812,0,24.83262594836547,0,0,2,5,0,0,0,0,0
67.45503724816368,0,28.37582200494147,2,2,1,3,0,0,0,1,1
42.15874261136699,0,15.0,0,2,3,1,0,0,0,2,0
56.073493558290885,0,31.61371415939893,2,1,2,2,0,0,0,0,0
47.83513829852325,0,25.655560980892172,0,1,2,6,1,0,0,0,0
62.18469738619588,1,17.161138262051125,2,1,2,8,1,0,0,0,0
60.00493157930423,0,25.504734851447907,0,1,1,9,1,0,0,2,0
70.56309916386849,1,30.4626270733921,1,0,1,8,0,0,1,1,1
47.349754017178796,1,27.997205076531294,1,2,1,2,0,1,0,2,1
50.95187597059943,1,30.49536531276983,2,1,2,1,0,0,0,0,0
40.31854426326539,1,18.168766853014446,0,1,0,10,0,0,0,1,0
48.33560109885833,0,22.92997382430798,0,0,1,4,1,0,0,0,0
60.65950739567278,1,20.37653884738234,0,1,1,5,0,0,0,0,0
66.35482924968028,1,33.58790102522159,2,0,1,10,0,0,0,0,0
41.167520137335615,1,28.19681421743315,1,1,0,6,0,2,0,1,0
68.0440888015849,0,39.23504794478821,1,1,2,4,1,1,0,0,1
75.33456788207427,0,22.661952332913863,0,1,1,5,0,0,0,0,0
61.20152354835551,0,21.376628941588475,1,0,3,8,0,0,0,2,0
83.151937188371,1,24.28586680702425,0,2,3,10,0,0,0,0,0
43.39316201344641,1,31.891786107112743,0,1,1,3,0,0,0,0,0
36.33017945032874,0,23.169401553123265,2,1,1,1,1,0,0,0,0
28.31919626643582,1,25.622187989534723,0,1,2,9,0,0,0,0,0
77.44066467233775,1,25.483453514434096,1,1,1,9,1,0,0,0,0
64.81548484531086,0,25.197483806010947,2,1,3,2,0,0,0,1,0
54.16622993634317,1,21.73800769768761,2,2,2,3,0,0,0,0,0
59.1995293947973,1,24.313544660448166,2,2,2,8,1,1,0,1,0
38.11766429052435,0,24.09948699324321,0,1,2,3,1,0,0,0,0
90.0,1,24.962176701626753,1,1,0,3,2,0,0,0,1
56.93831772962841,0,29.71758409076354,0,0,2,6,0,1,0,1,0
56.64092191907339,1,33.803140173122465,0,0,0,6,0,1,0,0,0
65.88649935848038,1,20.797826186651466,1,1,1,7,1,0,1,1,0
62.2151384760507,1,23.040031876061423,2,3,1,10,2,0,0,1,1
58.35826036418697,0,20.874940507969068,0,1,2,4,2,0,0,0,0
43.142883168320324,0,25.935507686111364,0,1,3,5,1,0,0,0,0
62.072025357039934,0,22.308252712445118,1,0,0,10,0,0,0,0,0
83.2303674471255,1,26.198984168709945,0,1,2,3,0,1,0,0,1
75.18130069232467,0,30.518134552223934,1,1,0,2,1,0,1,0,1
78.89779939959095,1,15.0,0,2,0,3,0,0,0,0,0
47.33176485353222,0,27.458899448003454,0,0,3,3,2,0,0,1,0
40.15592769612129,0,22.699064755510605,1,1,0,2,0,1,1,1,0
53.11319619850528,0,27.302111339921943,2,3,0,1,0,0,0,1,0
55.835873684330416,1,20.517652811248997,1,2,1,3,0,0,0,1,0
71.41287277706422,1,30.981304941534376,2,2,1,1,0,1,0,1,1
29.61303055427771,0,29.56640309020142,0,1,1,8,1,0,0,1,0
77.9432547919092,0,27.841760742713216,2,3,0,5,1,0,0,0,1
52.629881521315156,1,28.96612858905049,0,2,1,6,0,1,0,0,0
48.5967839507887,0,21.271897664139132,2,2,1,10,0,0,0,0,0
39.81843437109749,1,21.90188122655355,1,3,2,7,0,0,0,0,0
30.17714992201346,1,28.762181004087395,0,3,3,7,0,0,0,0,0
67.34755875942872,1,21.16135428615694,0,0,1,4,0,0,0,0,0
56.09976950782606,1,32.228175233290436,1,0,2,6,1,2,0,1,1
35.65058650388419,1,23.382044643594842,0,1,1,8,2,0,0,0,0
35.57381841904576,1,27.50947194930311,2,1,0,6,0,0,0,1,0
49.96322951064808,1,35.49624759627545,0,1,3,7,0,0,0,0,0
80.0353228793409,1,21.468883229659617,0,1,2,3,2,0,0,0,1
51.10612972954593,0,25.343808754223915,0,0,0,9,0,0,0,0,0
32.45285570322841,0,30.270915823186538,0,0,1,10,0,0,0,1,0
51.313854038710836,0,29.756386944382655,1,1,1,2,1,0,0,0,0
50.90914645378494,1,23.36092344880321,1,0,3,8,0,0,0,2,0
20.0,1,22.41634781239073,2,2,2,8,0,0,0,1,0
54.18557700223282,0,23.83432033727474,0,3,1,2,0,0,0,0,0
51.53598204686983,0,32.23928883075682,2,1,0,9,0,0,0,1,0
65.44309547220128,0,23.604470718200268,0,1,1,3,1,0,0,1,0
82.73434142418017,1,25.390578462417324,2,0,3,10,0,0,0,0,0
71.89847544321637,1,22.866067645382874,0,1,1,6,0,1,0,0,1
50.96666964167754,1,28.527742823979935,2,2,0,4,2,2,0,0,1
38.40211136887494,0,25.777625187918282,1,1,0,5,0,1,0,1,0
90.0,1,19.982830946208857,0,0,1,3,0,1,0,1,1
55.888276510217324,0,20.155879429825028,0,2,0,10,0,0,0,0,0
55.20893937869419,1,15.006972167222465,1,3,2,8,0,0,0,0,0
54.638123693349954,0,20.843392954371918,0,0,1,10,1,0,0,1,0
57.971271411517826,0,28.969729018160862,1,0,3,10,0,1,0,0,0
52.834593821140864,0,31.61880269006134,1,1,2,8,0,1,1,0,0
46.39506989679646,0,28.42779181608592,2,0,1,7,1,0,1,1,0
46.79711588139412,1,27.773161003203406,2,2,2,7,0,0,0,0,0
54.50870094676002,0,24.36736975235675,0,3,1,2,0,1,0,0,0
46.84862843299352,0,28.874572774569934,0,1,0,10,1,0,0,1,0
44.30731325984253,1,26.431391115409422,0,2,3,6,0,0,0,0,0
56.596453415378456,1,34.022244859935626,2,1,2,4,1,0,0,0,1
51.17534173868717,0,24.50777342911626,2,1,0,9,0,0,1,0,0
77.55989482874033,1,31.715040418680655,2,1,1,5,0,0,0,0,1
20.0,1,29.3705704090893,2,2,0,6,0,0,0,0,0
71.37260277883692,0,28.677216431020796,2,2,1,7,0,1,0,0,1
73.69127788746444,0,15.0,2,0,0,2,1,0,0,0,0
23.89914651387776,0,29.645947807738555,0,1,1,1,0,0,0,2,0
49.85968608879477,1,24.362460105454232,2,1,2,6,0,0,0,0,0
49.428387010063126,0,22.78036752782554,2,2,3,9,0,0,0,1,0
33.88732457923268,0,17.585434794110434,0,1,1,7,0,1,0,1,0
43.33274968613687,1,24.972064330159085,0,1,2,9,1,0,0,1,0
38.34136231801257,1,25.167757984091214,0,2,0,3,0,0,1,0,0
81.28405665135435,0,18.48499039092598,2,1,0,5,0,1,0,0,1
69.03517589721191,1,17.63359913553154,1,0,2,6,0,0,1,1,0
74.07332642491238,0,27.433097400640555,0,2,3,6,0,0,0,0,0
65.82508096064853,0,29.358525655306885,2,0,0,5,0,0,0,2,1
38.06422343174156,1,25.95141454961211,0,0,1,2,0,0,0,1,0
47.132196005803394,1,30.754173248421814,2,0,3,10,0,2,0,0,0
62.34061841841877,0,24.568075078242508,2,0,2,3,0,0,0,2,0
36.66808286662082,1,24.72824362799899,2,1,0,6,0,1,1,0,0
65.69497645258582,1,20.414859856296047,0,1,1,9,0,0,0,2,0
51.39511902762798,0,17.198790112231414,2,1,3,10,0,0,0,0,0
49.377687886756036,1,34.27331066929793,0,0,1,8,1,0,0,1,0
65.66439952305237,0,30.65649525124873,1,0,1,8,2,0,0,0,0
61.6639496722906,1,18.037437164307608,1,1,1,8,0,0,0,0,0
49.585507512713804,1,25.778759539156404,1,1,1,6,2,0,0,0,0
72.38994705046372,0,24.499768444481667,2,1,1,3,0,0,0,0,1
38.78405008600154,0,23.630037634184784,1,0,2,5,1,1,1,0,0
64.23903410416395,0,22.9549107609253,2,0,1,8,0,1,0,0,0
63.89651886952576,0,26.906345734839896,0,0,2,3,0,0,0,0,0
50.35680341029015,0,29.090877627357372,0,0,1,1,1,1,1,2,1
59.89199533363177,0,27.011955845141028,1,2,1,1,2,0,0,1,1
36.23329635422046,1,24.397408128104033,0,1,2,7,2,1,0,1,0
68.86040528810352,0,24.2138664155444,2,0,3,6,0,0,0,0,0
52.22646795335516,1,29.684071584613335,2,1,3,5,1,2,0,0,1
47.15915469221441,1,27.31722469058031,1,1,0,8,0,0,1,1,0
70.73513838755333,0,25.363447315177165,2,1,1,8,0,0,0,0,0
44.43484464185861,1,24.820493511999462,1,0,2,1,0,0,0,2,0
33.873080554546604,0,26.726352548061445,0,2,2,7,0,0,0,0,0
31.650562397141442,0,22.658256557202755,1,1,2,2,0,2,0,1,0
64.0901492701846,1,29.107694086541052,1,1,3,4,0,0,0,0,0
35.793559712555755,0,19.620707190810666,2,1,1,1,0,2,0,0,0
81.32191272976547,1,22.942717451167592,0,0,2,2,1,1,0,0,1
23.771058881744167,1,28.05553047723012,1,2,0,10,1,0,0,1,0
80.44684552435058,1,19.335585933228636,0,1,3,9,1,0,0,1,0
58.16526200803928,1,17.1349572867525,0,0,2,1,1,0,0,0,0
53.549303321944116,1,25.3153883771462,1,1,2,7,1,1,1,1,1
46.826213697865754,0,16.517709227767646,0,3,3,4,1,0,0,0,0
60.987041715281066,0,18.50598222974069,2,1,2,7,0,2,0,1,0
54.435479463627274,1,28.78297059253216,1,1,2,7,0,0,0,2,0
71.54952823024783,0,23.97607371197132,0,1,3,10,0,1,0,1,0
56.7134147299306,0,31.427434748544925,1,0,0,3,1,1,0,0,1
57.25452642192816,0,18.975928295312727,0,1,3,2,0,2,1,1,1
49.54581681679216,1,24.53023817183858,2,1,0,3,2,0,0,2,0
54.14581564418399,0,26.997922766038798,0,2,1,5,0,0,0,0,0
59.61702653338089,1,19.147425349355455,0,1,1,8,0,0,0,1,0
29.347474110150618,0,30.158809522498125,1,1,1,9,0,0,0,1,0
34.77721866841431,0,27.553394415830194,2,2,2,4,1,0,0,1,0
66.14896141034072,0,16.953564566562832,2,2,0,6,0,0,0,0,0
57.562981571919124,0,24.811291018956997,0,1,3,4,0,0,0,0,0
52.24024995470981,1,26.929783681293163,0,0,1,9,0,0,0,1,0
55.2765089959809,0,22.04971663235971,1,2,1,5,1,0,0,0,0
60.21372558042506,0,17.600675472455933,2,0,3,2,0,0,1,1,0
46.90360479535958,1,26.39229394723705,0,0,2,1,0,0,0,0,0
43.32542911896531,0,36.05621475141281,1,1,2,5,0,0,0,0,0
57.93767882646522,0,23.065079504211546,0,1,0,8,0,0,0,0,0
40.32440833577452,0,32.84620590642354,0,2,2,6,2,0,0,0,0
61.12379133571708,1,21.238555891192657,1,1,1,7,0,0,0,0,0
29.461245936432395,1,26.07772817504976,0,0,3,9,0,0,0,0,0
70.43733455988465,0,28.857612654380596,0,1,2,4,1,0,1,0,1
62.08896223619564,0,24.957931670143175,0,1,3,5,1,0,0,0,0
58.840446014708135,0,23.511321755593844,1,2,2,9,2,0,0,1,0
69.74036475918271,0,28.63063760675187,0,1,2,3,0,0,0,0,0
79.98211666693865,1,34.457275576346106,1,0,2,1,0,0,0,0,1
70.21555097527195,1,26.502934623195657,2,1,2,8,2,0,0,0,1
27.386886530025322,0,22.419699117348262,0,0,0,9,0,0,0,0,0
35.806345498964475,1,24.051242213701585,1,0,1,10,1,1,0,0,0
45.62772133456482,0,37.59853822822687,2,2,1,10,0,0,0,2,0
55.3913657531625,0,25.674535581690638,0,1,2,4,0,0,0,2,0
62.76488530703685,0,22.027931507110136,0,1,2,6,2,0,0,0,0
44.11384280269802,0,19.2746604175873,0,1,2,7,0,1,0,0,0
57.80150146715617,1,15.870494529436971,1,1,3,7,0,0,0,1,0
43.66925601470016,0,26.81792136923095,1,0,2,8,0,0,0,0,0
45.82723295512078,0,28.27320996412252,0,0,1,6,0,0,1,0,0
33.900083547276665,1,23.016519100173966,2,0,0,7,0,0,0,0,0
41.151501308336435,1,24.92514790984523,2,3,0,9,1,1,0,1,0
34.724730915754996,1,19.14769145355688,0,2,0,6,0,0,0,0,0
40.36190120534001,1,25.664642324137507,2,1,1,2,0,0,0,0,0
70.80462694911759,0,27.407476602835622,0,0,2,4,0,0,0,1,0
40.759016667520854,1,22.32417866416181,1,0,0,5,1,0,0,1,0
90.0,1,33.4522633479292,0,2,0,8,0,2,1,0,1
62.39976851321334,1,20.81446836626544,1,3,3,4,0,0,0,2,0
57.77254185542311,1,26.41738302009491,0,0,3,1,0,0,0,0,0
42.1246332972818,0,29.24158609852303,1,3,2,1,0,0,0,0,0
65.50464819113488,1,24.61355249925309,0,1,0,2,0,1,0,0,0
46.36543260643339,0,24.05761590552754,2,0,3,8,2,0,0,1,0
56.83014721968042,0,17.85566924775169,0,0,2,3,0,0,0,0,0
90.0,0,31.78670747858142,0,2,0,6,1,0,0,1,1
53.559101504130254,1,24.15053399166202,0,1,2,7,0,0,1,1,0
72.23909989428513,0,27.686827124674124,0,2,0,1,0,0,0,0,1
44.45235362311169,1,28.363602439300703,2,0,3,5,1,0,0,0,0
54.47517264254557,0,21.858507539911233,2,1,3,2,0,2,0,1,1
81.56200953453265,1,24.012356978543927,2,0,1,7,2,0,0,2,1
45.59549413318349,0,31.67241175371752,2,0,1,3,0,0,0,2,0
82.18672836995393,1,19.414011671297775,0,0,1,9,2,2,0,0,1
65.61627903183214,1,35.639590373786284,0,2,3,1,1,0,0,0,1
46.56299836158598,0,21.275636073618628,1,1,1,2,0,0,0,0,0
64.48611608583282,0,19.102412716797442,2,0,0,9,0,0,0,0,0
69.58831674440094,1,25.661545103442673,1,1,1,7,0,0,1,0,1
64.32714943325794,1,36.041741321699355,0,2,1,3,0,0,0,2,1
31.446629201643155,1,15.445170322038974,0,0,3,8,0,0,0,0,0
44.09294236262697,0,24.294921407551538,0,3,3,5,0,0,0,1,0
51.287220466727426,1,27.38132508628278,0,3,1,2,0,0,0,0,0
53.88349856349931,0,25.168249792677656,2,1,0,10,0,0,0,0,0
64.31008146326018,1,26.90960835001505,0,1,2,1,0,1,0,1,1
57.66551501399881,1,21.40983458913863,2,1,2,6,0,0,0,0,0
34.96983461934848,0,22.001390770343093,2,0,1,4,1,0,0,2,0
60.70296776508945,1,24.257886764204002,2,1,1,2,0,1,1,1,1
64.15878617925735,1,19.350559560486246,2,0,0,1,0,0,0,0,0
63.396856718965594,1,24.776567992799052,0,3,1,7,0,0,0,1,0
71.21171088331933,0,23.056273531642493,2,2,2,4,0,0,0,0,0
67.50883231823356,0,22.649774074225657,0,0,1,1,0,0,0,0,0
61.88770118842655,1,26.602532062993188,2,1,1,10,0,0,0,0,0
53.94751432812029,0,15.89670253400348,0,1,2,1,1,0,1,0,0
30.08558599726013,0,23.85454948308423,1,2,2,7,0,1,0,0,0
61.44427328698879,1,36.586768828074305,0,1,0,5,0,0,0,0,0
58.115315307446664,0,19.569451568371875,0,1,1,1,0,0,0,1,0
59.0736825579306,1,31.427502482422067,2,0,3,9,0,0,0,0,0
35.84877136269536,0,25.273280604563492,2,1,1,3,1,0,0,1,0
38.784151893876064,0,21.98521095559291,1,0,2,10,1,0,0,0,0
70.79729279999356,1,18.396791702350967,1,0,1,1,0,0,0,0,0
54.406672692150174,1,25.69840982642616,2,1,0,2,0,1,0,1,1
65.22251046058936,1,32.26698552907338,0,1,0,10,1,0,0,1,0
55.42477564195692,1,23.05394427401618,2,3,1,6,0,0,0,2,0
55.446342092436176,1,24.595192876316133,1,1,1,3,1,0,0,0,0
69.07425708963997,0,30.05185425095166,1,1,3,10,0,0,0,2,1
47.25932907673939,0,26.704353956731403,2,3,2,8,0,0,0,0,0
56.44181165411475,0,17.138621101377108,1,2,2,1,0,0,0,0,0
48.06587066942436,1,25.494436079275918,1,1,2,1,0,0,0,1,0
48.482556588515266,0,32.561174553327994,2,1,2,8,1,0,0,0,0
50.36241814797041,0,24.81529406766251,2,3,2,1,0,1,0,0,1
58.33200657450569,0,15.0,2,1,2,4,0,0,0,0,0
47.818770675047844,0,26.941074957955365,1,2,1,6,1,0,0,1,0
73.83634188360281,0,24.00771780227982,0,0,0,1,0,1,0,0,1
41.580890466707444,1,15.854527930393916,0,2,3,4,1,0,0,2,0
52.196925337579614,0,16.60395954973108,0,0,2,5,0,0,0,0,0
48.40403412588738,1,29.875535716444045,2,0,2,1,1,0,0,2,1
76.704668265306,1,21.3380862720246,0,2,2,2,0,0,0,1,0
57.94832164767362,0,20.46251809632004,1,1,2,2,0,1,0,1,0
70.47766809202952,1,24.821807195341655,2,1,1,6,0,0,0,0,0
32.716594404445416,0,21.778985008400305,2,1,3,2,1,0,0,0,0
59.00575398803888,1,25.500243138888727,0,0,2,6,0,0,0,0,0
68.34446193435156,1,23.98639985281665,0,0,3,9,2,0,0,0,0
56.23425983913136,1,19.000022099531783,2,1,1,2,0,0,0,0,0
70.98220562598027,1,22.444011007193076,1,0,3,7,0,0,0,1,0
47.24067324849442,0,27.213766606545523,2,1,2,1,1,0,0,0,0
76.1402116027837,0,25.209590201193127,2,2,2,9,0,0,0,0,0
89.48347185428875,1,24.590287588040844,1,0,0,4,1,0,1,0,1
49.55742159340512,0,34.68692120589692,0,0,2,5,2,0,0,0,0
48.31746217898842,0,28.655187626927678,1,3,1,4,0,1,0,1,0
76.80076715676552,0,29.262206324106714,1,2,2,10,1,0,0,0,1
78.69358218596068,1,24.170157961025375,0,0,2,9,1,0,0,1,0
47.15709959270097,0,26.100725951756374,2,0,0,1,0,0,0,0,0
48.69719774356214,1,22.844500052371536,2,1,2,10,0,1,0,1,0
50.773230867092394,0,28.88774882762064,0,1,1,6,0,1,0,0,0
34.833242334485846,0,24.44800047950478,2,2,2,5,0,0,0,1,0
41.220220802737025,1,26.11188874465278,1,1,2,8,0,0,0,1,0
39.93788849871898,0,25.80305651077584,2,3,1,2,2,1,0,0,1
43.483036523438074,1,24.909165592972727,0,1,2,4,0,0,0,0,0
54.47972668919828,0,39.69094033577885,0,0,2,5,0,0,0,0,0
58.51322098804781,0,21.666903612526387,0,1,3,8,0,0,0,1,0
78.25750739221115,0,21.62144234920654,0,1,1,1,0,0,0,1,0
40.024689388918134,1,28.470483734058785,0,0,2,7,0,0,0,0,0
69.76483597714875,1,22.024155004624106,2,0,0,8,1,0,0,1,1
51.790167336617365,1,23.542968193255533,1,0,3,1,0,0,0,0,0
54.25804435521351,0,19.56794523322191,2,1,2,5,0,0,0,0,0
65.12229238249905,1,27.457789597012933,1,1,2,6,0,2,0,1,1
38.159169676565526,0,27.52128622242076,0,0,0,10,1,0,0,0,0
60.736146192760756,1,23.424039700382778,1,1,3,5,0,1,0,0,0
57.49678312319584,1,28.57408344240036,2,1,3,9,2,0,1,0,1
62.38676896012224,1,15.709374931332041,1,3,1,4,0,0,0,1,0
59.33752965861727,0,21.465732992428283,0,2,2,2,1,0,0,0,0
90.0,1,24.150104068945346,2,3,3,9,1,0,0,0,1
45.43390023623026,0,19.138587515485234,0,3,1,2,0,0,0,0,0
47.035045674972736,1,16.25643481290639,1,1,2,2,1,0,0,0,0
45.65289210362853,0,23.460520174807765,1,1,2,6,1,0,0,0,0
46.66784321259618,0,28.47010043530371,0,0,2,9,0,0,1,1,0
45.439193090402235,0,31.41054195713256,0,1,2,5,2,1,0,0,0
72.83524796661328,0,22.263560583973135,2,0,1,10,0,0,0,1,0
76.30756371984782,0,28.666079188107968,2,1,2,2,0,0,0,2,1
46.438805593757856,1,28.182710190378337,1,0,3,6,0,0,0,0,0
42.51466640343657,1,31.093040871672482,0,0,3,1,0,0,0,0,0
62.07123334579606,1,23.249044848229993,0,0,2,10,0,0,1,0,0
46.716654335785435,1,16.00749752407663,0,3,1,10,0,0,0,1,0
64.49397726633266,0,25.350929262113723,1,0,2,3,2,0,1,0,1
58.0438453127695,1,19.931031295151385,0,2,1,3,1,0,0,0,0
32.26383827504152,0,21.382474454689962,0,0,2,10,0,1,0,0,0
78.21257801995093,1,23.49390427973409,1,1,2,6,0,0,0,0,0
81.93816509643283,0,23.305361843254286,2,1,1,4,0,0,0,2,1
45.80816964273421,0,25.70779633447897,2,1,1,8,0,0,0,0,0
49.18447660096024,0,28.515781582098086,1,3,3,7,1,1,0,0,0
59.287980860873574,0,23.161322083620167,2,0,3,9,0,0,0,1,0
60.01685184980538,0,26.978487533040024,0,0,1,5,0,0,0,1,0
64.87816409009245,0,25.074080049652526,1,1,1,5,1,0,0,0,0
85.15306808149525,1,29.677471979392227,2,2,1,5,1,0,0,0,1
52.34579158758926,1,24.057040744468416,2,3,1,9,0,0,0,0,0
43.02554133192319,0,24.60536662112722,1,2,3,2,0,0,0,0,0
34.31021157978209,0,23.127997760005467,1,1,2,7,0,0,1,1,0
44.036049400871214,1,24.188757300207524,2,1,3,10,0,0,0,0,0
54.503095406893046,0,21.08255935827063,1,1,2,3,2,1,0,1,1
81.91836795276681,1,20.587013569282433,1,1,0,8,0,0,0,1,1
47.235830514457426,0,28.878826926413623,2,0,2,9,0,0,1,0,0
58.35681927458348,1,19.583991584076994,0,1,2,10,0,0,0,0,0
54.753656558908716,1,23.404409551510483,1,0,2,9,1,2,0,0,0
72.82589910172126,1,30.07671393135498,2,1,0,5,0,0,1,0,1
90.0,1,23.236496024981964,0,0,1,10,0,2,0,2,1
47.03696840619519,0,29.143702268427873,0,1,2,9,0,0,0,0,0
47.658408362226666,0,22.044771396365793,1,1,1,3,0,0,0,1,0
70.66241315603608,1,19.74418196824903,0,0,3,8,0,0,1,0,0
65.22837234439467,1,17.025870725495896,1,0,2,7,0,1,0,0,0
82.7006098860405,0,31.563620346363308,0,0,0,4,0,0,0,1,1
63.75892277988946,1,19.315644091827924,1,0,2,9,0,0,0,1,0
49.610618638194104,0,28.735932950625468,1,0,2,7,0,0,0,0,0
63.85982246038464,0,20.00026486603309,1,2,1,8,0,0,0,2,0
71.63055370874362,1,31.586919589699107,0,1,0,8,0,0,0,0,0
67.30723271796046,0,36.033913623075506,0,1,0,3,1,0,0,0,1
62.609110466609465,1,16.567349701548316,0,1,0,7,0,0,0,0,0
71.00012034383731,0,19.57621782920593,1,2,2,8,0,0,0,1,0
72.5394338566851,0,28.865659319016125,0,0,2,3,2,0,1,0,1
75.7323848655629,1,27.565214616829074,2,2,1,9,0,0,1,0,1
64.73064831384464,1,28.884609273800958,2,3,2,10,0,2,0,0,1
52.493228795247184,0,22.13122224797812,0,0,3,4,1,0,0,0,0
57.20070529649984,0,34.93767080511684,0,1,2,10,0,1,0,0,0
73.09763449762535,0,25.590247333448872,0,0,2,7,0,0,0,0,0
42.74596493519146,0,18.915187115782402,1,0,1,8,1,0,0,1,0
60.53009963309352,1,23.734257499785276,0,0,0,8,2,1,0,0,0
49.09991781508959,1,18.982165518855837,0,2,1,5,0,0,0,0,0
55.431172344022265,0,32.95470679277052,0,1,2,7,0,0,1,0,0
74.17677793910948,0,21.69834368599942,2,1,2,8,0,0,0,0,0
57.86648602029855,1,27.46241742372311,1,1,3,2,0,0,0,1,0
55.69654822234223,1,22.6466342750891,2,1,2,10,0,0,0,1,0
34.60215788530121,1,21.923063451187435,0,1,1,4,0,1,0,0,0
66.19380349040831,1,15.448729093594746,0,2,2,6,0,1,0,0,0
64.68226271711613,0,27.990873014952836,0,1,0,9,1,0,0,0,0
87.4488208495819,0,31.49590626314592,2,1,3,2,0,0,0,0,1
50.38332647570499,1,20.42016209317424,0,1,1,7,0,0,0,0,0
58.287254914959085,1,17.273854425006643,1,3,0,2,1,0,1,1,1
58.74075525566133,0,29.016580213689146,0,2,0,10,0,0,0,0,0
78.66179919645211,0,16.768793254468747,2,0,3,2,1,0,0,2,1
53.57056701419572,0,31.097664679741293,0,1,2,1,0,0,0,1,0
59.185322886555085,1,20.4780243852269,1,0,0,9,0,0,0,2,0
64.11844764574809,0,19.483536285876866,2,3,1,6,1,0,0,0,0
57.79913684734537,0,26.242312105656456,1,1,1,2,0,0,0,0,0
48.30349578174208,1,19.809303574942813,1,0,0,10,0,0,0,2,0
57.911349893474615,0,21.464444593533955,1,1,0,4,1,0,0,2,0
71.10447624789659,0,26.769909663355033,2,1,2,4,0,0,0,0,0
39.602270508834096,0,15.0,0,1,2,7,0,0,0,0,0
56.99454511220314,0,33.21209622964161,0,0,3,7,2,1,0,0,0
44.4981877759124,0,25.21820066232869,2,0,0,4,1,0,0,1,0
72.92569943387264,1,18.53516993798236,1,0,3,5,0,0,0,0,0
32.15219642824338,1,19.913773153565792,2,0,1,9,0,1,0,1,0
46.61617229092617,0,29.95823189130401,1,1,1,6,0,1,0,0,0
60.658178125967815,0,28.00526467537052,1,2,0,2,0,0,0,0,1
78.4828604385151,1,31.933903286426055,0,0,3,2,0,0,0,0,0
54.01374608390518,0,21.586285775978826,2,0,3,3,0,0,1,0,0
46.67200709960203,0,26.482919185754014,1,2,3,7,0,0,0,0,0
83.21735604160885,1,27.132839558918388,1,2,0,2,1,0,0,1,1
33.279791493756335,0,28.476337501261185,0,1,3,1,0,1,0,0,0
22.017910650698774,0,30.63640561716035,2,0,2,4,1,0,0,1,0
61.60021675079999,0,21.413680470778264,0,2,0,10,1,0,0,0,0
47.46918663471083,0,24.429148661197598,0,0,1,7,0,0,0,0,0
39.681507743039305,0,21.949251272099275,2,3,2,5,0,0,0,1,0
65.6253467094903,0,24.736940633218122,2,2,3,7,2,1,0,0,0
58.65701070656798,0,28.492163910314876,1,1,3,7,0,0,0,1,0
46.538820538949075,1,16.72982249869649,2,0,2,7,0,0,0,1,0
35.79543401993658,0,30.546857847296426,0,0,2,1,0,0,0,0,0
68.08685992420217,0,19.30408937868125,0,3,2,8,0,0,0,1,0
64.75301766937991,1,23.46314840151384,1,2,2,6,0,0,0,2,0
53.51236204330926,1,31.21970962483062,0,1,0,6,0,2,0,0,0
82.69955494071499,0,26.640048589917026,2,0,2,10,0,0,0,0,0
38.94872850510771,0,26.697649741318298,2,1,1,4,1,0,0,0,0
32.117122436128916,0,19.096869773524446,0,3,1,9,0,0,0,1,0
44.62137895178133,1,19.779570320880797,2,2,0,10,0,0,0,0,0
54.31620975466753,0,29.706281983344596,0,0,2,9,0,0,0,0,0
58.65009173984038,0,22.05428227257805,1,1,0,6,1,0,0,0,0
51.38145913215505,0,22.525440633500754,2,0,3,9,2,0,0,0,0
60.28083094771445,0,29.81975625527356,2,3,2,1,0,2,0,0,1
36.22690863714334,0,19.750432273152363,0,1,3,7,1,0,0,0,0
76.65646906109889,0,26.34617566443129,0,2,1,9,2,0,0,0,1
53.76773232411147,1,25.214536630838456,0,0,2,5,0,1,0,0,0
71.75943747382192,1,24.986571370683787,1,0,3,6,2,0,0,1,1
60.14088019566556,0,22.40782184061248,1,1,1,6,2,0,0,0,0
61.85129828730676,0,22.100724092683357,0,2,0,5,0,0,0,2,0
63.546509203483055,0,19.608179181025672,1,0,2,10,1,2,0,0,0
61.715628400259725,0,27.413325130206534,2,1,1,9,0,1,0,1,0
64.64084139801315,1,21.65925404241632,1,1,1,5,2,0,0,0,0
74.93728795198646,1,29.843723105836258,0,2,3,3,0,1,0,2,1
57.94781754552205,0,23.877224792046736,2,1,2,6,0,0,0,1,0
65.63505636382769,0,19.707747552894812,0,0,1,6,1,0,0,1,0
53.6539645856916,0,23.810930589257897,2,1,0,1,1,1,0,1,1
76.6017582317421,1,22.94571400431763,0,2,0,4,1,1,0,1,1
44.85411546911095,1,30.045517058640264,1,2,1,10,0,0,0,2,0
82.01410649366224,1,23.154999053742337,1,1,1,10,0,0,0,0,0
54.39763074033485,1,23.61894809399837,1,3,1,1,1,0,0,0,0
33.53837346822928,0,32.057733527462176,1,0,0,6,0,0,0,0,0
56.92156622366184,1,27.541336607316744,0,1,3,2,2,0,0,0,0
44.78422513787679,1,33.313530080017486,1,2,2,5,1,1,0,1,1
67.60965323483086,1,31.295225020319524,1,0,0,3,0,0,0,0,0
45.210640310464136,0,20.564187058185727,0,3,2,6,0,1,0,1,0
48.307248501778304,1,29.94975427200054,2,1,0,9,0,0,0,0,0
26.656889035817034,1,32.626516460372954,2,1,2,3,0,0,0,0,0
48.21540521126385,1,32.6640656616171,2,0,2,9,0,0,0,2,0
20.0,1,29.940479917883437,1,0,3,5,0,0,0,0,0
31.24145764771415,1,29.83761497454588,0,1,1,2,1,0,0,0,0
66.40621984216446,1,23.48669478162225,1,1,0,10,0,0,0,0,0
66.78700237976248,1,20.813089578252125,2,0,0,10,0,0,0,0,0
61.38186342677447,1,23.238913405512715,0,2,0,10,1,0,0,0,0
40.495357853061805,0,16.676054992836185,1,0,3,10,0,2,0,0,0
54.2843296578703,0,31.713976577108525,0,2,2,9,0,0,0,1,0
54.945961913641476,0,23.58353520291144,0,0,3,3,0,0,0,0,0
37.624529662111854,1,31.4566536453248,0,1,1,9,0,0,0,0,0
77.55097452650726,1,18.842502113892003,2,1,3,6,0,0,0,1,0
68.16043435863507,1,30.413124605011053,2,1,0,1,0,0,0,0,1
51.68553739255504,0,22.525596709103404,0,2,3,1,0,0,0,0,0
55.40328758491796,0,18.57815295845413,1,3,0,3,1,0,0,1,0
58.125742119213285,0,33.13559026079879,0,1,2,5,2,0,0,1,0
24.373976973635642,0,30.53655834670387,1,1,1,6,0,0,0,0,0
51.29233926219105,1,26.058962100928923,2,1,0,5,2,0,0,0,0
44.77023628003302,0,25.169689425674814,1,3,2,8,2,0,0,0,0
39.975699851576266,1,27.19755009409559,2,2,3,6,0,0,1,1,0
50.78349560671067,1,25.973142889587056,1,1,2,2,0,0,0,1,0
81.96529790274283,0,21.038620229142644,1,1,1,5,0,0,0,0,0
64.61264291900514,1,22.93973865107539,1,0,1,7,0,0,0,0,0
46.432315153258045,0,34.80358916019351,2,2,0,2,0,2,0,1,1
63.58874172034238,0,38.360783713140066,1,2,3,5,0,0,0,2,1
75.99033154879004,1,32.81334252615341,2,3,0,5,0,0,0,1,1
68.86950524369153,1,27.391119700813118,2,1,3,8,0,0,0,0,0
55.89445554880261,0,23.311254836490324,2,1,2,9,1,0,0,2,0
45.295948334416394,0,21.00907053051517,2,1,2,3,1,0,0,1,0
65.47334970420386,0,21.33858794784899,0,1,3,4,0,0,0,0,0
60.90228078132624,0,22.233661706566195,1,1,2,9,0,0,0,0,0
68.42789830041599,1,35.75582020712885,1,2,1,9,2,0,0,1,1
64.52757702522955,1,34.031411481913,1,0,1,3,2,1,0,1,1
70.74329072979003,0,28.73139194967697,2,0,0,2,1,0,0,0,1
46.97147182659148,1,20.196934117935868,0,2,1,7,0,0,0,0,0
74.76091098451488,0,29.465279633555184,0,3,0,4,0,1,1,0,1
57.96399407038599,0,23.806914857446973,2,1,2,3,1,0,0,0,0
86.12891308937898,1,15.0,0,2,0,2,2,0,0,0,1
44.66218272865648,1,26.435503187006297,0,2,3,10,1,1,0,0,0
81.03945704747875,1,20.790434795829725,0,1,2,8,1,1,0,1,0
57.96866175193972,1,20.959732854549813,2,0,3,7,0,0,0,0,0
45.22872994578327,1,23.747960032159963,1,3,0,5,0,1,1,1,1
47.741712489185176,0,22.508385135287934,2,3,2,7,0,0,0,1,0
50.1947903770852,1,24.82871590447996,0,1,3,1,0,0,0,0,0
61.36248919602875,1,24.588347249913973,2,0,0,9,1,2,0,0,1
62.84253232053249,0,15.620954535761843,0,2,3,8,1,1,0,0,0
46.394499940921314,1,32.601389944414166,0,2,1,4,0,0,1,0,0
54.634681116085254,0,20.083116385256602,1,0,1,1,0,0,0,1,0
87.13405537917795,0,20.238008074347633,0,0,1,4,2,1,1,0,1
80.91314755151066,1,23.357233741048514,0,3,0,1,0,0,0,0,1
61.54485504511048,0,24.45832576315353,0,0,3,6,2,0,0,0,0
55.570052172523006,1,32.2948990841592,0,0,1,8,0,0,0,0,0
56.80046990077392,0,26.347117260274505,2,1,2,5,0,0,0,1,0
64.20276959095625,1,27.83232742054767,0,0,2,9,0,0,0,0,0
39.658111522023916,0,26.372680937916407,2,0,2,10,0,0,0,1,0
51.139351938649824,0,26.157307912493863,2,1,1,2,0,1,1,1,1
29.97123889183616,0,26.548647515435043,0,0,2,2,0,0,0,2,0
60.98834683907919,1,15.336329287155307,1,2,0,4,0,0,0,1,0
64.70793909554112,1,23.750407575802356,1,1,2,6,0,1,1,1,1
47.75220306550939,1,30.811305552855785,2,0,3,6,1,1,0,0,0
78.6098014493505,0,40.0,2,1,0,6,0,0,0,1,1
36.61351505496488,0,18.97845533730245,1,0,0,6,1,1,0,0,0
33.0343767968527,0,27.115399801621763,0,0,2,1,1,1,0,0,0
58.36677727839958,1,22.14476711062829,1,2,0,1,0,0,0,0,0
70.70647453918232,0,35.238259519484245,2,0,0,3,0,1,0,1,1
80.25891537186803,1,18.231086196042593,2,1,0,2,0,0,0,0,1
48.1167360569659,1,28.124697451579397,2,2,1,7,0,0,0,1,0
71.18021250146944,0,17.963944502479052,1,1,1,6,0,0,0,0,0
54.422372957489394,0,23.407166659695836,0,1,1,5,0,1,0,0,0
52.41059050088771,1,24.828433346250954,2,2,2,8,0,0,0,1,0
68.25489906230008,0,30.34845840869804,2,2,2,2,0,0,0,2,1
64.78484317620129,0,19.614165869207362,0,2,3,7,0,0,0,2,0
31.354117645236258,0,28.316915244236927,0,1,2,10,1,0,0,0,0
77.14810524588844,1,25.093888616939736,1,3,1,4,0,1,0,0,1
75.70137031221176,1,26.3639669314299,2,2,1,3,2,2,0,0,1
45.61655947735706,0,29.791663573425705,0,1,2,1,0,1,0,0,0
60.93705300156114,0,18.587216534973564,0,1,3,10,0,0,0,0,0
62.41045279424108,0,29.05297486574296,1,0,2,2,1,0,0,0,0
58.910106487358604,1,22.155475734552876,0,1,1,7,0,0,0,2,0
46.7454226923187,0,30.47936727488413,0,0,3,3,2,0,0,0,0
44.92564948092922,0,26.6727881726894,1,0,2,5,1,0,0,0,0
54.61668893512832,1,23.952358092414723,2,0,0,3,0,1,0,1,0
72.59093528889048,1,22.049870154545893,1,1,2,7,0,1,0,0,0
63.15400231891648,1,29.116474971776654,1,1,1,4,1,0,0,0,1
49.44078501870841,1,31.304758427404636,1,1,1,8,1,0,0,0,0
66.57548065972517,0,22.335742295699077,1,1,1,10,0,0,0,1,0
20.0,0,19.334967171093016,0,2,0,8,0,0,0,0,0
72.23148550558156,0,28.471055214726128,0,1,2,4,0,0,0,0,0
28.904293318328506,0,17.7573452898315,0,1,3,2,1,1,0,0,0
49.563385878953014,1,18.47243781208514,2,0,1,7,1,1,0,1,0
38.20495158060784,1,19.686498622360503,2,2,1,1,0,0,0,0,0
35.57977786418641,1,22.922747584806253,1,1,1,9,1,0,0,0,0
72.41240181067779,0,18.318340553922773,2,2,3,5,2,0,0,2,1
47.98448198032163,1,15.30600045309211,2,0,0,10,0,0,0,2,0
60.197558225960734,1,19.322779028314386,2,1,3,4,0,0,0,0,0
54.29619131681224,0,28.212372232863093,0,0,3,4,0,0,0,2,0
62.15561240834682,1,18.642279639366166,2,0,2,9,0,0,0,1,0
56.15232836590383,0,23.29865161022915,1,1,0,1,1,0,0,0,1
35.755116637171454,0,34.73349231182781,2,2,1,4,0,1,0,1,1
69.94400229170711,1,24.75412934986455,0,1,0,6,1,0,0,1,0
47.593651252580315,1,26.712654948647966,1,1,1,8,0,0,0,1,0
31.651271520103734,0,20.269799908742236,1,2,3,2,0,0,0,0,0
48.578272585511314,0,35.817374268500714,2,0,0,8,0,2,0,0,1
77.51139685951466,1,22.293527554307857,2,1,1,9,0,1,0,1,1
67.7533261317024,1,23.859476577742416,0,1,2,8,0,1,0,1,0
49.77021798388211,1,31.58529338983682,0,1,3,5,2,0,0,1,0
49.76113443522357,0,24.091328775731906,2,1,1,1,1,0,0,0,0
50.17547423173926,0,25.239443913376075,1,0,2,6,0,0,0,2,0
86.15121975341262,0,23.591558396054353,1,1,2,1,0,0,0,1,1
60.7290317834733,0,23.625838109713865,2,3,2,4,0,0,0,0,0
61.45062470786604,0,26.85251005414046,2,3,3,9,1,0,0,0,1
70.45425181047763,0,27.764715945990528,0,1,0,5,0,0,0,1,1
58.581837385397705,1,21.783757843937163,1,1,2,7,0,0,0,1,0
51.11436781268945,0,21.16959771926535,2,0,2,9,0,0,0,1,0
52.05475226372533,1,21.954319555712182,2,1,3,4,0,0,0,1,0
53.92598110878904,0,17.99372992900116,0,2,0,5,0,0,0,0,0
54.44166645235238,0,17.047848707403514,0,1,1,6,2,0,0,0,0
65.9144431545547,0,26.48583573612454,0,2,0,1,0,0,0,0,0
55.77918828710949,0,29.692979015875558,2,1,3,10,0,0,0,0,0
65.98960115823368,0,29.355226465726087,1,1,3,5,1,0,0,0,0
53.78925129837126,1,15.0,1,0,1,10,2,0,0,1,0
56.17952785474136,1,23.774674564783695,0,2,0,4,0,1,0,1,0
25.026989732018386,0,19.489540222037206,0,3,0,1,0,0,0,1,0
68.74491512053723,0,25.718687189104283,1,1,2,4,2,0,0,0,1
60.19732713846989,1,22.910882405953096,1,0,3,5,1,1,0,2,0
69.97015164789478,1,27.959559531222943,1,3,3,9,0,0,1,0,1
20.0,0,24.904234547993294,0,0,2,1,0,0,0,1,0
86.32562057171091,1,15.519990525410554,0,1,1,6,0,0,0,0,0
52.90615557767239,1,20.164570636002296,2,0,3,8,0,0,0,1,0
71.62274225106275,1,25.028925574133268,0,0,3,9,1,0,0,0,0
39.401411093117034,1,25.45055214615543,2,0,1,5,0,0,0,1,0
64.19160857593855,1,17.97161596147999,0,1,2,2,0,1,0,1,0
39.198766552395156,1,17.317701482269392,0,1,1,1,0,0,0,0,0
45.64346558956292,0,25.281226687865896,1,1,2,5,0,0,1,0,0
83.71047030800179,1,17.981663469747364,2,1,3,3,0,1,0,1,1
52.1397639885498,1,16.65685286749607,0,1,1,6,2,0,0,1,0
58.26149309769584,1,22.77429743684329,1,2,2,9,0,1,0,1,0
68.05101596033131,1,22.557769543306744,1,3,2,1,2,1,0,0,1
62.43522831958907,0,20.607997613303496,0,0,3,4,2,0,1,0,0
57.256283577153646,0,21.481315216375187,0,0,0,4,1,0,1,0,0
60.47441503699338,0,25.069178616111973,2,1,2,7,0,0,0,2,0
90.0,0,21.399185481600902,0,0,0,2,0,1,0,1,1
54.13571804449622,0,25.353485108324197,1,2,1,8,0,0,0,0,0
58.016485700724516,1,23.09765731941333,2,0,1,6,0,1,0,1,0
70.75981594011418,0,25.83825077693328,0,1,1,4,0,0,0,0,0
71.58288899436975,1,29.391027827183226,0,0,3,3,0,0,0,0,0
72.8054545834057,1,29.196239226952976,0,1,0,10,0,0,0,0,0
64.58095333043777,0,31.441052355330417,0,0,0,7,0,0,0,1,0
37.854926309042746,0,29.1907344844858,0,2,1,9,0,0,0,1,0
79.50147298451644,1,26.192787657709022,1,3,1,2,0,1,0,0,1
37.804819104719684,1,22.832841811799277,2,1,0,8,0,0,1,0,0
59.5395319785855,1,23.06119538591888,1,0,3,2,1,0,0,0,0
43.68586224970963,1,20.61111346782095,2,1,2,6,0,0,0,0,0
54.03792480110511,1,25.02264645525779,0,1,3,8,1,1,0,0,0
59.93143615455221,1,28.486937393559675,0,0,2,1,0,0,0,1,0
59.8203582317541,1,21.371661985584897,0,2,2,7,1,0,0,0,0
61.32881131352927,1,24.81391070668113,0,0,3,9,0,0,0,0,0
79.20566903587971,1,21.613188856391155,0,0,3,6,2,0,0,0,0
61.803014522709695,0,26.046771650938073,1,1,0,6,0,0,1,2,1
51.33765047064027,1,22.25308308025025,2,0,3,9,1,0,0,2,0
69.46130752432536,0,21.302447143529736,2,1,2,2,0,0,0,1,0
72.8420573338696,1,21.600166525339873,0,0,1,4,1,0,0,0,0
36.58588277294511,0,27.516643869227835,2,2,2,8,0,0,0,0,0
63.96100104774787,0,24.516252973348227,2,1,1,5,0,2,0,0,1
65.51759113466348,0,22.85789134999982,0,1,1,9,0,2,0,0,0
50.53654744960012,0,26.307022512736054,0,0,3,3,0,1,0,1,0
75.6356021996743,0,22.927418912661746,2,0,0,6,0,0,0,0,0
52.7491661945121,1,30.632589468428517,1,1,0,6,0,1,0,0,0
56.88364680207313,0,20.130669231533716,2,0,3,3,1,0,0,0,0
52.40392263574196,0,24.065142435913593,1,1,1,6,0,0,0,1,0
55.23368571372201,0,17.976173891664995,0,1,1,1,0,0,0,0,0
38.55587369657197,1,23.26562804054953,0,0,3,5,1,0,0,0,0
33.39923676108559,0,16.60182251146685,2,2,3,2,0,0,0,0,0
78.91757594837458,0,28.73158261279563,0,3,0,8,2,0,0,2,1
42.29557977522508,0,28.832518835027894,0,1,1,7,0,0,0,1,0
40.129114758155396,1,28.92085086862238,1,3,3,7,0,0,0,1,0
22.699148295944276,0,25.14436240087234,0,2,0,10,0,1,0,0,0
45.41557378465747,0,20.60064797644954,0,0,2,4,1,0,0,2,0
35.153653098887524,0,20.998296839820252,1,0,1,2,1,0,0,0,0
79.63022740204553,1,32.650860276102605,0,1,2,3,0,0,0,0,1
70.1472563401395,0,32.17838551899898,1,1,0,10,0,0,0,1,0
44.67774482233414,1,25.612775784753858,0,1,2,4,2,0,0,0,0
88.78653708016463,0,22.421829829598366,1,1,0,3,0,0,0,0,1
69.72648230487391,0,31.843117113492553,0,1,1,3,0,0,0,0,0
50.12752924737066,0,21.52748419307595,0,1,0,1,0,0,0,0,0
20.0,0,26.144246040479537,2,0,1,1,2,0,0,1,0
89.36413858886112,0,31.759786526992293,0,2,3,8,0,0,0,1,1
34.15641299854606,0,20.818307501676863,0,3,3,8,0,0,1,0,0
30.319018795646624,0,29.14611792818556,1,2,2,1,0,0,0,0,0
70.3385564801446,1,27.60280397921935,0,0,2,4,1,0,0,0,0
90.0,1,24.802417288842197,0,0,1,2,0,0,0,0,1
75.76409227765777,0,20.032832004334423,1,1,1,1,0,0,0,0,1
63.45863680078539,1,21.37780119948362,2,3,1,2,0,0,0,0,0
63.92131512497929,1,26.447255364253294,2,2,2,1,0,0,0,2,1
67.80123338170462,1,17.883316025593068,1,1,1,5,0,0,0,0,0
66.38392884680148,0,25.65371929509125,1,0,3,10,1,0,0,1,0
59.21787135954064,1,27.705254920308317,2,2,2,6,0,0,0,0,0
56.56301655927814,0,29.9261008640455,0,2,3,8,0,0,0,2,0
54.06110308150716,1,18.008214627698887,0,3,1,10,0,0,0,0,0
43.690531166999854,0,31.581236485806368,1,1,2,8,0,0,0,0,0
50.78987384699839,0,33.476817470899675,1,1,1,4,0,0,1,0,1
29.605647787069216,0,27.050757838567968,2,1,2,3,1,0,0,0,0
53.52490559807875,0,19.809757092876698,0,3,3,5,0,0,1,0,0
40.17113339273624,1,23.359453558198794,0,1,0,8,2,1,0,0,0
38.44616024176344,0,24.762013774407464,2,0,1,5,1,0,0,1,0
57.698412267302174,1,26.352317543652784,1,1,1,10,0,0,1,1,0
75.880034295169,0,25.10990776321801,1,2,3,7,0,0,0,0,0
68.7747490900347,0,26.405825714473085,0,1,0,4,0,1,0,0,1
31.442490945652345,1,24.546266213304385,0,1,3,2,0,2,0,0,0
40.15557795144494,1,26.325535472561217,0,2,1,9,0,0,0,2,0
69.11156781982324,0,22.69738289419343,1,1,3,10,1,0,0,0,0
40.26268909692536,0,23.309066415087656,2,0,1,2,1,0,0,0,0
51.63050275004463,1,22.11987414761666,2,2,1,2,0,0,0,0,0
63.25078148536828,0,34.58629767252036,1,1,2,8,0,0,0,1,0
40.47483317704547,1,32.31950393087161,2,3,3,10,0,0,0,2,0
56.580632592189396,1,27.77647095006808,1,3,1,6,0,2,0,1,1
34.989617576226934,0,31.626544986338693,0,1,2,5,0,0,0,0,0
45.9794853407318,0,28.992306694889415,0,3,0,3,0,0,0,1,0
59.79672901213806,0,25.906355797570278,1,1,3,7,0,1,1,0,0
31.105093997024962,0,17.47214329490158,0,1,0,8,0,0,0,0,0
61.607121069405984,1,23.6891803993743,1,0,1,9,0,1,0,0,0
54.70543301609978,1,23.324810539908242,2,0,1,2,2,1,0,2,1
63.28734931625722,1,19.334624134539215,0,2,0,8,0,0,0,0,0
58.358712010969924,1,17.56918862696692,0,2,1,5,1,0,0,0,0
75.46210644960766,0,27.463596732835125,0,1,1,1,1,0,0,0,1
56.87836753971861,1,26.622521611854065,1,1,2,10,0,0,1,0,0
48.558916883121206,0,19.16301509966194,0,1,0,7,0,0,0,2,0
56.83446254548426,1,21.270607467819055,1,2,1,7,1,1,0,1,1
63.14947043554582,0,30.806111365770818,0,0,3,10,0,0,0,0,0
55.732901054885566,1,20.611517432417198,1,0,3,3,0,0,0,1,0
55.608875368058236,1,25.853994519669012,0,2,1,3,1,0,0,1,0
44.47012468289867,0,24.051108502160094,2,3,1,4,2,0,0,0,0
45.05648623673578,0,27.531817355310313,1,0,0,5,0,1,0,2,0
33.96092092300459,1,20.719461736717847,2,2,3,5,2,0,0,0,0
81.24365114780409,0,25.450417387700536,2,1,3,5,2,0,1,1,1
36.34205146913072,1,25.843612886729385,1,0,1,6,0,0,0,1,0
44.60642203306139,1,26.150904031146098,0,2,2,1,0,0,0,1,0
44.22389101646204,0,25.395369289813065,1,2,1,7,0,0,0,1,0
68.42386565416662,0,26.723046602970552,1,0,0,4,0,0,0,0,0
50.57575482561958,1,35.958851660254055,1,1,2,5,0,1,0,0,0
73.716131090106,0,37.80648888385553,0,2,1,8,0,0,0,0,0
44.897640636341976,0,21.80391929606639,0,0,2,8,0,0,1,0,0
59.18491243335703,1,15.0,0,1,2,5,1,0,1,0,0
42.46979420110364,1,27.977476503609868,0,0,3,3,1,0,0,0,0
87.17723691660083,0,25.931262299506333,2,1,1,10,0,0,0,1,1
37.18602371455731,0,30.3052092959179,0,0,1,8,0,0,1,0,0
59.64731065340541,1,26.424429498576586,0,1,1,2,0,0,0,0,0
64.50665321398148,1,25.293019697628594,2,0,1,9,0,0,0,2,0
61.20698646177247,1,30.644532979386113,2,1,2,6,0,0,0,0,0
52.220685116834375,0,31.34390294206921,1,0,3,10,0,0,0,1,0
53.05268950399861,1,18.06719970609501,0,2,0,4,1,1,0,0,0
55.657172079686646,1,20.91696906430208,0,1,3,4,0,0,1,0,0
52.79496997557267,1,24.472035203556608,1,0,2,3,0,2,0,0,0
69.45818675192365,1,25.49218811962292,0,3,2,5,1,0,0,0,0
88.15784502387027,0,23.870083983238757,0,2,3,6,2,0,0,1,1
46.637623224882496,1,27.17103588930943,0,1,2,10,0,0,0,0,0
34.45295530631383,0,29.9805239465855,2,1,0,3,0,0,0,2,0
53.67576927473118,0,33.61354855360364,0,0,2,9,0,0,0,1,0
90.0,1,27.8945651188645,1,3,3,8,0,0,0,0,1
42.944881480454036,1,20.73833160773445,2,0,0,6,0,0,0,0,0
79.58675208166102,1,24.26311887401091,1,1,0,5,0,0,1,2,1
80.1655122111466,1,24.623238793702214,0,1,0,3,0,2,1,1,1
46.69617637438008,0,27.573201199905796,0,3,1,3,2,1,0,1,1
63.534746187779135,1,26.94084016716971,2,1,3,8,1,1,1,0,1
79.42594934692806,0,35.25198325555755,0,1,0,6,0,0,0,0,1
49.313083885187694,1,22.692434323725458,1,2,3,10,0,0,0,2,0
51.946294598464576,0,26.923752668834016,2,0,3,6,0,0,0,1,0
46.274786290770344,1,36.77355698872046,0,0,3,4,0,0,0,0,0
39.778649039607,0,22.073965515481994,2,0,0,3,0,0,0,1,0
45.26083682400989,1,25.725743480851776,2,0,2,6,0,0,0,0,0
36.64089599856615,1,20.275597494379923,1,0,3,1,0,0,0,0,0
55.51125202388839,0,25.410434498137157,1,1,0,5,2,0,0,1,1
43.450401534120374,1,21.09891425931179,2,2,0,7,0,0,0,0,0
58.50678867686121,1,30.234004517456732,1,3,3,1,1,0,0,0,1
31.66156530694559,1,25.736594295156976,2,1,2,10,0,0,0,1,0
59.96320348321686,1,20.32301370008853,1,0,2,4,1,2,0,0,0
67.50293442413387,0,29.202838488958356,0,2,3,2,2,0,0,0,1
25.093965361428168,0,25.898330194357936,0,2,2,1,0,0,0,1,0
60.61084854771358,0,29.764093886117273,0,1,1,1,1,0,0,0,0
73.41503488709938,0,19.261686860261257,0,0,1,7,2,2,0,1,1
36.855384719631914,0,26.844122061243308,0,3,0,6,0,1,0,0,0
80.08858580256555,1,28.866708473223543,1,0,1,7,1,0,0,0,1
61.28528514049068,0,22.883112548821316,0,0,1,1,0,1,0,0,0
44.424822163623865,0,18.704986365159243,2,2,1,10,0,0,0,0,0
54.16346383513441,0,24.79196252314803,2,1,3,3,0,0,0,0,0
63.374903687825835,1,31.14057646890464,1,0,0,7,0,0,0,0,0
56.14008087118617,1,30.62965165317028,1,1,2,10,2,0,0,0,0
63.08133988669554,0,22.857857826222116,0,2,2,10,0,0,0,2,0
41.1898961038095,1,18.58457281811779,1,2,2,9,0,0,0,0,0
57.54041236054117,0,22.844101398252135,1,0,2,6,0,0,0,1,0
33.79428254642529,1,22.65761174634044,2,0,1,8,1,0,0,1,0
53.33160907976949,1,27.23223391652389,0,1,3,9,0,0,0,1,0
41.44138537802815,0,24.474992485479394,2,2,1,7,0,0,0,0,0
43.9670508611535,1,21.233678941314288,2,0,2,9,2,0,0,0,0
73.54139762815656,1,30.52131533630334,1,1,3,10,0,0,0,1,0
71.36965180891403,0,25.70212933722417,0,0,0,4,0,2,0,0,1
64.13707181360766,1,27.177078263654703,1,0,3,9,0,0,0,1,0
38.61530852991132,0,16.375072829343665,1,2,2,9,0,0,0,0,0
50.25387325457797,0,15.0,1,0,2,2,0,0,0,1,0
73.19646549968775,0,17.81227109277796,1,2,1,9,0,0,0,0,0
57.12575370459857,0,22.597282871966122,0,1,3,3,1,0,0,1,0
89.7899430997254,0,27.881780088069043,0,0,0,7,1,0,0,0,1
60.89976759091558,1,15.0,0,3,1,3,0,2,0,2,1
57.880736747350475,0,32.96426032185994,0,1,2,5,1,0,0,1,0
50.363253036962476,0,25.85283013385063,0,1,3,2,0,0,0,0,0
57.00311357173423,1,31.801474964749552,0,2,1,10,0,0,0,1,0
52.712952454291845,1,20.570149587629356,0,1,0,10,0,0,0,0,0
65.62163015032885,1,27.519299670862452,2,1,3,3,0,0,0,0,0
69.35053475191876,1,25.425979649853936,2,0,1,10,0,0,1,0,0
43.21015809238076,1,29.08843156527277,0,2,0,4,0,1,0,0,0
35.03150569663333,1,23.831043162001414,0,1,0,10,1,0,0,1,0
27.456919403450552,1,27.366076045037943,2,0,2,6,0,0,0,0,0
62.619869903688155,1,30.510976593856,1,2,2,6,0,0,0,1,1
38.449500907391894,0,21.744118530541122,0,1,3,3,0,0,0,0,0
22.706641105712755,0,26.211221162448247,2,1,0,3,0,0,0,0,0
60.82867906796446,1,15.560688813888259,0,0,3,9,0,0,0,1,0
90.0,0,28.51251509531679,1,3,3,10,0,0,0,2,1
54.9089363269016,0,34.77331271731245,2,3,1,2,0,0,0,2,1
67.57736161677462,1,18.777819761256524,0,1,0,4,1,1,1,0,1
56.22744037821347,1,24.543093697860286,2,1,3,5,0,0,1,0,1
53.51665520213286,0,29.402406504570568,0,1,0,8,0,0,0,2,0
68.78614724481653,1,25.157087367332753,1,0,2,8,0,1,0,0,0
50.64588183717023,1,25.825497757466128,1,1,1,6,0,0,0,0,0
59.010884711078546,1,23.04500279238181,2,0,3,2,0,2,0,1,1
59.8254670929402,1,22.859238734560428,0,3,2,10,0,0,0,0,0
44.978643195354266,1,24.566529232073112,1,0,1,10,0,0,0,0,0
69.88063524304785,1,25.20835711069678,2,2,3,1,1,0,0,1,1
52.37560364956887,0,19.092793692113453,1,1,3,7,1,0,0,0,0
43.66382260760733,1,24.669890070269858,0,0,2,10,0,0,0,1,0
63.047647653556055,1,32.84266969354663,0,1,1,1,0,0,1,1,1
41.52298027313444,1,22.904331032055477,1,2,3,3,0,0,0,1,0
55.42271736053692,1,18.81372508562686,2,2,3,9,1,0,0,0,0
54.86321505033695,0,24.242919660067866,1,0,1,6,0,2,0,0,0
71.28843348747367,1,21.426935939378517,1,1,2,8,2,0,0,0,1
62.12047349319929,0,18.308290873390302,0,2,0,9,0,1,0,0,0
54.624595618822845,0,25.695842308663103,1,2,2,7,1,0,1,1,1
67.26649448800431,0,21.44858981424461,0,2,3,8,2,0,0,0,0
75.8531132352597,0,21.876429165733626,1,0,0,4,0,0,1,1,1
63.36715459527793,1,25.767136901926946,2,2,1,5,0,0,0,1,1
55.15528929765071,0,17.334127023188326,2,1,1,7,0,0,1,0,0
35.32245651474761,0,16.292151748744374,0,1,3,9,0,1,0,2,0
39.02329505386941,1,28.354360972509657,1,0,2,8,0,0,0,2,0
50.421629434679986,0,15.345831996379586,0,0,1,7,1,0,1,0,0
45.85731696761076,0,20.116611523463227,0,1,1,4,2,0,0,1,0
52.19543045521831,0,16.000802323057812,0,0,2,1,1,1,0,0,0
55.849748873456605,0,22.56931766575584,0,1,1,1,2,1,0,2,1
62.94539131535096,0,27.140293738255828,1,2,2,5,0,0,1,1,1
53.94251832911363,0,25.561689743661884,1,3,2,7,0,0,0,0,0
62.297524657393026,1,36.95936694728642,2,0,2,8,0,0,1,0,1
55.9671162221518,0,30.434578088945003,0,0,2,7,0,0,0,1,0
25.368001504691932,0,20.344210749216995,0,1,3,4,0,0,0,0,0
40.90996909271868,1,19.01472497586795,0,0,3,7,1,0,0,0,0
52.83868666417577,0,38.53343970487751,0,0,0,6,0,0,1,0,1
36.85457885738339,1,30.31286002866681,2,1,2,8,1,0,0,1,0
63.998930949943066,0,27.94684803634786,0,1,1,9,0,0,0,0,0
77.96126248515546,0,25.37425906107809,2,2,1,1,2,0,0,0,1
73.28142777545975,1,26.367607837375086,0,3,2,2,0,0,0,0,1
51.79835693604688,0,17.58963362258787,0,2,2,8,0,0,0,0,0
77.36089205274928,0,25.78519585098384,0,0,2,7,0,0,0,0,0
57.23001185803167,1,25.356156987295073,2,2,0,7,0,0,0,0,0
49.94371043322941,0,20.4793057844926,0,1,1,3,0,0,0,0,0
45.7989600468859,1,22.30736773215761,2,1,0,7,0,1,0,0,0
50.462954702678076,1,32.57588196721778,1,3,2,4,1,0,0,0,0
49.17734772188157,0,24.37412539852569,0,2,3,10,1,0,0,0,0
57.55624333563232,1,35.355856512665554,1,1,2,10,1,0,0,0,0
57.40860971574797,1,16.296602817563084,0,0,2,2,0,0,0,0,0
55.04569030230122,1,22.38934906887126,0,2,0,1,0,1,0,0,0
61.55407254619525,1,17.263607243765406,2,2,2,8,0,2,0,1,0
72.85969412179512,1,18.95288773054083,1,0,2,5,0,1,0,0,0
69.24331203161985,0,20.858971471703512,1,0,0,10,0,0,0,0,0
32.726530473251444,1,26.576548133852956,0,0,2,4,0,0,0,2,0
20.0,0,26.334130855401934,0,0,1,9,0,0,0,0,0
69.01479866858911,0,21.60354840186197,0,1,2,5,0,0,0,0,0
34.49681952376868,1,15.0,1,0,1,10,0,0,0,1,0
51.62851897160975,0,32.388464365160765,2,3,3,2,0,0,0,1,1
37.448304609109606,1,23.57117641981822,1,2,1,9,0,0,0,1,0
27.970293436299706,0,19.418549148494304,2,1,0,10,0,1,0,1,0
63.12194092307182,1,26.374653905350435,0,1,3,7,0,0,0,1,0
66.3873274045397,0,26.022225852615872,0,1,1,9,0,0,0,1,0
46.35234398909921,0,23.386617675000174,0,0,2,5,0,0,0,0,0
20.0,0,25.742655078207523,2,0,1,7,0,0,0,1,0
46.806333276212754,1,19.22485079795991,2,1,2,8,1,1,0,1,0
60.877060081038195,0,28.79956421588242,0,3,2,4,0,0,1,0,0
32.81632646838807,1,20.015664526215648,0,3,2,8,0,2,0,2,0
57.750398796687335,0,21.972151723482842,1,2,0,7,0,0,0,1,0
54.77035226240507,0,28.244009080757877,2,1,3,3,0,0,0,2,0
63.689372494016325,0,31.019794825051168,2,2,1,8,0,0,0,0,0
56.7937055262123,0,32.92887284023169,0,1,2,4,0,0,0,0,0
40.40396588677667,1,30.27899119233286,1,0,1,2,0,0,0,0,0
72.94857252496737,1,23.37963908099109,2,1,3,9,0,2,0,1,1
52.62205640459545,0,17.294834654497684,0,3,3,8,0,0,0,0,0
54.590431907351025,1,32.02527792801447,1,0,1,4,0,2,0,0,0
41.00098061390206,1,31.853479944524878,0,0,2,3,0,0,1,1,0
48.35076623212734,0,21.64011923323252,0,0,1,3,0,2,0,1,0
41.727959289596484,0,29.6059451891228,2,0,3,6,0,1,0,1,0
52.405809101148655,1,23.339111030346306,2,0,0,2,0,0,0,1,0
80.67562720213516,0,32.50638441755864,1,1,1,3,0,0,0,0,1
34.421482856029655,0,22.42567668798109,0,3,1,1,0,2,0,0,0
30.796579031848882,0,34.893256437742515,2,2,2,10,0,0,0,2,0
77.06755491240412,1,28.93060273799123,0,3,0,5,2,0,1,1,1
51.86014484272201,0,33.987724223429936,0,0,1,3,1,2,0,0,1
44.963908920101254,0,22.681013651750604,0,0,2,7,0,0,0,0,0
70.59857031094114,0,27.025148022220964,1,0,0,9,0,0,1,1,1
45.91576690394704,0,20.153604008278172,0,3,1,5,1,0,0,2,0
82.39014570320404,0,29.219946260595982,1,0,2,2,0,0,0,1,1
65.16888807008904,1,29.49520766418562,0,1,3,2,0,0,0,0,0
47.68132887781446,0,36.98511959100593,2,0,2,4,0,0,0,0,0
87.35962319898255,1,27.410198986098244,2,0,2,10,0,0,0,1,1
45.914276154949924,0,28.620471012530466,2,0,0,9,0,0,0,0,0
66.13143058013961,1,22.64584811748109,1,2,3,2,1,0,0,1,1
59.48938870609738,1,27.70689686317619,0,0,0,5,0,0,1,0,0
74.52611934098198,0,23.10054395656208,2,0,1,7,1,1,0,0,1
78.42266795090279,1,25.57930379421,2,1,0,10,0,1,1,1,1
55.4800622359865,0,25.872578307728975,0,1,2,4,0,0,0,0,0
43.69873194480725,1,23.238475633254147,1,1,2,7,1,0,0,2,0
61.89958214408675,0,25.314725482709967,0,3,3,7,0,1,0,0,0
44.834269453718406,1,23.123524151432896,0,1,0,2,1,0,0,0,0
85.20080871289935,1,23.101344374830802,1,0,3,2,1,0,0,0,1
57.04802996624106,1,30.383323257511357,2,1,2,2,1,0,0,0,0
49.52017673031837,1,25.877068209132055,0,1,1,9,0,0,0,0,0
57.77020458797362,0,26.735331361001386,1,2,2,1,0,2,0,0,1
34.793105657054554,1,17.71347615507232,2,3,2,6,0,0,1,1,0
40.42578942234023,1,27.11729165915195,1,2,1,7,0,0,0,2,0
73.00620861916639,1,27.65211731987619,2,1,1,9,2,1,0,0,1
45.14658581542906,0,23.008306886556237,0,0,3,3,0,1,0,1,0
39.296335259770906,1,35.42514838130346,2,3,1,9,1,0,0,0,0
63.049791287909294,0,15.0,0,1,3,7,1,0,0,0,0
72.78556231994496,1,28.92183567885273,2,2,2,5,0,0,0,0,1
65.784299659976,0,28.564024024774312,0,3,2,5,2,0,0,0,1
69.94071528708724,0,27.70791465999706,1,1,0,7,1,0,0,0,1
43.64807367145809,1,25.881063528193113,0,1,1,10,0,0,0,0,0
33.67283999887235,0,27.753396613125187,1,1,2,6,0,0,0,1,0
77.5200047793323,1,29.34087739777947,0,0,1,8,0,1,0,0,0
50.15980241736796,1,21.37056208084003,2,1,0,10,0,0,0,1,0
51.23750475317429,0,26.49597811090045,0,1,1,10,0,1,0,0,0
74.92291212773587,0,24.08341578988348,1,0,0,9,1,0,0,1,0
63.343450141009896,1,19.53115799887246,0,1,1,6,0,0,0,1,0
61.83831658122411,0,28.585849873066447,2,1,0,3,1,0,0,0,0
87.47503517351626,1,22.178197876579834,1,2,2,9,0,0,0,1,1
45.347226544297854,1,17.510706626102664,2,2,2,2,0,0,0,0,0
68.91760192121856,0,22.304446696491755,1,0,3,5,0,1,0,1,0
55.855196873456265,0,21.00550550953435,0,2,1,10,2,0,1,1,0
59.02888418294886,0,30.14239504595055,0,1,2,4,0,0,0,0,0
77.92702639618798,1,25.76596570279039,2,1,2,2,1,0,0,1,1
62.61753634434436,0,31.9119137284497,1,2,2,6,0,0,0,1,0
63.07444118574449,0,21.66721884383477,2,0,2,10,0,1,0,1,0
71.08761005964703,1,29.3708493594825,0,1,2,7,0,0,0,0,0
49.52570905685672,1,39.198114574039565,1,1,0,2,2,0,0,1,1
42.4118549899149,0,26.7801623356357,2,2,0,3,0,0,0,1,0
39.327862089684494,0,29.308244311615763,0,1,0,5,0,0,0,0,0
25.504651159359973,1,28.46758832112703,0,2,1,9,0,0,0,0,0
85.84310694910484,1,17.889623362870868,2,0,2,7,0,0,0,0,0
38.451874514174754,1,27.929086487337255,0,2,2,3,0,0,1,0,0
51.68119564621342,1,26.532281603247846,1,1,2,10,0,0,0,1,0
50.84780050166619,1,23.701263083008453,1,1,1,4,0,0,0,1,0
59.61110046713651,1,20.579818128975596,2,1,2,7,0,0,0,0,0
67.23605818808946,1,28.469916201635186,2,1,0,1,0,0,1,1,1
67.90710232539618,1,20.137981301946894,1,0,0,4,1,0,0,2,1
46.25383842146592,1,35.66822802340948,0,0,2,1,0,0,0,0,0
52.49317429320383,0,25.57084541744064,0,0,2,5,0,0,0,0,0
59.2386992573245,0,18.883464761067483,2,2,2,2,0,0,0,2,0
51.2696331072468,1,22.430018608358306,1,2,1,9,2,1,0,2,0
79.1101836402999,0,23.609328308550914,2,2,3,3,0,0,0,0,0
62.36462427457377,1,37.06188326961923,1,2,3,5,0,1,0,1,1
66.02316679074727,0,20.577055265952517,0,0,2,8,0,0,0,0,0
64.94321903001119,1,24.418913683743064,0,1,3,8,0,0,0,0,0
72.60210786227987,0,22.31085815067489,0,3,1,9,0,0,0,0,0
57.7153233805556,1,27.496292427908323,2,2,1,3,0,2,0,1,1
35.5475207806623,1,22.39058293147478,2,0,3,3,0,0,0,0,0
60.99531927628962,0,19.30471666930145,0,1,1,4,0,1,0,1,0
45.22964659312257,1,24.023527101019006,1,0,1,6,0,0,1,0,0
47.07074977375365,0,23.503030783338783,2,0,0,7,0,0,0,0,0
63.7954602813264,0,22.03877811187993,1,1,1,1,0,0,0,1,0
73.57424607150453,0,22.30594820551441,1,2,0,2,0,0,0,0,0
55.319073651040924,0,30.923478989405016,0,1,2,3,0,0,0,0,0
59.63249518898446,1,23.401298928662477,2,1,1,1,0,0,1,1,1
80.53322416952857,0,19.329361687607836,1,1,0,3,0,0,0,1,0
58.61129769232853,1,22.68942018100072,2,2,2,4,0,0,0,1,0
90.0,0,25.271678297326964,2,0,2,6,0,0,0,0,1
63.482644684473165,1,18.31865181724323,2,1,2,5,1,0,0,1,0
28.588558612662734,0,33.12988980003199,2,0,3,6,0,0,0,1,0
66.30012431656799,1,29.33789738753136,2,1,1,9,0,0,0,0,0
60.71737577324167,1,32.150863718093895,0,0,1,1,0,0,0,0,0
74.34629131124119,1,26.960640627438412,0,2,2,3,1,0,1,1,1
65.09772026904938,0,15.0,0,0,0,8,0,0,0,1,0
52.92316024024339,1,32.676668583192566,0,0,2,9,0,0,0,0,0
36.635526455659516,0,20.682158201450537,0,1,1,2,0,0,0,1,0
51.86465114070962,0,21.089066279989506,1,1,1,10,0,0,0,0,0
42.2421931868605,0,25.781625719777217,0,2,1,5,0,0,1,2,0
46.29214825292916,0,31.891149233350745,1,0,0,3,0,0,0,1,0
63.82867606630914,0,30.266435669761997,2,0,1,10,1,0,0,2,1
80.0485675652711,1,29.531405600880106,2,2,1,2,0,0,0,2,1
60.920072947344714,0,23.440864735627233,2,2,3,9,1,0,0,1,0
37.06175406947224,0,23.36196236953944,0,2,3,5,0,0,1,0,0
61.66904002330211,0,26.729718339900334,1,1,2,9,1,0,0,0,0
72.94947229968477,1,24.349645793582336,0,2,3,1,0,0,0,0,0
45.85325643520927,1,29.446589536646766,1,1,2,4,1,0,1,0,1
52.989742499906235,0,29.150588322476132,1,1,1,1,0,0,0,0,0
55.22032292093795,1,27.956706605863527,0,2,2,5,0,2,0,1,0
43.2265253037664,1,15.0,0,0,1,5,1,0,0,1,0
64.72420650765788,0,25.63994181838632,2,1,2,7,1,0,0,1,0
53.18577777088328,1,24.455730596336494,2,2,0,7,0,0,0,0,0
61.292986658605415,1,25.840128008797656,1,1,3,8,1,0,0,0,0
41.6876173329685,1,21.228376807267967,0,1,2,6,0,1,0,0,0
48.438125495148846,0,18.376070448003873,1,0,0,10,0,1,0,0,0
65.83572036741657,0,27.3156923998752,0,0,3,3,2,0,0,0,0
49.4075027186235,0,23.21849341133969,2,0,3,9,0,1,0,0,0
80.90445776850108,1,27.873464968538,2,3,3,5,0,0,0,1,1
49.005457215780964,1,21.645428111576145,0,3,2,9,0,0,0,0,0
58.37027088627829,0,32.07955320246339,0,0,2,5,2,1,0,2,1
68.98886247809635,0,30.005324212853814,1,0,1,3,0,1,0,0,1
33.724514006004526,1,26.4841355427294,0,0,0,7,0,0,0,1,0
28.587867820288363,1,23.933557933070265,2,0,1,9,1,0,0,0,0
32.11515528144858,1,29.262044388990986,2,1,1,1,0,1,0,1,0
73.93876155140774,1,26.96273907618703,0,0,1,3,0,0,0,1,0
46.7221278116133,1,26.192920939653025,0,2,2,7,0,0,0,1,0
90.0,0,30.214327047798044,2,2,1,9,0,0,0,0,1
46.53628602013917,0,32.1326807720332,1,0,0,4,1,2,0,0,1
57.768269547955555,0,18.737944077572276,1,1,2,5,2,0,0,0,0
78.13164928851813,1,19.748079463250967,0,1,0,8,2,0,1,1,1
85.09139332238684,0,21.09869637260601,0,0,0,4,0,1,0,0,1
85.92255364954596,0,17.487877011782242,1,2,1,2,1,0,0,0,1
73.12549345889714,0,24.686257372154245,1,0,0,7,1,0,0,0,0
70.36093788717193,0,28.00058227622253,0,0,3,2,1,0,0,0,0
63.88790423801775,1,24.892908525238315,0,0,2,6,0,0,1,0,0
66.67541614249957,0,22.32939179193552,1,3,1,7,0,0,0,0,0
46.732214255071995,0,30.63228878564579,2,1,0,8,2,1,1,0,1
42.72701674866539,1,25.702782016033748,0,1,1,5,1,0,1,0,0
54.94938313883572,0,26.714914836831593,2,2,2,1,1,1,0,2,1
52.447230662126074,1,30.771174024498798,0,0,3,3,0,2,0,0,0
48.201579260090874,1,24.38379030574433,0,3,1,10,0,1,0,0,0
65.44581171185072,1,35.3010703631234,2,1,2,9,0,0,0,1,1
69.32957812855766,1,22.76092498064117,1,1,0,6,0,1,0,0,0
56.32610329437771,0,34.9897410225645,0,2,2,5,0,0,0,0,0
77.16295121582893,1,20.126324090437897,0,1,1,1,0,1,0,0,1
37.87466328799742,0,27.58742451440221,0,2,0,4,0,0,0,0,0
52.095108110804226,0,21.787339155968816,2,2,2,5,0,0,0,1,0
44.247665190957925,0,30.597830584905463,0,0,1,2,0,0,0,0,0
27.0019507439041,0,22.60883696070786,0,0,2,5,0,0,0,0,0
53.75978971235951,1,26.45435595322043,0,0,3,3,0,0,0,0,0
53.17378737425075,0,21.747290019792153,1,0,1,8,2,0,0,0,0
77.70174614863197,1,29.68612586833307,2,1,1,10,1,0,0,0,1
64.46217526832166,0,21.721243696804304,0,0,0,1,0,2,0,0,0
39.63719763506192,0,33.41707422371334,1,1,1,4,0,0,0,1,0
82.81138849501282,1,20.02001446519305,0,2,2,9,0,1,0,0,0
73.31550543288029,0,18.271860408359267,1,2,1,1,0,0,0,1,0
63.731465552029235,1,29.757760390395433,0,0,2,6,0,0,0,1,0
51.60273851725252,0,22.041781798682393,0,0,2,6,1,0,0,0,0
40.6084114491478,0,24.96381343275232,0,0,0,2,0,0,0,0,0
49.416898358934205,0,23.388794230821397,2,2,2,1,0,0,0,1,0
71.33122929556279,1,18.43695866423655,2,1,3,1,0,0,1,0,1
83.26879458901914,0,24.61503167930831,1,3,0,10,0,0,0,1,1
78.14865292408284,0,31.32457947486151,0,2,2,5,0,2,0,0,1
47.667258673205886,0,30.015685016527826,0,2,2,5,2,0,0,0,0
38.205738500664836,1,26.158963813129624,1,0,2,10,0,0,0,1,0
57.113293703668056,1,30.561341465175538,2,1,1,7,1,0,1,1,1
28.473409516557226,1,19.702407076529116,2,3,3,9,1,0,0,1,0
59.847515712771724,0,23.37272835547497,1,0,2,4,0,0,0,0,0
52.78596120551997,1,26.979024703651042,0,1,1,4,0,1,1,1,1
48.00945247197637,1,24.34792586591444,1,1,2,7,1,0,0,1,0
31.07945399099807,1,23.765883347617212,0,1,3,9,0,0,0,0,0
62.704001598545744,1,18.996781338394523,1,2,3,7,0,0,0,0,0
47.009487405071326,1,15.0,0,1,3,8,0,0,1,0,0
37.451247464345684,0,29.089332124748182,0,2,1,10,0,0,0,0,0
20.0,1,26.21610786626113,0,1,0,7,1,0,0,0,0
54.58727642424046,1,29.509991891050465,1,1,2,9,0,0,1,0,0
81.58377395004617,0,22.813820289208127,1,2,0,6,0,0,0,0,1
79.91888821821806,0,21.43611057586203,2,3,2,9,2,1,0,0,1
48.14355615120592,1,25.03273983318317,2,3,1,3,2,0,0,1,1
45.966819094573296,0,29.27099824306408,2,2,1,4,0,0,0,0,0
62.031613841125356,1,23.842738925061727,0,1,2,9,1,0,0,1,0
40.02421841217563,0,29.00892592164243,1,0,1,2,0,1,0,0,0
59.52687849729199,0,19.968459972034566,1,0,1,2,0,0,0,0,0
66.49120417577035,0,24.192764334150663,2,0,3,10,1,1,0,0,0
73.40399835826462,0,24.649429279609844,0,1,2,8,0,1,0,0,0
53.49768885280071,0,31.1319497196096,0,0,2,10,0,0,0,0,0
51.94489374734551,0,26.03813699007954,0,0,2,6,0,0,0,1,0
41.830261198651584,1,33.73038759147097,2,0,1,5,1,0,0,1,0
42.5967946894021,1,18.261576000262586,2,1,1,2,0,0,1,0,0
51.602816621477096,0,25.649594522056397,0,0,0,1,0,0,0,0,0
60.510482602242675,1,25.89699019590223,2,2,3,3,1,1,0,1,1
68.70376939349875,1,28.100465987934335,0,1,1,6,0,0,0,1,0
42.95231573979483,1,20.933200317755542,0,1,2,5,0,0,0,2,0
77.39032853439282,1,33.42223169705418,2,2,1,6,0,1,0,0,1
50.93314598436147,0,25.064819707358797,0,0,2,7,0,0,0,0,0
54.67949058477346,0,19.56466243532541,0,3,0,7,0,0,0,0,0
43.79182481278265,0,24.919875047931907,2,1,2,3,2,0,0,0,0
20.0,0,23.43419238559943,1,0,3,10,0,0,0,1,0
68.26068094541574,1,38.91617571123665,2,1,2,8,0,0,0,0,0
66.0526584563865,0,30.24971799762507,0,2,2,8,0,0,0,1,0
50.780086643226795,1,25.248306778541085,0,1,2,3,1,0,0,0,0
56.00486075837308,1,24.440416574003976,0,0,2,6,1,0,0,0,0
62.73908826556149,1,29.755284312407326,2,3,0,9,1,0,1,0,1
31.56181214670186,1,29.99431080164107,0,2,1,1,2,0,0,0,0
47.06420983980558,0,15.0,0,2,2,2,0,0,0,0,0
66.9139701943274,1,28.21496577366667,0,2,3,2,0,0,0,1,0
36.18565865246126,0,25.139832719893132,2,2,2,5,2,0,0,1,0
59.40336898249944,1,18.44428089106512,0,0,2,6,0,0,0,0,0
34.65127293064893,1,29.401070698120883,0,1,2,3,1,0,0,0,0
61.996449736502896,1,36.23094006779132,1,2,3,4,0,0,0,0,0
54.465377765537745,0,27.783979734138903,0,0,2,10,0,0,1,0,0
30.77302276141736,1,30.502142211284323,0,0,2,2,2,0,0,0,0
72.47109031685757,0,34.02059545982202,0,0,0,3,0,0,0,0,0
43.981126348029264,0,20.848689246399744,2,0,1,8,2,1,0,2,0
42.84621344478428,1,15.712142774165414,0,0,1,5,0,0,0,2,0
58.008537958464146,0,28.28433031654751,0,2,3,2,0,1,0,0,0
72.22956024143073,1,23.761942317792744,0,2,1,10,0,0,0,0,0
39.762672715324044,0,18.129132738142285,2,0,2,10,0,0,0,0,0
55.92519774771957,1,24.609150319321035,0,2,3,2,0,2,0,0,0
61.432247504958596,0,28.637736868953102,2,1,3,4,0,0,0,1,0
65.39658410894717,1,24.2551416761782,2,0,2,9,0,0,0,0,0
57.64662332915838,1,21.065861846324815,0,0,0,6,0,0,0,1,0
49.494582413750166,1,23.88246469851745,0,0,0,1,2,0,0,2,0
42.5861466902692,0,24.90261767349327,1,2,0,4,1,0,0,1,0
56.292158245695624,1,15.35258868686959,2,1,2,3,1,0,0,0,0
38.9179148202159,0,24.286125234146535,2,0,1,1,0,2,0,0,0
20.0,0,18.278297639275543,2,0,0,6,0,0,0,0,0
61.54839706236502,0,28.295129760105482,0,3,2,10,0,0,0,1,0
68.55902261629294,1,17.19478712206611,1,2,0,1,0,1,0,0,0
20.0,0,30.06346102275468,0,1,2,1,0,1,0,0,0
39.854039429350934,1,22.95417465393029,1,3,2,7,0,0,0,1,0
64.28731391507796,1,22.28512146613994,1,0,2,1,0,0,0,0,0
85.86243204567548,0,26.47227298650986,0,1,3,3,1,1,0,0,1
55.31190561513112,1,20.66982777388304,0,1,1,5,0,0,0,0,0
44.07995588156298,0,26.39372877065032,0,1,1,3,0,0,0,0,0
52.256553383427395,1,21.339456126558147,1,2,1,6,0,0,0,0,0
75.62314628722277,0,22.216327438376155,2,2,2,9,1,0,0,2,1
45.310537313131974,1,27.026770846645675,1,0,3,2,0,2,0,0,0
43.0121199002462,0,19.307096331328086,2,0,3,7,0,0,0,2,0
47.758847167269515,0,18.678313491188216,0,1,3,4,0,0,0,0,0
40.70007087611931,0,26.24112753705171,0,2,2,6,0,0,0,0,0
56.84005473992193,0,24.865500737553077,0,0,2,10,0,0,0,0,0
79.3701768770434,0,25.84346372404696,0,1,2,10,0,0,0,1,0
59.84618909674044,0,26.638196183607104,1,2,1,6,0,1,0,1,1
51.21469746810568,0,25.286877769034906,2,0,0,8,0,0,0,0,0
50.62283096626684,1,28.040463119835344,1,2,0,7,0,0,1,0,0
31.552137869550144,1,25.48718143489329,1,0,1,5,0,2,1,2,0
68.24664665720738,1,15.0,0,1,0,7,0,0,0,0,0
53.83244204480797,1,16.260577026690722,0,2,3,6,0,0,0,1,0
52.29280129614062,1,34.63974590121042,0,1,2,5,1,1,0,1,0
90.0,1,25.000359335294316,1,0,2,9,0,0,0,0,1
59.48129362548529,0,29.751208258585486,1,3,0,4,0,0,0,0,0
43.72313424857224,1,23.27148047186462,0,0,2,7,0,1,0,0,0
48.60463605691685,0,24.70992452803035,1,1,2,7,0,0,0,0,0
72.22668563795132,1,22.73317672864578,1,1,1,3,2,0,0,0,1
56.69905615806647,1,37.32963665730682,0,1,2,8,2,0,0,0,0
33.4258303252395,0,26.266212111820714,1,1,3,9,0,0,0,0,0
68.78843401862805,1,22.325710472469012,2,1,2,5,1,0,0,0,0
44.97783871691509,0,16.742301432849047,0,0,1,1,0,0,0,1,0
83.09946664326318,0,34.86866721367926,1,1,1,1,1,0,0,1,1
71.20072098571973,0,24.183608073858483,0,0,1,5,0,0,0,1,0
48.29017156511873,1,28.721145597807986,2,0,3,2,0,1,0,0,0
74.2152454260267,1,29.27998645153273,2,1,3,2,0,0,0,1,1
56.01783265791105,1,22.68584738284815,1,1,0,6,0,1,0,2,0
67.79160512683329,0,28.36226387693078,0,0,2,5,0,0,0,0,0
62.27099225941712,1,21.97930856624191,0,1,0,2,0,0,0,0,0
42.3046501751369,1,20.04786818980292,0,1,2,5,0,0,0,0,0
45.346752515238066,0,30.822323462561062,0,1,3,4,0,0,0,0,0
70.44941226371742,1,24.209053100889005,1,1,2,6,0,0,0,1,0
49.97837001840189,0,27.592564168013276,0,3,1,1,1,0,0,0,0
48.94527305137005,0,27.054604969408857,0,1,1,3,0,0,0,1,0
40.673161309759706,0,28.189659800276445,2,2,1,5,1,0,0,1,0
61.353985983901914,1,17.217315328991877,1,0,3,8,0,0,0,0,0
85.93787378864718,0,22.07354734341815,0,2,3,2,0,0,0,0,0
38.9870062861859,0,23.377624212517876,1,1,3,8,0,0,0,1,0
55.36329185009137,0,20.842606635492547,2,1,1,8,0,1,0,0,0
76.18330833123144,0,27.14503424008194,0,2,2,6,0,0,0,0,0
53.805379131314275,0,30.934465387979486,1,0,0,5,0,0,0,2,0
61.78557694374601,0,31.72592327673149,2,1,1,7,0,0,0,0,0
39.0640970777968,1,23.30397617395058,1,0,2,6,0,0,0,1,0
61.42460645811473,0,26.459829312289536,0,2,1,9,2,0,0,0,0
52.192836024931765,1,27.228217522450496,0,2,0,2,0,0,0,0,0
69.78594993519795,1,28.106280471017648,2,1,0,6,1,0,0,0,1
72.81079077347127,0,20.60932463463678,2,1,2,7,0,0,0,0,0
90.0,0,34.10290134132483,2,1,1,1,0,1,0,0,1
63.69449759820363,1,29.632600921732223,2,0,0,9,1,0,0,0,0
59.886944748732496,0,29.763246718462206,1,0,1,8,0,0,0,0,0
57.91576452366004,0,31.017300284501985,2,1,1,5,0,0,0,0,0
49.702505607839676,0,27.67067971132992,1,1,2,5,0,0,0,1,0
60.077257651925365,1,19.863432884745137,2,1,3,9,0,0,0,2,0
50.56897884791456,1,24.305136342224465,0,0,1,2,0,0,0,0,0
57.52691464404421,1,16.744733024690422,2,1,3,6,0,0,0,0,0
74.7639630341194,1,27.07536254849542,0,3,0,4,0,0,0,2,1
39.90186152080538,0,24.153931709172266,0,0,0,4,0,0,0,0,0
72.09817841693568,0,24.79738808236534,1,1,2,8,0,0,1,1,1
74.75672601009798,0,31.020005650428256,0,1,2,3,0,2,0,1,1
53.22897209513382,0,22.715029807217704,0,3,1,8,1,1,0,0,0
23.172176514871083,0,23.73938420613962,2,1,1,10,1,0,0,1,0
45.882670193583515,0,25.10986647981608,1,1,2,5,0,0,0,0,0
74.45491819841664,0,15.800038752931837,2,2,3,2,0,0,0,1,0
54.656979065516765,0,23.669681721189985,2,0,3,5,0,0,0,0,0
40.01046651557634,0,15.0,0,1,2,4,0,0,0,1,0
47.42837618157674,1,22.072392190521303,0,1,2,9,2,0,0,1,0
67.60930039756829,1,29.275945266964136,0,1,3,6,0,0,1,0,0
63.20100352302069,1,27.236332791255347,1,0,2,3,1,0,0,0,0
51.416018512454585,0,22.02589844772962,1,0,3,2,0,0,0,0,0
49.49763382277969,0,25.20399109111906,1,0,3,7,0,0,0,1,0
49.12362776434267,0,19.625052164347974,0,2,2,1,0,0,0,0,0
41.163847232522464,0,24.9882829842524,0,3,1,5,0,0,0,0,0
79.23063534204162,0,39.65160142746255,1,0,2,5,0,1,0,0,1
50.1651929618299,1,34.22900660185966,0,0,3,4,0,1,0,0,0
73.25737781238244,1,25.263110650086304,2,3,1,3,0,0,0,2,1
77.81974077883677,0,25.80072082457687,0,1,0,9,0,0,0,1,0
69.9746634722194,0,20.102173426827246,0,2,1,4,2,0,1,0,1
48.52569530922928,0,20.991054460244747,0,0,3,9,0,1,0,1,0
61.05595135504914,0,26.810921610523472,2,2,2,7,1,0,0,2,1
54.63706590413626,0,22.375537171817577,0,2,0,9,0,0,0,1,0
41.44447208904808,0,29.520747974257908,0,0,0,2,0,0,0,0,0
59.865389225824046,0,32.848428404888786,1,0,2,2,1,0,0,0,0
37.31440313260296,0,26.663103923905194,2,0,2,8,0,2,0,1,0
72.81519082692346,0,25.508686029199634,2,0,0,9,2,0,0,0,1
48.03074054052411,0,16.59610187544674,0,3,3,2,0,0,0,0,0
58.01739483809259,0,28.73805122636025,2,1,2,6,0,0,0,0,0
59.24931807319213,1,19.28164349230471,0,2,2,6,2,0,0,0,0
51.11642539443884,0,22.909954356832902,0,2,3,7,0,0,0,0,0
63.80040702212912,1,29.797879461925675,1,1,1,5,1,0,0,0,0
47.876445150662136,1,30.148790821545163,0,1,2,3,0,0,1,1,0
68.06945946185866,1,22.667462363249413,2,0,2,10,0,0,0,1,0
34.81030479629877,1,22.955422325400068,2,1,3,3,0,0,0,1,0
56.89569369319618,1,21.50340563371664,0,3,0,6,2,0,0,0,0
84.08393498587427,1,19.010731273370446,0,0,2,1,2,0,0,2,1
39.995030130916376,0,21.82602258947879,1,1,2,8,0,2,0,0,0
44.83382544212723,0,16.934349905426558,1,2,3,7,0,0,0,1,0
62.708617744883725,1,28.415312907541324,2,1,3,7,0,0,0,2,0
57.69372672909397,1,26.97261802580938,2,1,0,6,1,0,0,1,0
60.25945148910339,1,27.802646424352563,1,2,1,3,1,0,0,1,1
62.337806952214954,1,20.227979747124287,0,0,0,9,0,0,0,0,0
64.52082202842655,1,19.02464718242472,2,2,1,10,0,0,0,2,0
71.64549762934334,1,25.2675713715678,0,2,3,6,0,0,0,1,0
61.147279853927685,1,25.320512824751127,2,0,0,6,0,0,0,1,0
51.38113518072186,1,24.263650862435274,0,1,1,6,0,0,1,0,0
65.08860551804096,1,23.552583654060754,1,1,3,6,0,0,0,1,0
83.49822902342824,1,33.553878888471935,0,0,3,6,0,0,0,0,1
53.010493804261394,1,27.130125058964893,1,1,2,4,0,1,0,1,0
40.38206042994038,1,34.853391957332455,1,1,3,2,0,0,0,0,0
71.60621003930459,0,31.344825127158167,1,3,1,1,2,0,0,0,1
53.19428254069603,0,33.516354630086724,2,1,1,8,0,0,0,0,0
22.409956809789456,1,19.627686168219988,1,2,0,5,0,0,0,2,0
67.71132515725633,1,27.96585495499015,0,0,2,3,0,0,0,1,0
46.97007721069116,0,22.841172555033136,2,0,1,9,0,0,0,1,0
53.64200076543759,0,16.683066443202335,2,3,1,3,0,1,0,0,0
59.979704958535216,1,32.48001584777763,0,2,0,5,1,0,0,0,0
57.857495196685996,1,23.531537371471856,2,0,1,2,2,0,0,0,1
65.6417772570856,1,19.724491848666577,2,1,1,6,0,0,0,0,0
48.46770444145235,1,22.927180683756532,1,1,3,9,0,0,0,1,0
62.69658697264124,0,21.018879386130905,0,1,3,1,1,0,0,2,0
51.106799836241244,0,21.531510161916664,1,2,0,3,0,1,0,2,0
66.08215721331254,0,23.891983049086754,0,2,0,10,0,0,1,1,0
64.23051226019581,1,33.65407596522371,1,0,3,1,0,1,0,0,1
40.96841946933107,0,21.668413917276872,1,1,0,5,0,0,0,1,0
71.28973174262549,1,33.29635332109595,2,0,3,5,0,1,0,1,1
46.96054832328928,1,29.244183979897606,1,2,1,4,0,0,0,0,0
67.12086697421718,1,26.98135781793043,0,1,2,5,0,0,0,1,0
60.50930970102011,1,28.740600161259376,2,3,2,8,0,0,0,2,0
82.57275515192684,0,25.06827831918729,0,2,1,8,0,0,1,1,1
51.64801026442222,1,31.43025051931713,0,0,0,6,0,0,0,1,0
49.760248058227035,0,27.834901316335504,0,2,3,4,2,0,1,0,1
54.708705911684014,0,16.676670074872433,0,1,3,4,0,0,0,1,0
50.452303257485866,0,26.481259659449826,2,0,2,5,2,0,0,1,0
66.99912852913076,0,28.919865714963077,1,1,3,5,0,0,0,0,0
30.755340873451182,1,23.554993906993914,2,3,3,2,1,0,0,0,0
39.194763712804686,1,25.631279363569664,0,1,1,6,1,0,0,0,0
38.9829561763121,0,21.935710026627966,2,2,1,7,1,0,0,2,0
69.25461387960364,0,18.1118717196822,1,1,1,3,0,0,0,1,0
80.65920058872888,1,17.248115645343802,1,1,0,10,0,0,0,0,0
53.433261721937924,1,17.314660064655683,2,2,2,4,0,1,0,0,0
52.46767415214984,0,28.34522371235266,1,2,0,9,0,0,0,0,0
56.050782446697724,1,15.0,1,0,0,4,0,0,0,1,0
72.42817453912286,1,21.667600365182594,0,0,1,10,0,0,0,1,0
41.089702987141386,1,21.17173357377311,0,1,0,7,1,0,0,1,0
58.57553474102178,0,23.58920232006268,2,1,0,2,2,1,0,0,1
69.62796444673644,1,15.717842250318986,2,2,0,5,0,0,0,0,0
62.51641254909768,1,27.019440473703092,1,0,3,6,0,0,0,0,0
57.843724248981154,1,18.634193029200503,2,2,2,2,2,0,1,1,1
70.01569138850712,1,30.662027703546343,1,1,3,1,2,0,0,0,1
20.0,1,21.89117156205584,1,0,3,9,1,0,0,0,0
65.16812979296361,0,24.5219348829404,0,1,3,7,0,0,1,1,0
45.188864753088644,1,25.01886928277603,1,0,0,8,0,0,0,1,0
27.540506547153146,1,26.22120526430286,0,0,3,5,0,0,0,0,0
62.66803899287471,1,25.18507188748071,0,2,2,5,2,2,1,0,1
75.60487817744436,0,22.86444725633684,2,1,0,1,1,0,0,1,1
52.93827228058462,0,26.715242653470217,0,1,2,3,0,1,0,2,0
69.29311820804408,1,27.33073565247477,0,1,1,7,2,0,0,0,0
79.18417386982968,1,21.174326664451897,0,0,0,10,0,1,0,0,0
74.72371680376071,0,27.131839094867786,0,1,0,9,0,0,0,1,0
79.59946794057089,1,30.958601512008478,0,2,1,8,0,1,0,0,1
66.13191236607838,0,28.529470980522763,0,0,3,5,0,0,0,2,0
56.13150458352389,1,29.661876208235935,1,1,1,3,0,0,0,1,0
30.970512821542474,1,25.859604244537227,1,0,2,9,0,0,0,1,0
51.30906267805077,0,20.319247769625605,2,0,0,4,0,0,0,1,0
42.35130107025712,1,20.951777701481774,2,1,1,9,0,1,0,0,0
87.5641407624672,1,26.59943983927206,1,1,0,3,0,0,0,1,1
52.36171281351495,0,29.71381862576155,0,2,3,7,2,0,0,0,0
56.848072101767286,1,38.92955956997028,0,1,3,1,0,0,0,0,0
63.272280640607015,0,29.90910972219302,2,0,1,10,1,1,0,0,1
55.654036695586804,1,19.14782121251249,1,1,3,5,0,0,0,1,0
80.4257656064613,0,21.163637138200087,0,1,2,9,0,0,0,1,0
45.66025957398322,0,36.392586579779994,0,1,0,9,2,0,0,1,0
57.91911182855864,0,23.92805534011611,2,2,1,6,0,0,0,0,0
43.86294121452927,0,25.237573173806442,1,0,3,6,0,0,0,2,0
35.19966233168941,1,20.197915397953857,1,3,2,3,0,0,0,0,0
45.82346363642072,0,32.82551702787122,0,1,2,9,0,0,0,2,0
54.44444804427382,0,27.501666036603126,1,1,1,1,2,0,0,0,1
48.5604666322411,1,21.126993260573443,2,3,1,7,0,0,0,0,0
44.61368530189216,0,20.030873555713644,2,2,0,3,0,0,0,0,0
33.90523804492249,1,26.53601972948936,2,0,2,2,2,0,0,1,0
53.75341641056958,1,25.221030874402263,1,1,2,5,0,0,0,0,0
32.42919438953497,1,29.160551086105635,1,1,2,5,1,0,0,1,0
66.40083945534404,0,27.734842365636,1,1,2,2,1,0,0,0,1
56.23659629401755,0,23.677598256156887,0,2,1,8,0,0,1,1,0
33.13672750802604,1,22.28099202269317,2,1,0,2,0,0,0,0,0
50.36186384425205,0,24.20028925850583,1,0,3,8,1,0,0,1,0
43.71765391614125,0,22.246595766716187,1,1,1,6,0,0,1,0,0
59.78761765628771,0,24.34902233597619,2,0,2,10,0,0,0,0,0
75.10675669034717,0,25.082204643096908,2,1,0,4,1,0,0,1,1
26.87241295531383,1,20.510345533099716,1,1,0,3,1,0,0,0,0
56.72539118721126,1,28.1533993104894,0,1,0,9,2,2,0,0,1
52.59800806650039,1,23.147861427651648,0,1,2,6,0,0,0,0,0
65.07010114675698,1,20.790578248573283,2,0,2,5,0,1,0,2,0
58.19794942356533,0,23.24196285859066,0,3,2,10,2,0,0,0,0
43.72046002391771,0,26.211290783101433,2,1,3,3,0,0,0,1,0
50.214190965000725,1,25.415190999066517,0,1,0,3,0,0,1,0,0
43.05961214794766,0,27.11059057452231,1,3,0,6,0,0,0,1,0
71.14010707897897,0,29.491730625377645,1,2,0,10,0,0,0,2,1
55.319674730079136,1,31.524701020040165,0,0,1,4,0,0,0,1,0
83.5178602862951,1,26.427430813440267,2,1,3,4,0,0,0,0,1
54.090087792780686,0,19.652988063822516,1,1,3,8,1,0,0,0,0
44.37389849634306,1,23.654445987348495,0,0,2,2,2,0,0,0,0
32.294284110807595,1,19.97840807808496,0,0,2,6,0,0,0,1,0
27.952904856160824,0,33.48427036856141,2,1,3,9,0,2,0,1,0
31.237960854917652,1,34.937004412635815,0,1,2,3,1,0,0,0,0
59.00689976517225,0,28.251555987481716,2,2,1,5,1,0,0,0,1
62.63087534844901,1,29.292294213195152,0,0,2,7,0,2,0,2,0
31.282139469518,1,26.254715966183294,0,3,2,1,0,0,0,0,0
68.42557471114173,1,26.830279577303955,0,2,2,8,0,0,0,0,0
47.75408422474841,0,17.012728908354386,0,2,1,6,0,0,1,0,0
57.20189517978324,0,24.630338173715447,0,0,1,4,1,0,0,1,0
79.18330942383136,0,20.5942346882687,2,2,1,6,0,2,0,0,1
68.45258973798298,1,26.40678268769185,0,1,0,2,1,0,0,1,1
50.97204028141252,0,24.70195077305733,0,1,1,4,0,0,1,0,0
41.63211661877069,0,34.73410981173057,0,1,0,8,0,1,0,0,0
22.722768980060422,0,29.583138443614207,1,2,1,4,2,2,0,0,0
44.212700211363696,0,26.422559912608225,2,0,0,5,2,0,0,0,0
51.83304641758458,0,23.66530156430187,2,1,3,2,0,2,0,0,0
40.19230709273224,1,33.38010729379965,0,2,1,3,0,0,0,1,0
53.031145493615426,0,24.85022676936735,1,1,1,3,2,1,0,1,1
56.15277824438152,0,26.65836980817639,1,0,0,2,0,2,0,0,1
51.627160272878825,1,25.211248022134175,1,0,0,8,1,0,0,0,0
45.249961287648105,1,22.97923047146339,0,1,2,3,2,0,0,0,0
57.529820079500915,0,25.182531111927602,2,1,0,1,0,0,0,0,1
61.629109743541136,0,15.19016574660842,0,0,2,2,0,0,0,0,0
38.64401383835731,1,17.261467993794064,0,0,0,8,0,0,0,0,0
76.16398569619405,0,26.748152708348137,0,2,1,1,2,0,1,1,1
53.521178015736076,1,32.84099845263743,1,0,2,1,0,1,1,1,1
55.28274434417271,0,26.741105520720843,0,3,3,1,0,0,0,2,0
65.62321634884836,0,21.39815572551673,1,1,1,10,0,0,0,0,0
58.49824196895253,0,17.785731229663323,2,2,3,8,0,0,0,1,0
69.29704950869868,1,28.922636302378194,1,0,3,6,0,1,0,2,0
59.30686247802736,1,22.164024244924494,1,3,1,7,0,0,0,0,0
45.81343938039343,0,28.2161770927628,2,0,3,4,0,0,0,0,0
60.42255287809152,1,26.949325790328587,2,0,2,8,0,0,0,2,0
37.844106890190076,0,27.39150196127345,0,0,0,2,1,1,0,0,0
56.62839558664785,0,25.16800853676778,1,0,3,9,0,1,0,0,0
54.50155014033309,1,26.918221924848208,2,1,0,4,2,1,0,0,1
51.8782471409119,0,24.402727993718326,0,2,1,1,0,0,0,0,0
53.07193732841604,1,21.823467328158983,0,0,1,2,0,2,0,1,0
26.772264317535413,1,20.18250469741974,0,2,2,8,0,0,0,0,0
46.76912638388558,1,15.0,2,2,2,9,2,0,0,0,0
56.39267351711672,1,24.094452187977453,0,3,1,5,0,0,0,0,0
57.397845879961004,0,32.59689091475977,0,0,1,4,1,1,0,0,0
39.58487288611063,0,28.650400462687987,1,0,0,10,0,0,0,1,0
73.98561761297051,0,26.138545592379792,2,0,0,7,2,0,0,0,1
42.007377276782485,0,21.329975028554244,0,1,3,2,0,0,1,2,0
69.54185800790106,0,29.986696128795387,2,1,2,7,2,0,0,1,1
61.40791542807527,0,24.403453440984876,1,1,1,9,1,1,0,0,0
45.30659035234295,1,32.874671568945296,1,0,0,2,0,0,0,0,0
81.62966338914268,0,20.094563683526594,2,1,1,8,0,1,0,2,1
37.095447523652794,1,21.250152360136717,0,1,1,6,0,0,0,1,0
68.78731260415002,1,20.763650278901856,2,1,2,6,0,1,0,0,1
70.00873477064468,1,17.589408147829936,2,0,0,4,0,0,0,0,0
44.94069686385033,0,20.314776574041186,2,1,1,9,0,0,0,0,0
75.88697950096493,0,25.516081298829587,2,1,2,8,0,0,0,1,0
51.24930228101571,0,21.43899487574686,2,2,3,7,2,1,0,0,0
59.33040443919786,0,15.0,0,3,0,5,0,0,0,1,0
58.90482758156831,0,30.37136648710061,0,2,0,5,0,0,0,0,0
52.98536887794178,1,16.579531353262972,0,0,3,2,0,0,1,0,0
67.16212409739673,0,27.946141424433186,0,0,1,5,2,0,0,0,0
66.9023308082832,1,25.156072948347823,2,3,2,3,2,0,0,0,1
28.772020401427287,1,35.58686408210171,0,2,2,7,0,0,0,0,0
74.56510364317229,0,29.984787407613098,0,2,1,9,0,1,0,0,0
30.062620179464886,0,22.476977022575127,2,2,1,10,2,0,0,0,0
70.48819306512486,1,21.48968218822344,2,0,1,6,0,0,0,0,0
71.90057705241375,0,32.513638403996424,2,2,2,10,0,0,0,1,1
38.63550354677203,1,17.62064451449294,2,0,3,7,0,0,0,0,0
48.83778568068123,0,25.95439967959354,1,1,2,7,2,0,0,1,0
38.41442997271096,1,24.34439768375164,2,1,1,7,0,1,0,2,0
51.77618454566897,0,23.28386965647662,1,1,1,4,0,0,0,1,0
50.379485737213884,0,26.767569922242128,2,1,1,6,0,0,0,0,0
66.6949079840401,1,25.947799302543377,0,1,3,7,1,2,0,0,0
74.65463119179412,0,27.287003713958722,2,1,3,10,2,2,0,2,1
75.93525716184934,0,25.69487826181642,1,1,1,4,0,1,0,0,1
46.567479601325466,0,27.088407025086237,1,0,1,9,1,1,0,0,0
51.86167189383208,0,25.466825964657975,2,1,2,9,0,0,0,0,0
29.748427116685747,1,21.70286556391843,2,2,1,4,0,2,0,0,0
42.911949002557165,1,25.020006301182978,2,1,2,8,0,0,0,1,0
69.47277449646187,1,21.428067201479898,0,1,1,8,2,0,0,0,0
79.23374235322348,1,21.09811697634575,0,1,1,2,0,1,0,0,1
36.48476692180117,0,23.31924998641124,0,0,0,6,0,0,0,0,0
46.11303611270659,0,24.402884196320787,0,1,0,9,1,1,0,2,0
54.603913645616096,1,25.176126531739055,0,0,0,8,1,0,0,0,0
59.2024173822941,1,29.58189413681665,2,1,1,1,0,0,0,1,1
42.85594720117531,0,22.507679587295783,1,1,0,5,0,0,0,1,0
61.36091566696135,0,25.9842596323741,2,0,1,5,0,0,0,2,1
47.89240979393626,0,25.590138569719095,1,1,0,9,0,0,0,1,0
54.78321593682581,1,21.956858562669673,1,2,1,2,0,2,0,0,1
63.194263720055496,1,25.368703931032723,0,1,2,5,0,0,0,0,0
55.09633404716407,0,30.01360707588657,2,3,3,1,0,1,0,1,1
48.45421164210147,1,25.932531084417,2,3,1,8,0,0,0,0,0
53.35585294111254,0,26.13291964513654,0,2,0,8,0,1,0,1,0
53.67455561191997,0,21.473358345286663,0,2,1,2,0,0,0,1,0
49.449834551768085,1,34.844294256024384,0,1,3,10,1,1,0,0,0
51.11805905999346,0,21.758218148387495,2,1,1,1,2,0,0,0,0
78.97970755757075,0,16.66108269726261,2,3,1,3,0,1,0,0,1
63.41379171911858,1,29.300920601090382,1,1,3,9,0,0,0,2,0
50.56779522956259,1,24.42591480175787,0,0,1,7,0,1,0,0,0
65.45431606766104,1,23.484790895264624,0,0,3,7,0,1,0,1,0
49.99270765365985,0,22.272231097942363,0,2,3,10,0,0,0,0,0
72.59686956379961,0,34.35857312157919,0,1,2,4,0,0,0,0,1
60.544632882971406,1,26.772951393023412,0,0,2,5,0,0,0,1,0
53.39046783993657,1,27.748756108225425,0,2,1,7,0,0,1,0,0
61.715753887154165,1,25.81307811791134,1,1,2,2,1,0,0,0,0
31.43685771897251,0,26.35024806722598,0,1,1,3,0,1,0,1,0
38.09848796635292,0,31.99312305279707,1,0,1,3,0,0,0,2,0
37.091124904014166,1,23.745726693861524,1,0,0,7,0,0,0,1,0
57.1441464214556,1,17.71531227239635,1,0,1,7,0,0,0,0,0
80.98772499227638,0,29.340273271138884,1,1,2,6,0,0,0,1,1
88.46950219288948,0,27.48350806121196,0,2,1,1,0,0,0,0,1
64.57076652161136,0,25.539899064425214,2,2,1,10,0,1,0,0,0
62.51266712416685,0,27.353766207738932,2,0,1,8,2,0,0,0,0
27.984133987708915,0,23.14627889852913,0,2,2,10,0,0,0,0,0
46.859893003989676,0,25.103462914271297,0,0,1,10,0,0,0,0,0
43.183243721376414,1,24.34149873070045,2,0,2,4,0,0,0,0,0
45.68728602623326,0,22.042558714645416,2,2,2,8,0,0,0,1,0
52.47784272122816,1,30.945863915525013,0,0,3,7,2,0,0,0,0
47.91864133454309,0,17.938706862910998,0,2,2,1,0,0,0,1,0
25.310502844363185,1,36.80441085906483,2,0,3,7,2,1,0,0,0
66.218653841763,0,29.386811046032378,0,0,1,4,0,0,0,0,0
38.9088546139029,1,16.110122326488245,2,1,1,5,0,0,0,1,0
58.588702961667245,1,23.879168352545353,0,0,2,6,0,0,0,1,0
86.1112400462496,1,24.15727042048221,2,0,0,5,0,0,0,1,1
41.20923112620365,1,26.959433144710562,0,1,3,2,0,0,0,0,0
20.0,0,20.0531086463014,0,1,1,8,1,0,0,1,0
50.70993667179834,1,25.160126716841088,2,2,2,8,0,0,0,1,0
71.51439452497857,1,24.394403009386764,0,2,2,5,0,0,0,1,0
84.37521181330891,1,21.311908187132808,0,1,0,5,0,0,0,2,1
36.55675608321375,0,20.61623884264384,2,0,2,7,0,0,0,0,0
62.45048834854782,1,29.594023233511784,0,1,2,2,2,0,0,0,1
48.0203431482992,0,16.517087299787033,0,2,3,5,1,0,0,1,0
53.410774685437964,0,27.389394680480258,0,0,1,1,2,1,0,2,1
90.0,0,28.98755153439062,1,1,2,4,1,0,0,1,1
32.4554450740727,0,23.90720830830792,2,2,3,8,0,0,0,0,0
58.8060949224186,1,25.26186419862498,2,1,1,1,1,0,0,0,0
62.0153975764815,1,30.817474998486908,1,1,0,10,0,0,0,1,0
71.2867948740902,1,21.475742446379716,0,0,0,1,0,0,1,0,0
56.46974730206343,1,21.99173785555438,0,2,3,4,0,1,0,1,0
59.62075809256154,1,22.522581594503457,2,0,1,10,0,0,1,2,0
49.125271488673135,1,30.826627996116407,2,2,2,5,0,0,0,0,0
59.03690411867661,0,31.461468734423537,2,0,1,9,0,0,0,1,0
49.85211586753884,1,18.020548827681907,2,2,1,5,0,0,0,0,0
64.32357834784077,1,30.031203736558183,0,1,3,1,1,0,0,1,1
49.45584495934549,1,29.094541531736418,1,1,1,3,0,0,0,2,0
60.65650590853279,1,32.76797405224914,1,2,2,4,1,0,0,0,0
54.56105779472532,1,26.925540160631897,0,0,1,7,1,0,0,2,0
71.89075376158252,0,24.778699398607117,0,0,1,2,0,1,0,0,0
54.229094146172706,0,30.726083432858296,2,3,2,4,0,0,0,0,0
28.40451297689678,1,28.494518957508827,1,1,1,8,0,0,0,1,0
73.92882251070988,0,36.224492070743636,1,2,2,5,0,2,0,0,1
41.414015487060716,1,29.793539224809138,1,0,0,6,0,0,0,0,0
45.1935049202677,0,25.767739882119578,2,1,3,3,0,0,0,0,0
46.065080589347616,0,19.129478098119144,0,0,2,4,0,2,0,0,0
75.61657139756227,1,22.09541411402941,1,2,2,9,0,0,1,1,1
22.964886790319568,0,17.82022510985992,1,1,0,2,0,0,0,0,0
90.0,1,23.924689819695683,2,1,1,3,0,0,1,1,1
70.84085213599077,0,29.630337966164227,1,0,0,2,0,0,0,0,0
58.348583711937394,0,24.981644557597424,2,1,1,2,0,0,0,0,0
54.1765899907557,1,30.108626343800363,0,1,1,9,0,0,0,0,0
59.28331112286485,0,26.68786866719507,2,1,3,8,0,0,0,0,0
62.81683642569008,1,22.984538551229953,2,1,3,7,2,1,0,1,1
64.67823378925085,1,25.43812577584982,1,0,2,9,0,1,0,0,0
63.334066990051724,0,27.36048345527548,0,2,2,8,2,0,0,0,0
56.34371021882873,1,25.69611699231808,0,2,1,9,0,0,0,1,0
52.03992369539011,1,25.75342114425957,2,1,0,2,2,0,0,0,1
52.730900745197324,0,21.15474946206647,1,0,3,7,0,0,0,0,0
52.07637579470978,0,22.83511867378892,1,1,2,9,0,1,0,2,0
72.00655145300597,0,36.29230398077322,1,0,2,9,0,0,0,0,0
63.90335083421293,1,31.142332452117714,2,2,3,8,0,0,0,1,1
20.0,1,17.63079551595142,0,1,3,1,0,0,0,1,0
64.83851164794642,1,15.0,0,0,1,3,0,1,0,0,0
57.92104292078162,1,25.38096210724361,0,0,1,8,0,0,1,0,0
54.71936865331154,1,29.46736447212995,0,3,3,3,0,0,0,0,0
49.17222320366671,1,22.400290812888965,1,2,2,4,0,0,0,0,0
71.86169079979021,1,30.10829364098969,2,0,3,10,1,0,0,2,1
69.21289693184286,0,25.298272825035422,0,3,1,2,1,0,1,0,1
43.40683498264586,1,24.184693601365126,0,0,1,3,2,1,0,0,0
61.105784306868024,1,28.780575880875908,1,2,1,5,0,0,0,0,0
40.42514898188071,1,22.340621035488656,2,1,1,6,0,0,0,1,0
34.305727528166045,1,23.566468390981733,0,2,3,6,0,0,0,1,0
45.59924163115052,0,28.350836310652316,2,1,2,7,0,0,0,1,0
67.93590208574138,1,24.84302031466988,0,1,3,10,0,1,0,0,0
69.2968756806413,0,34.54388136688868,0,1,1,8,0,0,0,1,0
62.69628130145939,1,28.46912706428009,2,1,0,6,0,1,1,1,1
65.87643680271995,0,28.14406914166381,1,0,0,10,0,0,0,2,0
62.742674306724375,1,24.752476769674658,2,2,1,6,0,0,0,0,0
45.37777607165572,1,29.37377338354803,2,1,2,2,0,0,0,0,0
61.47883817010911,1,23.38696113599177,0,1,0,3,0,0,0,0,0
67.00614287841523,0,26.411888755997577,1,1,1,6,0,1,0,1,0
66.31436994720362,1,20.4185347649772,1,1,2,6,0,0,0,2,0
72.83370057211964,1,30.197206961152958,2,2,0,6,0,0,0,1,1
65.62455770801596,1,26.453023486308958,1,2,0,4,1,0,0,1,1
60.27172311312374,0,34.912565318489385,0,2,2,2,2,0,1,0,1
71.05225357474642,1,36.96149191834879,1,2,2,8,0,0,0,0,1
54.6021811112641,0,28.81659725716574,2,2,3,2,1,0,0,0,0
41.771880231584234,1,25.342126556039517,0,0,2,3,0,0,0,0,0
52.553995540843545,0,20.269677439372156,0,0,3,1,0,0,0,1,0
43.82646032790326,1,29.523749016294122,0,2,1,9,0,0,0,1,0
44.87232587538428,1,26.05142281947614,2,0,1,3,1,0,0,0,0
52.83221993926723,0,27.69017419577231,0,3,3,2,1,0,0,0,0
43.11370118500058,0,33.64893693728122,0,2,3,6,1,1,0,0,0
50.38057705541439,1,20.877883556683265,1,1,2,8,0,2,0,1,0
26.595779995693213,0,20.37847915759332,0,1,2,4,0,0,0,2,0
58.19940561059408,1,23.8178703081466,0,1,0,1,0,0,0,0,0
55.01808213043336,0,29.106005748759117,1,2,1,7,0,2,0,0,1
42.74367053397714,0,27.77433620107244,0,2,0,3,0,0,0,1,0
64.88868502648607,0,20.52155744152114,0,0,0,5,0,0,0,0,0
69.06355206439838,1,28.78276450351241,0,2,2,2,0,1,0,1,1
30.886602034465387,0,18.993935905533686,0,1,0,8,2,0,0,1,0
43.55912832150679,1,20.811291628255713,2,0,1,3,2,0,0,0,0
43.46286475319053,1,24.42271341405405,1,1,3,9,0,0,0,0,0
40.90145348336703,0,22.2328437701239,1,1,1,1,0,0,0,0,0
67.44212262897622,1,29.44929744325467,0,0,0,6,1,0,0,1,1
52.09260791840795,0,26.43189241500547,0,0,2,3,1,1,0,2,0
51.03227738034084,1,33.827805888136304,2,0,3,4,0,2,0,0,1
24.942064533898698,0,23.764073173227928,0,3,1,4,1,0,0,0,0
64.53127045313839,0,24.38898924479628,0,0,3,8,0,0,0,1,0
36.41112407719791,1,31.051913045308815,2,1,1,9,1,0,0,1,0
55.89898945399492,1,24.54539598438102,2,0,2,5,0,0,1,0,0
59.160654069372875,0,32.47002623853773,2,2,0,10,1,2,0,0,1
75.40987893757976,1,27.70414105192246,1,2,1,10,1,0,0,0,1
35.367694013213324,0,15.0,0,2,2,3,0,0,0,0,0
20.0,1,30.88785207074732,2,1,2,9,0,1,0,1,0
57.75774317130542,1,29.563634065599043,2,1,2,1,1,0,0,0,1
82.0076677226628,0,29.756663030552723,0,1,3,1,0,0,0,1,1
73.58419529409156,0,15.44510810727371,2,1,0,3,0,1,0,1,1
58.14489122911939,0,21.685050193644763,1,0,2,2,0,0,0,0,0
47.62545721551929,0,22.05647583221615,1,1,0,8,0,0,0,0,0
67.10683894955966,0,20.794393162198038,0,0,1,5,0,0,0,0,0
40.39680700443297,1,33.70961265946969,1,2,2,10,0,1,0,0,0
62.14536654034329,1,24.94116081088183,0,1,0,1,0,0,0,1,1
62.5820523874994,0,24.817195286854147,1,1,0,3,0,0,0,0,0
70.90314861248319,1,27.760041551578894,0,1,3,3,0,0,0,0,0
90.0,1,27.84650833944691,1,2,1,2,0,1,0,0,1
60.88623950768151,1,15.0,1,1,1,9,0,0,0,0,0
47.36554561438752,1,21.768212314253184,2,1,2,1,0,0,0,2,0
54.616385317120084,1,17.936057111043617,0,0,1,10,1,0,0,0,0
28.463861426663225,0,27.0015304657741,2,0,0,5,0,0,0,1,0
44.579303033664125,0,23.555537928329763,0,0,1,9,1,0,1,0,0
48.86076342830344,0,25.076937822506345,2,0,0,3,0,1,0,2,0
47.138674030981115,0,15.0,1,2,3,10,0,0,0,0,0
57.28532308050583,0,23.45073887654751,2,2,3,3,0,0,0,0,0
42.66370101426699,1,30.575651259164076,1,0,1,7,0,0,0,0,0
71.81546000986707,0,32.04724741551084,1,0,1,1,1,0,0,0,1
55.00310597377295,1,28.5943170977035,0,1,1,9,0,0,0,2,0
54.860495182920786,0,18.322673532759406,2,1,0,7,1,0,0,0,0
50.081579252306234,1,31.29700901496062,2,2,1,8,0,0,0,1,0
57.32786025788469,1,28.620011275000078,0,1,0,2,1,2,0,0,1
67.37647397001452,0,24.41405482967731,0,2,2,3,2,1,0,0,1
41.9930467643365,0,15.0,2,0,1,9,0,0,0,0,0
45.12825266387115,1,29.767974753312586,2,1,2,4,0,0,1,2,1
50.44410956835003,0,22.039168350083106,0,3,0,5,0,0,0,0,0
34.811936147901775,0,26.730829105273905,2,0,2,9,0,1,1,0,0
42.71113210417754,0,25.341969303183312,0,1,0,10,0,0,0,0,0
47.85668689683011,1,32.69197492219139,2,0,3,8,0,0,0,0,0
68.11583771069091,1,24.37316507001246,2,1,2,5,0,0,0,1,0
58.938419935028875,1,24.92443204957026,0,0,0,2,0,0,0,0,0
57.90384867051316,1,32.89307695239315,0,2,1,3,0,0,0,2,1
67.76346943251959,1,21.70888878124906,1,3,0,3,0,0,0,0,0
52.93942317400905,1,29.071614257038885,1,2,2,7,1,0,0,1,0
60.856972748933345,1,24.00692138560768,2,1,0,6,1,0,0,1,1
53.451673706012556,0,19.987290189975354,2,3,1,7,0,0,1,1,0
58.980435240994424,0,25.005804933604363,1,2,1,8,0,0,0,0,0
46.25862013582627,1,28.45852556803994,2,1,2,5,0,0,0,1,0
20.0,1,31.768549199882557,1,0,1,6,0,0,1,0,0
52.985812567205436,0,32.37346992672841,2,1,3,1,0,0,0,1,0
76.3412220414991,0,23.526179628872338,2,2,3,4,0,0,0,0,0
68.89323103362389,1,20.06375383983893,2,0,3,6,0,0,1,0,0
69.48096226886756,1,23.406305502112602,0,1,1,4,0,0,1,0,0
73.54196082709326,0,19.09234623334922,1,3,2,1,1,0,0,1,1
56.32986386442156,1,23.913069002917474,1,1,1,3,2,1,0,0,0
57.959735611083936,1,23.291673581901208,1,1,1,3,2,0,0,1,1
45.73522156848475,1,28.63745102078383,1,3,3,3,0,0,0,0,0
50.25890715959425,0,15.0,2,0,0,4,0,0,1,0,0
64.23656724656712,0,21.3319602695668,0,3,1,9,0,0,0,2,0
73.05826655753225,0,21.372408477790422,1,2,2,9,0,0,0,1,0
52.90830586478501,0,30.935636262040127,0,1,0,8,0,0,0,1,0
48.24716102722883,1,19.430778112994915,0,0,3,3,2,0,0,0,0
55.00791938284896,0,26.13328679824497,1,0,1,2,0,0,0,0,0
64.01810123393672,1,24.359357927901094,0,1,2,3,0,0,0,1,0
33.34217775799687,0,30.21521263418191,0,2,3,5,1,0,0,1,0
20.557285702941428,0,27.979159322552736,1,1,2,7,2,0,0,0,0
46.74194725762625,1,25.6062186591019,0,2,3,2,0,1,0,2,0
36.689313611287616,1,22.22666562705966,0,1,0,6,0,0,0,0,0
47.37789703529034,0,15.73828748445062,2,1,1,2,0,0,0,0,0
52.78329521773793,1,26.235428278437027,2,3,2,1,0,0,0,0,0
48.2012738646548,1,27.652448992649365,0,2,2,3,0,0,0,0,0
76.78701301706118,1,17.125661937626734,0,3,0,4,1,0,0,1,1
59.9011714690348,1,18.831529178357254,2,0,2,2,0,0,0,1,0
59.507115394162426,0,26.26164986685838,0,2,0,3,0,1,0,0,0
64.33310716065102,1,26.69570843103935,1,1,0,6,0,0,0,1,0
37.917503233288464,1,20.046763449539704,1,3,1,9,0,2,0,0,0
70.58667681130403,0,22.12967643215981,2,1,2,2,0,2,0,1,1
53.863535701968104,0,15.817555807147867,2,0,3,7,0,0,0,0,0
65.05720925861819,1,31.88631951906617,0,1,2,1,0,0,0,0,0
38.92214150439767,0,18.50062796315774,1,0,2,4,1,0,0,1,0
31.693618509759034,0,27.711296956242755,1,0,1,2,1,0,0,0,0
67.26834487037543,1,24.8251965192331,2,1,0,4,0,1,0,1,1
60.64614289146275,0,31.447968098123795,2,2,2,2,1,0,0,0,1
41.46922668463735,0,21.03872953612622,1,0,1,3,0,0,0,0,0
41.95505378087958,1,25.306263551701935,2,0,2,8,1,0,0,0,0
71.88152176622154,1,16.50786545381325,0,2,0,4,1,0,0,1,0
37.15882160699008,0,15.307365815301232,0,1,1,6,0,0,1,2,0
79.64009429883944,1,27.981667919327368,0,3,2,9,0,0,0,0,0
41.49068898028197,1,16.07487080465149,0,0,3,8,0,0,0,2,0
64.57587888412574,1,23.858912327827348,1,1,1,2,0,1,0,1,1
50.07072286376523,0,30.0564772398646,2,0,1,2,0,0,0,0,0
64.04781146623515,0,28.733424280473397,1,3,3,3,0,0,0,0,0
46.838289968287114,0,21.67707256025703,1,2,2,2,2,0,0,0,0
52.558106408915584,1,17.057484317959137,0,2,3,3,0,0,0,1,0
55.61378763093582,1,27.547474308277643,1,0,1,2,1,0,0,0,0
39.96718816327791,1,31.711283914300903,1,3,1,6,2,0,0,0,0
66.11236518130188,1,21.68880960667188,1,3,0,9,2,0,0,2,1
47.30179650292622,1,20.983435707964418,0,1,0,8,0,0,0,1,0
51.571001269899725,0,22.375490185655007,1,1,1,6,0,0,0,1,0
40.08475938087231,1,27.85804355403558,1,3,1,4,0,2,0,1,1
20.0,1,31.142588032074563,1,1,3,10,1,0,0,1,0
52.13458356099746,1,18.80196594309739,0,0,1,5,0,1,0,0,0
90.0,0,17.508590953376736,0,2,2,4,0,0,0,0,0
66.76906431847036,1,36.69998160966224,0,1,3,5,0,0,0,2,0
54.71109430398408,0,24.113386060549807,2,3,1,2,0,0,0,2,1
51.05663756187599,0,26.26446397845155,2,1,0,8,1,0,0,2,0
55.33698839218069,1,21.540345796911804,2,0,1,1,0,0,0,2,0
63.20678672762815,1,27.44981154726358,1,1,3,9,0,1,1,0,1
37.28780777036732,0,29.80030437350761,0,2,2,1,0,0,0,0,0
71.71482542003308,1,26.498980857864648,2,0,1,5,1,0,0,2,1
65.73071973161866,0,33.70429038507217,1,1,3,9,1,0,0,0,0
65.77278588561902,0,23.366277050294542,0,0,1,1,0,0,0,1,0
61.57713608214591,0,23.68558763482312,2,1,1,1,0,1,0,1,0
55.294249865409846,1,26.157031756387077,0,3,2,3,0,0,0,0,0
65.09291853950229,1,27.324808227530486,0,1,2,8,0,0,0,1,0
63.87721200612067,1,26.139736310313047,2,1,1,3,2,0,0,1,1
49.68938933588464,1,18.577924865224546,2,1,1,2,0,1,0,0,0
46.39597340654649,0,26.562575830977806,2,1,1,6,1,0,0,1,0
56.527844428929804,0,23.129132075982813,0,1,0,10,0,0,0,0,0
78.23530227242782,1,22.09511492962677,2,2,2,5,0,0,0,0,1
36.41339386519149,0,25.16241027376622,2,2,2,9,1,1,0,2,0
32.9871210137134,1,20.192386563353928,2,1,2,3,0,0,0,1,0
57.47141261854775,1,19.32304338063384,2,3,3,4,1,1,0,0,0
55.76331552784027,1,15.0,1,2,2,10,0,0,0,1,0
57.60012496555612,0,33.736186642549455,0,0,0,8,0,0,0,1,0
58.659297968627506,0,27.778656595515013,2,1,1,2,1,0,0,0,1
51.65196618047792,1,24.416179393468475,1,3,1,5,1,0,0,0,0
77.34795157903123,0,21.66388381556676,0,3,3,9,0,0,0,0,0
30.986440322852268,1,15.0,2,1,2,9,2,1,0,1,0
42.57254462829631,0,21.357355618892576,1,2,1,10,0,0,0,1,0
53.45117859776429,0,28.57933168582038,1,1,3,9,1,2,0,2,0
30.352167832687492,0,29.710871517969345,0,0,1,1,0,0,0,1,0
52.362183933518935,0,28.21145996801651,0,2,3,1,0,1,0,0,0
79.92205248592028,1,25.791959778762344,0,3,0,1,1,0,0,0,1
55.313297324439425,0,31.519370729656895,2,1,0,8,0,0,0,1,0
58.460513585780255,0,23.357313889557297,0,0,2,4,0,0,0,1,0
36.097528522411295,0,30.425944580671807,0,2,0,9,0,0,1,0,0
45.75457887940784,0,23.077087781398934,2,1,2,6,0,0,0,2,0
49.37205429514094,0,20.594293455611187,0,0,2,3,0,0,0,1,0
50.23427354865649,0,19.971435097887394,1,0,2,8,0,0,0,1,0
74.22465692505654,1,19.677517894135235,2,0,3,1,0,0,0,1,0
63.36536591087687,1,28.295340144012428,1,1,2,2,2,0,0,0,1
38.32813064594452,1,21.28627214451461,2,0,3,8,0,0,0,0,0
58.697571676480074,1,19.83485577482528,2,0,2,1,0,0,0,1,0
62.47332622745178,0,28.5686760983068,2,3,2,5,0,0,0,0,0
72.102235577819,1,26.639851952361163,1,3,2,3,0,0,0,0,1
78.70811029852561,1,29.812959914229012,0,0,3,2,1,0,0,0,0
39.77358712258197,0,27.562997556363992,1,0,1,4,0,0,1,0,0
42.83713733184493,1,21.234442099013442,2,1,2,2,0,0,0,1,0
36.136332116280755,0,25.380512082342936,2,0,1,5,0,0,0,0,0
51.48970211339528,0,25.625664953848386,2,0,0,8,0,0,0,1,0
61.995375616695014,1,20.40420670762999,1,1,3,4,0,1,0,0,0
69.81001774883653,0,19.476875129530036,1,3,0,7,2,0,0,1,1
53.86073464536216,0,21.596391954411477,0,3,2,5,1,0,1,0,0
50.202287151177345,0,35.1829117833604,0,2,1,9,1,1,1,0,1
57.27636988373111,0,22.936279528892257,2,1,3,2,0,0,0,0,0
42.472856475549655,0,31.16433395693357,0,2,2,2,0,0,0,0,0
86.3430808254216,1,22.65669745260101,0,1,0,1,0,0,0,2,1
30.88508459322912,1,29.44419409769996,2,1,1,4,0,2,0,0,0
57.77110868343587,1,29.512458277789236,0,1,0,8,1,0,1,0,0
85.35409328844459,0,29.762952539760224,2,2,1,5,0,0,0,1,1
55.10199766839997,1,26.939136710044792,0,0,2,5,0,0,0,0,0
52.14941447497758,1,31.886832893905755,2,0,1,4,0,0,1,1,1
49.63831865784359,0,26.89176984676364,1,3,3,7,1,0,0,1,0
52.29412477356388,1,33.5676486467014,0,1,0,10,0,0,0,0,0
75.59272712014796,1,16.900400984057832,1,0,0,8,0,0,0,0,0
21.822071330057398,1,26.74143123833409,2,1,0,9,1,0,0,1,0
78.00150551944489,0,26.416617962678334,1,0,1,6,0,1,0,1,0
33.64064271324783,0,20.317400770972544,1,0,1,9,1,0,0,0,0
51.00021506148378,1,27.897921108818693,2,0,0,1,0,0,0,1,1
48.56133369552008,1,17.54958662211691,0,1,3,3,1,0,0,0,0
63.828299046560794,1,21.729078371198355,2,0,3,1,1,0,1,1,1
31.028134721743786,1,15.00456093551096,0,1,2,5,1,0,0,0,0
61.93258999122914,1,32.793132584814074,1,0,2,8,0,0,0,0,0
85.36464434930278,0,23.842252530273523,0,0,3,6,0,0,0,0,0
34.55238993110784,1,35.83442017408156,1,2,2,10,0,1,0,0,0
57.84559251415593,0,29.014749632597475,0,2,0,5,0,1,0,0,0
45.070267333050865,1,27.240491066755123,0,1,2,1,0,0,0,0,0
61.388308092895535,1,22.068861528595004,1,0,1,1,0,0,0,0,0
55.28721666123628,0,19.7682498215629,1,0,1,5,0,0,0,1,0
45.37769636433536,1,27.614857869484727,1,2,2,5,0,0,0,1,0
62.31808427306611,0,24.64242995363509,1,0,2,8,1,0,1,0,0
82.06522164680115,0,18.303648422573495,0,2,0,2,0,0,0,1,1
52.13644312409052,0,17.415707917458406,2,1,0,7,2,0,0,0,0
65.79636913222274,0,20.206481354282083,0,2,3,5,0,0,0,0,0
35.60090563193255,0,34.10483612633115,0,1,3,2,0,0,0,0,0
40.65345434772987,0,36.06638959005652,1,1,2,5,0,1,0,0,0
62.08609416820566,1,26.02494573654455,2,0,2,9,0,0,0,0,0
77.26174042803947,1,25.74471398120644,0,1,2,5,0,0,0,1,0
60.3342002317849,1,23.318398140852395,0,2,1,5,0,0,0,0,0
50.30412954215269,0,20.32757325845249,2,0,1,2,0,0,0,1,0
54.98937108135031,1,31.87589528803622,1,1,1,9,0,0,0,1,0
36.243883990454236,1,34.36788196948568,1,1,3,2,0,1,0,0,0
64.0677298953305,0,20.532904570803574,2,1,3,5,0,0,0,1,0
68.23499593485114,1,24.585808107876993,0,0,1,2,2,1,0,1,1
48.218645007503795,0,22.750668496449162,1,3,1,2,0,0,0,1,0
47.94936778360748,1,22.898804625675115,0,1,3,6,0,0,0,0,0
58.98817344478073,0,30.929541277149312,0,3,2,10,0,2,1,1,1
48.44920395939107,0,18.44019227316939,0,2,1,3,0,0,0,2,0
54.008010780612665,1,27.33234845468153,1,0,0,10,0,1,0,0,0
86.49582683749773,0,28.64119053652933,0,0,2,9,0,0,0,1,0
51.29461448881005,0,24.289244131990905,1,2,1,6,0,0,0,2,0
49.62489771968167,1,29.465339134933863,2,1,2,10,0,1,0,1,0
45.286872915472614,1,25.73825920268725,2,0,2,10,1,0,0,0,0
66.16287957249905,1,31.08564960578056,0,3,2,2,0,0,0,0,1
52.28163740172845,0,17.38897347537073,0,1,2,1,2,0,0,0,0
45.25940442517861,0,23.256123694965652,1,1,2,2,0,0,0,0,0
74.81956048409518,1,24.640934285744827,0,1,0,10,1,0,0,0,0
76.29404506770456,0,15.0,2,2,2,6,1,0,0,0,0
45.99364651391942,0,19.570236332107328,2,0,0,2,0,0,0,0,0
27.001900729590755,1,20.93200372820607,1,1,1,7,1,0,0,0,0
70.11270534755383,0,29.74102997411675,0,1,2,7,0,0,0,1,0
44.73055261359994,0,21.465783268426996,2,2,2,1,0,0,0,0,0
66.85938398744153,0,20.909605063470114,2,2,2,6,1,1,0,0,1
25.448442734322466,0,29.08742890328096,1,1,2,5,0,1,0,1,0
68.38896007448963,0,16.910446771049727,0,1,0,8,1,0,1,1,0
36.83242106078828,0,15.0,1,1,1,8,0,0,0,0,0
65.96146178599787,0,23.19203849965327,2,1,1,9,0,0,1,1,1
55.21409601754651,1,17.761466159608226,0,3,1,2,2,0,0,0,0
40.690908709050326,1,17.951603526701753,2,1,2,1,0,0,0,0,0
48.894455306098294,0,27.86716895843991,0,3,0,10,0,1,0,0,0
65.29477685435052,1,29.379869189562896,2,2,2,6,0,0,0,1,1
56.58841679672852,0,28.944321079260625,1,0,3,2,1,0,0,0,0
63.766194707087266,0,30.543883301536162,0,2,2,5,0,1,0,1,1
84.64660876773229,0,31.20567160007401,0,0,2,1,0,0,0,1,1
31.53637582433423,1,15.0,1,1,3,1,0,0,0,2,0
79.25818862452937,1,27.252059799647334,0,1,1,5,0,0,0,0,0
56.565339062848196,1,22.351959002152206,1,2,2,6,0,0,0,0,0
41.51823927515308,0,21.26287877004782,0,0,0,7,1,0,0,1,0
35.04529561391515,0,27.802073161043527,0,2,0,4,0,0,0,1,0
52.163194138344494,1,16.348522600521243,1,3,1,4,0,0,0,0,0
68.82475167886689,0,16.2444569706384,1,0,0,5,0,0,0,0,0
53.08676319433699,1,28.167863720408587,1,2,2,6,0,2,0,1,0
77.66732395371021,1,27.43893008755449,1,0,0,8,0,0,0,0,0
33.23236464922662,1,25.68366327935755,1,0,3,9,0,0,0,2,0
54.81866578230918,1,20.600432976384315,1,3,3,7,0,0,0,1,0
36.214098333803214,1,28.71914817291062,0,1,3,10,0,2,0,0,0
60.45447823937452,1,28.40151446030238,0,1,3,3,0,0,1,1,0
68.3033108514595,1,25.42652257523727,0,1,3,6,1,0,0,0,0
48.6885730947842,0,19.113394793651143,1,0,1,9,0,0,0,0,0
20.0,1,22.873758271352465,1,1,1,6,0,0,0,1,0
57.98422220194742,0,29.189168387622214,1,0,1,10,0,0,0,0,0
61.55107827600264,0,31.635956114008934,2,0,2,8,0,2,0,0,1
61.06442132442547,0,23.367316983118357,0,3,2,8,0,0,1,0,0
73.53673287733231,0,23.75163516095869,1,3,1,4,0,0,0,1,1
38.93419480526427,1,24.191554459874695,0,1,1,7,2,0,0,0,0
65.20324158175674,1,26.37446504455486,2,0,2,7,1,0,0,0,0
72.88761268716962,0,22.09466349969988,1,1,0,7,0,2,0,0,1
28.321186239902246,0,15.0,2,2,2,8,0,0,0,1,0
59.79477738878466,1,30.963845008235484,2,0,1,2,1,0,0,1,0
47.43730253488493,1,33.97344473581275,2,0,3,2,0,2,0,0,0
53.77715990347531,1,21.938000701971436,2,2,3,6,0,0,1,0,0
60.215147253075045,0,19.666733155406128,0,1,0,6,0,0,0,0,0
47.691571538296714,1,24.31449738804889,0,0,3,5,0,0,0,0,0
44.86437881257582,0,24.062480581356134,2,0,3,2,0,2,1,0,1
55.512286262320366,0,29.977592885814797,2,2,2,8,0,0,0,0,0
38.69131091705796,0,25.273197208225188,1,1,3,3,0,0,0,2,0
38.712623066722216,0,21.036885848144085,0,0,0,1,0,0,0,1,0
65.19059924434755,0,18.407952747209755,2,2,3,1,1,0,0,0,0
37.76808947262016,1,29.328170924098366,0,2,1,7,0,0,0,1,0
64.99468751363818,0,27.997556205821247,0,0,3,7,1,0,0,1,0
61.938869392809266,0,30.302799390459093,1,1,1,6,1,0,0,0,1
29.11289906814105,0,20.15906624639453,0,0,2,6,0,0,0,0,0
44.83653021496517,0,34.19218449764165,0,1,1,5,1,0,0,1,0
72.91164104571058,1,16.281527464713815,2,0,1,6,0,0,0,0,0
40.28251703290478,0,28.5480051070074,0,1,3,2,0,0,0,2,0
48.033936065359185,1,15.452086164015492,2,1,2,5,0,0,0,0,0
61.93091339877844,0,21.04834309150766,2,1,3,2,0,0,0,0,0
66.75085763923893,1,32.805114652239794,2,1,2,3,0,0,1,1,1
51.22691670933256,1,29.156821272379947,2,0,3,5,0,1,0,0,0
46.03734707962538,1,22.26889792256409,1,3,2,1,0,0,0,0,0
76.33554792547761,1,22.405814785891558,1,0,0,3,1,1,0,0,1
81.08349495696368,1,25.503110554177212,2,1,2,10,0,0,0,0,0
69.68287076172693,0,27.570704953803613,1,0,0,6,0,1,0,0,1
56.27977213847536,1,31.257896913413482,1,1,3,2,1,1,0,1,1
42.8760141753861,1,22.71882997695753,1,0,1,3,1,2,0,1,0
42.54333390165152,1,16.941074682563993,1,0,2,9,1,0,0,0,0
62.837711578986365,0,25.7848431352438,2,1,2,8,1,0,0,1,0
61.275973313330255,0,22.712845812458028,1,0,2,3,0,0,0,2,0
76.02397889419645,1,18.496831476257764,2,1,2,7,0,0,0,0,0
64.75675138804209,0,26.48834457656397,1,0,3,4,0,0,1,1,1
32.45379547360273,0,23.934431229536052,1,0,1,7,0,0,0,0,0
70.77921426584378,0,26.532561032348973,0,2,2,5,0,0,1,0,0
40.02909059028381,1,20.527778999064097,2,0,0,2,1,0,0,0,0
49.24043092071473,1,27.433552651627494,0,0,1,6,2,0,0,0,0
58.75300309377542,0,18.414509016225107,2,0,0,1,0,0,0,2,0
84.93501234675946,0,20.861343051517085,2,0,2,6,0,2,0,0,1
90.0,0,23.78542884456361,1,0,1,1,0,0,0,0,1
64.10084588704274,0,33.70909207479857,2,0,3,3,1,0,0,0,1
52.25205071919418,1,28.924126842742467,1,0,1,10,0,0,0,0,0
63.01758472720825,1,30.385962521338946,0,2,1,7,0,0,0,0,0
68.31483138810754,0,32.085385166715724,1,0,1,2,0,0,0,0,1
50.189985616642126,1,40.0,0,2,0,9,0,1,0,0,0
81.92817033868484,1,25.20794533779217,0,2,1,3,0,0,0,0,1
58.45106138787103,0,32.10200461564928,1,0,2,3,0,1,0,0,1
62.46614633637091,0,30.063176272009706,2,0,1,7,0,0,0,0,0
64.98886378081693,1,29.98016251653763,1,0,1,1,2,0,0,0,1
61.32379915921683,0,33.871198090200906,1,1,0,5,0,0,0,0,1
67.58410750704418,1,22.90343484507762,0,1,1,10,1,0,0,0,0
45.741202201796156,0,22.5065748803181,1,1,2,3,2,0,1,1,0
46.62547369080954,1,26.59882756740931,0,1,1,1,0,0,0,0,0
38.497686505424575,1,24.086501140390563,0,0,1,7,0,0,0,0,0
61.59251845930339,1,26.592504264990865,2,2,1,10,0,1,0,1,0
66.6840475526817,1,32.81374392526506,0,1,3,7,0,0,0,2,0
61.866592992278285,1,22.609266386468608,0,3,1,9,0,0,0,0,0
80.11738650021306,1,23.476605187031346,0,1,1,7,0,0,0,0,0
54.9160597175643,0,25.871555017632886,1,0,2,4,0,0,0,0,0
65.03112483388769,0,23.858407869874153,2,2,3,3,0,0,1,0,1
38.624486857910284,1,15.429970859932563,2,1,0,6,0,0,0,0,0
49.193504462883986,1,22.099361786505302,2,2,2,6,0,0,1,0,0
65.43306636348666,0,28.43686621118752,1,1,3,2,1,0,0,0,1
67.73653166114715,0,32.187733754663235,0,2,1,7,0,0,0,1,0
50.59049578503726,1,19.226907162311367,0,3,3,1,0,1,0,0,0
53.926011222129,0,19.203588003845784,1,1,2,9,0,0,0,0,0
32.231893799787855,0,25.151169013586678,1,0,2,2,0,0,0,1,0
49.64456198790086,1,15.0,1,1,3,3,0,2,1,0,0
68.35574745279679,1,22.775148985064362,0,3,0,6,0,0,1,1,1
63.628075241598495,0,16.319789702243032,0,1,2,7,0,0,0,0,0
62.50998582071814,0,31.845306499212327,0,3,3,1,0,1,0,0,1
55.746605307714404,0,21.153344228247978,2,1,1,3,1,1,0,0,0
55.105947379422645,0,33.26417093169513,0,3,0,6,0,0,0,0,0
45.09518290789829,1,30.567606767291693,1,0,2,4,0,1,1,1,1
65.48242630303803,1,21.768413511512918,0,1,0,5,0,0,0,1,0
61.314594165840845,0,19.64020181576961,1,1,2,3,1,0,0,0,0
62.38028271989199,0,24.03227125416206,0,1,2,8,0,0,0,1,0
47.10947735998629,0,24.476766878708982,0,0,2,1,0,1,0,1,0
22.699856201931333,1,26.730734719762008,0,3,2,10,0,0,1,0,0
71.45729067630543,0,21.117283552349107,0,3,0,7,0,0,0,0,0
47.81743815987394,1,28.731974367611016,0,2,0,2,0,0,0,1,0
42.058363539353195,1,26.326640274999498,2,0,3,8,1,1,1,0,0
65.4021836787099,1,23.29802421642068,0,0,0,3,0,0,0,0,0
49.11981040121306,1,21.439796722909886,0,1,1,4,0,0,0,0,0
70.89904576069932,0,24.07557508450657,1,2,3,2,1,1,0,0,1
64.25508924365046,1,20.915493740862154,1,0,1,5,2,1,0,0,1
65.25353984800716,0,25.29219347441794,0,1,2,9,2,0,0,1,0
34.51066433199199,1,25.42719342609955,1,1,1,4,0,0,0,0,0
73.179159780796,0,26.308536417381696,2,2,1,7,0,0,0,0,1
58.91875796850784,1,33.83121204835927,0,1,2,8,0,1,0,0,0
49.460842911306955,0,24.337776401502136,1,1,2,10,1,0,0,0,0
57.15082701013377,1,30.022989335622412,0,0,3,1,0,0,0,0,0
28.3564715065252,0,26.14793698487851,0,0,2,6,0,1,0,2,0
61.12979217221006,1,23.80877849050773,2,3,0,5,2,1,0,1,1
39.559427377268925,0,24.40420365024383,0,1,1,10,0,0,0,1,0
34.70994571234698,0,24.70586795415975,0,3,1,10,0,1,1,1,0
32.16461220673163,1,26.39883853864108,2,0,1,1,2,0,1,1,0
71.69032562484888,1,20.20339617390515,2,1,2,9,0,0,0,0,0
45.561049094608165,0,17.673298082775165,1,1,1,10,0,0,0,0,0
78.00591564874749,1,28.271486967371377,1,3,1,7,2,1,0,0,1
46.96297805421553,1,29.490619162906295,2,3,3,1,0,2,1,1,1
29.3896306361058,1,28.728179164014016,2,0,2,2,0,1,0,1,0
38.25213340077011,0,25.77486009278236,0,0,1,4,0,0,0,0,0
73.53717430010408,0,28.836123137266444,1,2,1,10,1,0,0,0,1
52.66152733094999,1,28.567145130085713,0,2,3,9,0,1,0,1,0
46.77569055264099,0,28.938146794774774,0,1,3,2,0,0,0,0,0
57.40027338779181,1,20.70229589328943,1,2,2,1,0,0,0,1,0
62.52674104251317,0,19.515241014226845,1,0,1,1,0,0,0,2,0
71.76098223853691,0,23.057153766238645,0,1,2,9,0,2,0,0,0
76.7274884483939,1,24.913079452286723,0,2,3,1,0,0,0,0,0
49.60347031316371,1,23.790394364338553,1,0,0,4,2,0,0,0,0
35.10928470876942,1,15.616548343310622,1,2,3,5,0,0,0,0,0
48.79802258315086,0,33.60846306067571,2,3,3,6,0,1,0,0,1
58.90420759874329,0,23.62977005557132,2,2,1,6,0,0,0,0,0
40.54361610684084,0,25.863522082884767,2,0,1,3,0,0,0,0,0
40.642736276574354,0,31.222744953815294,1,1,2,7,0,1,0,0,0
60.15681822324828,1,15.0,1,1,1,8,0,0,0,0,0
54.270214726443236,1,22.44153064044144,2,0,0,1,1,1,0,0,0
55.4919549311738,0,23.064413632100976,2,3,3,9,0,0,0,0,0
43.62256997949896,1,23.318449772746778,2,0,1,6,0,0,0,1,0
51.54398928691349,0,24.132567046430236,1,2,1,1,0,1,0,0,0
41.136502835975435,1,32.23567399222422,0,1,0,9,0,0,1,0,0
68.3529761668718,0,28.367294378636114,2,1,2,4,1,0,0,1,1
70.52874002085629,1,29.790176343144147,2,0,2,9,0,1,0,0,0
27.30718206642859,0,25.23560135905462,2,0,1,10,1,0,0,0,0
41.05733709711385,0,18.003134769272492,0,1,1,5,1,0,0,0,0
32.55206117364881,0,15.0,0,1,0,6,0,0,0,1,0
45.249640983896526,0,17.352961383841844,1,2,1,9,1,1,0,1,0
53.748430453144586,0,26.7988285208301,2,0,3,6,0,1,0,1,0
33.255321704522046,0,25.158848563488174,2,0,1,1,0,0,0,0,0
41.1721028031203,0,23.94918176221996,0,2,0,1,0,0,0,1,0
39.94063941877752,1,23.157115466299317,1,2,2,2,0,0,0,1,0
58.10900994098416,0,35.05860787721373,0,0,2,2,0,0,0,1,0
56.04016505554375,1,20.885482045117627,1,0,1,6,0,0,1,1,0
44.1739366999412,0,29.639097280580295,1,0,2,10,2,0,0,1,0
57.65231308209097,1,25.00956468010497,2,0,0,10,0,0,0,1,0
46.79979873119102,1,24.695302441070016,2,0,1,5,1,0,0,2,0
50.9251733451092,0,30.88318774308372,0,1,0,7,2,0,0,1,0
80.10178135447805,1,32.31265191345722,1,3,1,8,0,0,0,0,1
75.10691577685522,0,23.802252715575808,1,0,1,10,0,0,0,0,0
35.506281446086035,1,28.99601359621071,0,2,1,10,0,0,0,0,0
67.44598626818762,1,26.819456810750268,2,1,0,10,1,0,0,1,1
67.17094831737388,0,25.037185694049573,2,3,0,10,0,0,0,0,0
37.776050668710724,0,26.02127471328513,0,2,2,3,0,0,0,0,0
67.2816646563229,0,21.55995592577581,1,2,1,9,0,0,0,0,0
78.06897877618829,0,23.469503033344576,0,1,0,1,1,0,0,0,1
38.16182790633379,1,22.09682360123647,1,2,1,3,0,0,1,0,0
41.237457684786044,0,29.506883582144596,1,1,2,2,1,2,0,0,0
70.26492200265254,0,24.523994422294688,0,0,0,6,0,0,0,0,0
59.07242966238472,0,18.511429876924808,2,3,2,1,1,0,0,0,0
63.27214412859285,0,21.38281388418456,1,2,1,8,1,0,0,0,0
60.10883824600745,0,15.0,2,0,3,10,0,1,0,0,0
60.86043881392216,1,22.527536990589258,0,2,2,10,0,0,0,0,0
35.102918075333754,0,25.188225325485746,2,1,2,3,0,0,0,1,0
70.70976559932173,1,24.31932075566513,2,0,1,6,2,0,0,0,1
72.54384988641661,0,34.90077175765696,0,1,2,2,1,1,0,0,1
51.559138838979585,0,27.874530204575183,0,1,2,5,1,0,0,1,0
54.34784575279206,1,27.652259265445753,2,1,1,2,0,0,0,0,0
32.03338746166417,0,16.78365482714861,1,0,3,7,0,1,0,2,0
62.71382134026752,0,23.176789729414338,1,3,3,5,0,0,0,0,0
63.58086162571216,1,22.566685963381524,2,3,1,8,0,0,0,0,0
54.067134745010335,0,21.06959400595996,0,0,3,6,0,1,0,0,0
71.86530039805754,0,21.000596672433268,1,1,2,8,0,0,1,2,1
49.98884153530089,1,15.95938523029188,1,0,1,9,2,0,0,1,0
63.469088888404,1,18.620733976593357,1,2,1,7,2,0,1,0,1
39.705034919618264,0,29.370467013824744,0,2,1,1,0,1,0,0,0
54.64671773688643,0,24.285426540034088,1,1,3,9,0,0,0,1,0
52.384686131457464,0,22.46798790862833,2,2,2,9,1,2,0,1,1
58.37961883061412,0,24.97294332673646,1,2,1,10,0,0,0,0,0
49.45709606749962,1,30.836953393505755,1,1,2,2,0,0,0,1,0
53.027911064924986,1,25.02105260437893,0,1,2,2,0,0,0,0,0
67.3907075716226,1,27.70187065465519,2,0,1,7,0,0,0,0,0
48.44853644142674,0,20.766975788058712,1,0,0,5,0,0,0,1,0
30.90134348891981,0,21.906850246266405,2,1,3,5,0,1,0,0,0
81.24375856308131,1,26.769884425318377,0,0,3,1,0,0,0,0,1
75.72181118035729,0,34.463268541685565,0,0,3,6,0,0,0,0,0
35.616059573415725,1,32.148874297574366,0,0,0,8,0,1,0,0,0
65.34561707867792,1,27.914140347280693,1,1,2,4,0,0,0,2,0
47.455378441729856,1,25.75716880080359,0,3,2,3,0,0,0,0,0
58.952308229965894,0,32.00534677813585,2,2,2,10,1,0,0,2,1
59.4133619352024,0,28.97339161522562,2,2,2,10,0,0,0,1,0
51.48388299525517,1,15.0,0,2,0,1,0,0,0,2,0
43.24351501620406,1,19.73034576072389,0,1,0,4,0,0,0,2,0
44.64188421525611,1,26.690701626789657,2,0,0,2,2,0,0,1,0
41.257121267781365,0,16.065162172245138,0,1,1,5,0,0,0,1,0
42.522666876543326,1,20.51205497621569,1,0,1,10,1,0,0,1,0
53.99232564925967,1,21.50092528171013,0,1,3,1,2,0,0,2,0
44.26360016333872,0,23.71917046877083,1,0,0,9,1,0,0,2,0
65.2307809856893,1,23.562848958868962,0,2,1,9,2,0,0,2,0
77.30869233003891,1,23.554397864165864,1,0,3,5,1,0,0,0,0
46.29920137944936,0,29.126537586201568,1,0,2,1,1,0,0,1,0
58.591067508030655,0,23.67388067274733,2,3,0,3,0,0,1,0,1
62.49527665454401,1,23.07684933964383,0,0,1,7,0,1,0,0,0
62.080034063789114,0,18.25413947928242,1,1,2,5,2,1,0,1,0
56.139329018741314,1,30.121731009929125,0,0,0,9,0,0,0,1,0
66.14023627539584,0,21.64251243026257,2,0,3,4,2,0,0,1,0
62.23373429020986,0,19.564848359993626,1,1,2,5,0,0,0,1,0
36.43506366509053,1,26.065452874344857,0,1,2,3,0,0,0,0,0
68.03734096583909,1,21.165293688084684,0,0,1,8,1,0,0,0,0
68.30936255900113,0,22.37023630102853,0,2,3,3,0,1,1,0,1
43.550708437321276,1,26.292300871595344,0,2,2,6,1,0,0,0,0
55.56906753171403,0,23.36758688110222,1,1,2,7,0,0,0,2,0
65.24993489216604,0,36.55804687650317,0,0,3,2,2,0,0,1,1
51.86029270630958,0,24.62585728340401,2,2,3,7,0,0,0,0,0
71.09467071649019,0,28.08919109439611,0,2,0,3,0,0,0,1,1
90.0,1,15.291529762535275,2,0,1,3,0,0,1,0,1
43.210209510475266,1,20.69675434042635,0,1,1,5,0,1,0,0,0
34.28433095269338,1,19.565431525416436,0,0,0,4,2,1,0,0,0
59.55727893407314,1,20.228101383486855,2,0,3,10,0,0,0,0,0
65.82343757689215,0,27.077689969185013,2,0,1,7,0,0,0,0,0
51.53700439232846,1,30.177825338887047,1,3,1,3,2,2,0,0,1
76.79890994981551,1,26.723152523172555,1,2,0,9,2,1,0,0,1
34.92091300415127,1,23.866776882168455,2,2,3,1,1,1,0,1,0
65.39377934547417,1,21.845724806437904,1,0,3,2,1,0,0,1,0
45.9120876886166,1,30.567998755932546,0,0,2,9,0,0,0,1,0
80.79066859310944,0,35.356277270774314,0,0,2,8,0,0,0,1,0
84.88773029752177,1,25.675278523918454,1,1,2,7,2,2,0,0,1
43.500151183249784,1,29.696815320357864,1,0,2,9,0,0,0,1,0
46.7566429613713,1,26.716851748977376,2,0,0,5,0,1,0,2,0
67.89381830469702,0,28.777524532327945,0,0,2,3,0,0,0,1,0
49.19304025315728,1,19.17726610944942,2,2,2,2,0,0,0,0,0
54.318831731016424,1,22.55931859928938,1,1,2,6,1,0,0,1,0
55.38082630813615,0,26.97734720022792,1,0,2,2,0,0,0,0,0
26.204902657035156,1,31.062454720409896,0,2,3,8,0,0,0,0,0
54.79243380858644,0,20.909328891811626,2,2,2,5,0,0,0,0,0
44.654083389037396,0,15.0,1,0,2,2,1,0,0,0,0
47.60315766400342,0,22.508677867793754,1,0,3,6,0,0,0,1,0
76.65448005203221,1,30.05065357174125,2,2,1,6,0,0,0,2,1
36.152396585811154,0,17.08052204456075,2,1,1,8,0,1,1,0,0
67.19807780121965,0,19.11540053934208,0,2,2,6,1,0,1,0,0
50.81555604502287,0,25.77959293025556,2,0,2,3,0,0,0,0,0
50.80359747256249,0,24.42014373619268,2,1,1,8,0,0,0,0,0
66.85557844077567,0,27.972332407766135,0,0,2,2,0,1,0,0,0
60.10076941853336,0,18.856366197772104,0,1,3,9,0,0,0,0,0
63.55919495829296,1,23.37510702915666,1,3,2,6,1,0,0,1,0
69.52276990799291,1,30.97592701201549,1,1,2,1,0,0,0,0,1
50.030374252250155,0,19.03551903181608,2,0,1,4,0,0,0,1,0
45.81644898238375,0,32.384561481551344,0,1,3,1,0,0,0,1,0
38.72274210163303,1,19.662915070556558,2,2,2,3,2,0,0,0,0
42.61884205031567,0,29.246907886888053,2,2,1,10,1,0,1,0,0
90.0,1,23.135207448934374,1,0,2,6,0,0,0,0,0
73.67019371105181,1,19.275458711805115,2,3,1,3,0,0,1,1,1
34.733884506879676,0,22.515504764237008,2,1,0,5,0,0,0,1,0
35.16313064884645,0,27.72464594089497,0,0,1,8,0,1,0,0,0
62.22799092577737,1,24.965730025492544,2,1,0,8,0,0,0,0,0
63.2089719606695,0,30.59234705721672,2,1,2,9,0,0,0,0,0
63.233257529760465,0,32.17870030467441,0,2,2,4,0,0,0,0,0
51.175663096694535,0,19.08484667341075,2,1,1,5,0,0,0,1,0
53.118186099956496,1,18.718654275448277,0,2,2,4,0,0,0,1,0
59.91819286239036,1,18.47603113189579,1,2,0,7,2,0,0,2,0
56.28839509439996,0,20.504019519759904,2,1,2,9,1,0,0,0,0
21.71049440878697,1,30.521072604098723,2,0,0,6,2,1,0,0,0
51.553005541372094,0,27.801809753333675,2,3,2,2,0,0,0,1,0
42.2289034860953,1,22.274862135387842,1,1,1,7,0,0,0,0,0
57.62817128362768,0,24.94448704688583,1,3,0,3,1,0,0,0,1
90.0,1,32.02152752582969,1,0,2,8,0,1,0,0,1
60.51222498211457,1,34.540054254895594,1,3,2,3,1,1,0,0,1
50.297054707414034,0,26.29692166721401,1,2,1,9,0,0,0,0,0
68.82702252965878,0,15.0,2,3,1,1,2,1,0,1,1
62.24031830813819,0,26.486435473799865,0,0,0,6,0,0,0,0,0
61.30141735677762,0,29.673740647706737,1,1,2,10,0,1,0,0,0
64.10275889823507,0,26.123161579280374,0,0,3,7,2,0,0,1,0
85.84815347244312,1,28.63257459367392,1,0,2,3,1,0,0,0,1
38.03667347011127,1,26.785326872301923,0,0,0,6,0,0,0,1,0
62.104481152171815,0,18.826772912590673,1,3,2,10,0,0,0,0,0
41.10428305027692,1,20.568807833182685,0,1,0,3,2,1,0,1,0
63.33268969513372,1,23.394239064349218,0,1,3,9,0,0,0,0,0
41.21970232770858,1,30.32707389119176,1,3,3,6,2,0,0,2,0
48.73949779592373,0,21.170579658396896,1,2,2,8,0,0,0,0,0
50.57365128643141,0,27.279513165838235,1,3,3,4,1,0,0,0,0
69.63725079017064,0,26.518462969605984,0,3,0,8,0,0,0,0,0
68.7768166591362,0,32.93098632539565,2,2,1,5,2,0,1,0,1
36.31423935330423,1,24.79160110935293,0,0,1,8,0,2,0,1,0
55.824011664997734,1,16.226207908618708,2,3,2,2,1,0,0,0,0
44.35630217876241,0,28.23435232448389,2,1,1,3,0,1,0,0,0
36.12242633986998,0,35.69027605817002,0,1,1,10,0,0,1,0,0
51.74474424363444,1,28.56191672433228,1,2,0,4,1,0,0,0,0
50.3727581731627,1,21.061692040947964,2,0,3,1,0,0,0,2,0
90.0,1,19.59027060410518,1,1,0,5,1,1,0,0,1
61.49439738041044,0,20.235155832462972,0,1,1,3,0,0,0,0,0
34.33573748868644,1,35.01655940191023,1,0,1,7,0,0,1,0,0
46.52838993743587,1,23.36336279739282,1,0,0,2,0,0,1,0,0
70.32074943144097,1,21.68678303085986,2,2,0,1,0,1,0,0,1
86.32664159304888,0,24.20781677936383,2,0,1,2,0,0,0,2,1
31.210250316430624,0,23.41546475697149,0,2,1,3,0,0,0,0,0
26.801134222914325,0,32.83825179893752,0,1,2,10,0,0,1,2,0
83.06447763057673,1,19.927612544918485,0,1,2,5,0,0,1,0,0
60.84421266056356,1,30.903216158302236,2,2,3,6,0,0,0,0,0
41.9756090218545,1,25.610460482255423,1,1,0,8,1,0,0,0,0
63.01943629183653,1,31.035132567138426,2,1,0,4,0,0,1,1,1
20.0,0,32.91309521867026,1,0,1,4,0,0,0,1,0
55.050632598957414,0,25.423988169565476,2,1,2,2,0,0,0,1,0
59.91731759264628,0,23.42468195200417,0,1,0,3,0,0,0,1,0
68.86405209306744,0,25.330894159325517,2,0,2,3,1,0,0,1,1
39.791560715611936,1,24.526146639974343,1,1,2,2,0,0,0,0,0
56.28530742105038,1,16.715167721306358,2,1,2,1,0,0,0,0,0
41.11863060910619,0,32.762401868925366,0,2,1,2,0,1,0,1,0
58.830756335114756,1,26.228925086905953,1,1,1,5,0,1,0,0,0
41.56980516455464,1,19.18450407474473,1,3,3,8,0,0,0,0,0
48.87848741259669,0,15.0,0,1,1,5,0,0,0,1,0
40.062769078146566,0,15.0,1,2,1,3,0,0,0,2,0
64.76704362735485,0,28.852402183437516,1,1,0,7,0,0,0,2,0
67.87676674984998,0,21.905112157964524,0,1,2,4,0,0,0,0,0
51.480691450638794,1,22.725496659474334,0,1,3,7,1,0,0,0,0
55.573569924400424,0,27.44077132269412,1,1,0,8,0,0,0,2,0
33.27112878049684,0,22.41975921949111,0,3,2,3,0,0,0,0,0
50.50485027989819,1,27.732622080267568,1,0,3,10,0,0,0,0,0
54.24693074437383,1,25.476320321883577,1,0,1,1,2,2,0,0,1
90.0,0,24.57935208425382,0,2,1,8,0,1,0,0,1
38.320494613387545,1,17.136247971542556,0,1,3,6,1,0,0,0,0
76.96265858128656,0,20.901343217805703,2,0,0,3,0,0,0,0,1
69.95288160198712,0,28.012676827934328,0,1,1,9,0,0,0,0,0
59.20954606735204,1,21.589890925679743,1,1,3,1,2,1,1,1,1
81.379307262927,0,31.026847778922452,1,1,1,8,0,0,0,0,1
60.581582089102945,1,36.732006619966995,2,2,3,9,1,0,0,2,1
60.83738793501893,0,28.281926504206613,0,1,1,10,2,0,0,0,0
54.20319020473682,0,32.46415945682579,2,1,3,1,0,0,0,0,0
73.35353323627942,1,28.60363619148034,1,2,2,9,0,0,0,2,1
71.44703850716326,0,22.32868988663906,0,2,1,5,0,1,0,0,0
45.614840687556814,1,26.000758324037122,0,0,2,5,1,0,0,0,0
35.211292081018485,1,35.066604730487214,1,1,0,5,2,0,1,2,1
51.955290439065145,1,22.382231286862744,0,1,0,1,0,2,0,1,0
42.99942153403531,1,19.80336350560963,0,2,2,5,0,0,0,1,0
54.04713138076967,0,19.329027884423652,2,2,3,10,0,0,0,0,0
73.56157202026209,1,23.912353080832254,0,1,2,10,1,0,0,0,0
48.14047517369815,1,19.98263955678469,1,3,3,6,1,0,0,0,0
54.35764928032638,1,33.370097137186185,2,1,3,5,0,0,0,1,0
55.87034102212593,1,26.08178267295644,2,2,2,6,0,0,0,1,0
67.72646323307927,1,29.858631548802514,0,2,3,9,2,2,0,0,1
21.29665999023092,0,23.506673047101508,2,3,0,7,1,0,0,0,0
45.89949557852055,1,19.29901401121941,1,3,2,5,0,1,0,0,0
58.16925538419209,0,18.453030272833615,0,1,2,10,0,0,1,2,0
73.00118434640292,0,20.460041289109395,0,0,0,9,0,1,0,0,0
47.621463287406925,1,26.737627470133557,0,1,3,5,1,0,0,1,0
26.85170940937189,0,27.599414658839738,0,2,0,5,0,0,0,1,0
64.29567168949204,0,28.015980365293423,0,2,1,6,0,0,0,1,0
45.46956416761556,0,17.556636581090714,0,1,0,8,1,0,1,2,0
37.155000113644576,1,24.997954070508648,1,0,2,1,1,0,0,2,0
45.63481915430164,0,19.869690845538038,2,1,1,9,0,0,0,0,0
52.232119635162256,1,27.00732983792264,1,1,2,8,0,1,0,0,0
45.92883003192681,0,27.39538527748726,1,0,2,7,1,0,0,1,0
21.916509143513963,0,19.13913476486781,2,2,2,5,0,0,0,1,0
68.45599295330697,0,29.84014803598174,2,0,2,1,1,0,0,1,1
74.12312561918083,1,36.69411470764122,2,1,0,7,0,0,0,0,1
64.77282987009258,0,29.174178687923312,0,0,1,9,0,0,0,0,0
37.93471494362775,1,24.185829802244477,0,2,3,3,2,0,0,0,0
51.97762699078723,1,23.41727148395129,1,2,2,8,1,1,0,0,0
54.90218027155813,1,23.954680091637456,0,1,2,3,0,0,0,0,0
63.98191584342865,1,21.196330766114947,0,1,1,3,2,0,0,1,0
65.02510733077122,0,26.261991033260248,0,0,1,7,2,0,0,0,0
43.987393018322564,1,19.30768704422848,2,3,3,6,0,0,0,0,0
56.22993334620341,1,15.551511067010498,0,2,3,5,1,0,0,1,0
61.85920606922862,1,26.098008409067745,1,2,0,7,0,1,0,2,1
76.83733483220149,1,25.106165328879104,0,0,2,9,0,0,0,1,0
65.56759809737085,1,22.14414991781403,2,0,1,1,0,0,1,0,1
66.83585031063278,1,18.586516886948168,1,1,1,10,0,0,0,0,0
56.257399418940416,0,26.448720134570173,0,0,1,1,0,1,0,1,0
76.15688717805256,1,20.049124807147745,2,2,2,5,1,0,0,1,1
61.14644193939246,1,24.30527824567333,2,1,3,8,2,0,0,0,0
42.08368134739644,1,33.82485927063222,2,1,3,7,0,0,0,0,0
76.05054955187786,0,28.255948847876923,2,0,3,7,0,0,0,0,0
65.46854908808541,1,18.15433668809152,1,3,2,3,0,0,0,1,0
48.354339683072766,1,18.62574214493849,2,3,0,9,0,0,0,0,0
47.80760548901135,0,25.759095463718793,0,0,1,5,0,0,0,1,0
59.448633177111425,1,18.123396589704896,1,1,2,10,0,0,0,0,0
61.94777192901377,0,15.0,0,1,3,3,0,0,0,0,0
57.9593839844681,1,27.66186005648362,0,0,3,6,2,0,0,0,0
59.66963010164327,0,26.604678771604338,1,3,1,8,1,0,0,0,0
80.49936061864571,0,27.25299165639566,0,2,1,8,0,0,0,0,1
71.07314728352328,0,26.31517590908952,1,3,1,4,0,0,0,1,1
57.85953386897536,1,24.673446441638024,1,2,2,4,2,0,0,0,0
69.11965871151224,0,21.689057261616696,1,2,1,9,0,0,0,1,0
39.512141447086904,1,27.580674830439715,0,1,3,10,1,2,0,0,0
60.968905749202136,1,32.64941744202575,0,2,1,2,0,0,0,0,0
82.13959524599665,1,22.49385496278273,1,1,3,9,1,0,0,1,1
51.729311569114394,0,19.896298948958506,1,0,0,8,0,0,0,1,0
42.28549107071373,1,19.324402902943802,0,1,0,3,0,0,0,0,0
45.21866667110409,1,20.666348833331412,1,1,2,2,0,2,0,1,0
38.655504439864174,0,26.01299262238037,2,3,3,2,1,0,1,1,1
43.22857137808445,0,15.0,0,1,1,1,0,0,0,0,0
49.442378521149564,0,27.19585212216163,1,0,3,10,0,0,0,1,0
33.91649471232037,1,28.219565051480778,0,0,1,9,0,1,0,0,0
55.234275009244044,0,16.009608200285598,2,3,3,1,0,1,0,0,0
68.53415760679971,0,20.104097818612004,0,3,1,2,0,0,0,0,0
41.38365729779619,1,25.39840489922707,0,2,1,7,1,0,0,0,0
77.78925885462652,1,24.282651348478012,2,0,1,5,1,1,1,0,1
62.66188132791392,1,27.598187341342953,0,0,1,1,0,1,0,0,0
70.45870878436085,1,24.29431589241817,1,1,1,4,1,1,0,0,1
45.132481692217944,0,31.323847633874827,0,3,1,6,0,1,0,1,0
67.81787840599924,1,23.39415300478159,2,2,2,8,2,0,0,1,1
38.6209914940703,0,20.084835066401233,2,3,2,2,0,1,0,1,0
68.35371251254763,1,19.68279066869122,1,1,1,10,0,0,0,1,0
57.577590096902966,1,28.677342546408447,0,2,3,3,1,1,0,0,0
63.29876829977175,0,25.14810570978458,0,1,3,7,0,0,0,0,0
37.36608091562722,1,28.168579503625974,1,0,3,1,0,0,0,1,0
41.57395236585093,0,28.06561249614592,0,3,2,7,0,0,0,0,0
63.958423273800776,0,15.0,1,0,1,1,1,1,0,1,0
40.77477993663699,1,19.29958699488278,1,2,1,8,0,0,0,0,0
61.94809438148685,1,19.896874797480898,2,1,0,6,0,1,1,0,1
34.49293290309632,1,20.919679057541188,0,0,2,10,0,0,0,1,0
67.72261319000002,1,22.89822336711737,1,0,2,7,0,0,0,0,0
36.51215027847236,1,29.99574797308593,2,1,2,2,0,1,0,0,0
63.28449906519285,0,30.992411761919495,1,2,2,6,2,0,1,0,1
64.38446400469002,0,23.535545848985016,2,0,0,5,0,2,0,0,1
44.54842272355638,0,23.743595693376278,0,1,2,3,0,0,1,1,0
63.7303985062709,0,21.47283137971357,2,1,1,9,0,0,0,0,0
58.90663395000334,1,25.44593848619272,2,0,2,5,1,2,0,1,1
46.91737215710893,0,26.012604413669685,0,0,1,8,0,1,0,0,0
39.871679738856876,0,29.032377775011327,0,1,0,4,0,0,0,0,0
25.560614624911313,0,28.992193629912766,0,0,3,6,0,0,0,0,0
60.244750709495406,1,15.0,1,1,0,4,1,0,0,1,0
31.52795842956917,1,24.23727526181441,1,3,2,4,0,1,0,1,0
56.430162991619625,0,31.92050015445052,0,0,3,9,0,0,0,0,0
51.048276758766264,1,22.809425363475416,2,3,1,5,1,0,0,1,0
65.18714163157293,0,30.696209091816442,2,1,1,1,1,0,0,1,1
50.469317507652036,1,23.467740999944056,2,1,1,7,0,0,0,0,0
50.05828320479363,0,25.87461733720982,1,2,0,3,0,0,0,1,0
65.97806056432444,0,19.315546538004256,1,1,1,3,0,0,0,0,0
60.02587043626176,1,19.503757212167425,2,0,1,6,1,0,0,0,0
59.74233935774167,1,28.627457861315072,0,0,0,3,0,0,0,0,0
62.03901384712789,0,29.409091401003323,1,2,1,1,0,2,0,0,1
31.966418151893414,1,25.132144531002464,1,0,0,6,1,0,0,1,0
66.35183019980472,1,18.862378786808044,0,1,3,7,0,0,0,0,0
64.18703191020404,1,25.219022783036074,0,1,2,5,0,0,0,0,0
39.74975307135254,0,31.286174803371388,0,1,0,1,1,1,0,0,0
51.33879289488698,0,33.7143323502588,1,2,3,2,2,0,1,0,1
54.41039068558553,1,23.416460338370428,1,2,1,2,0,0,0,0,0
52.98254823397401,0,16.70066074871105,2,1,1,10,0,0,0,1,0
60.00789949852802,0,29.201817997773894,1,1,1,8,0,0,0,2,0
76.47050172746775,0,23.620184517724997,0,0,2,8,0,0,1,1,0
71.22650091509243,1,29.7152032078052,1,1,0,8,0,0,0,0,0
35.31671209852891,0,26.4053611250881,0,2,0,2,0,0,0,0,0
64.33104985459073,1,20.58277947119075,0,1,2,5,0,0,0,1,0
74.93399979303115,0,25.291221803296907,0,3,3,5,0,0,0,0,0
60.80212781033804,0,31.54169183527164,0,0,1,4,0,0,0,0,0
71.3647063777895,0,24.25423005516378,0,3,1,8,0,0,0,1,0
85.18405668551148,0,19.825974182773113,0,1,3,8,0,2,0,1,0
70.35564319160471,1,17.056779157016717,2,2,1,9,0,0,0,0,0
58.739628934625934,1,21.139176565676742,0,1,1,4,0,0,0,0,0
70.6763271112713,0,22.94931869114509,0,1,3,1,0,0,0,2,0
57.173317496453365,0,29.099995679586296,2,2,2,9,0,0,1,1,0
55.35854564927433,1,19.395753660941892,1,2,0,1,2,1,0,0,1
49.72878646429401,1,32.76875942864818,0,1,2,4,0,0,0,0,0
78.45120038248163,1,18.31423894579404,0,1,3,10,0,0,0,2,0
42.72357001086998,1,36.657430462784184,1,1,1,1,0,0,0,1,0
77.98551587017174,0,33.62759278377236,1,3,1,3,2,0,0,1,1
62.49796185610557,1,25.70583124693996,0,1,0,3,0,0,0,1,0
34.01040737797088,0,16.76153232615204,0,1,2,7,0,0,0,1,0
60.51473939487133,0,24.72287969008789,2,2,2,3,0,0,0,1,1
23.49960238522564,1,23.06579521006747,1,1,0,6,0,1,0,2,0
64.38262025246553,1,18.628563884745382,1,1,2,10,0,1,0,0,0
68.27847224483486,1,26.45504813623721,0,0,2,4,0,0,0,0,0
46.1146606652192,0,20.88178435072178,0,2,0,6,0,0,0,1,0
56.85321543933374,0,21.42547076475209,1,1,2,9,1,0,0,0,0
84.31236150625429,0,23.981606827138222,2,0,2,7,1,0,0,1,1
47.41379943607095,1,22.125455856471483,0,1,1,1,0,0,0,0,0
39.11638619415099,0,35.39078308555015,2,1,3,8,0,0,0,0,0
77.22495103693899,1,22.321426835002253,0,1,1,4,1,0,0,0,1
84.43880785796192,0,27.204405056972377,1,1,0,8,0,0,0,0,1
55.05543507771771,1,25.72761246105181,0,2,2,3,2,0,0,0,0
70.17194553112535,1,26.76375112629436,1,0,2,10,2,0,0,0,0
75.12213873296321,0,27.14544201805466,1,0,3,5,0,0,1,0,1
43.86273651192424,0,29.40680743303061,1,1,1,3,0,0,0,1,0
47.72041246948198,1,26.33223037809321,1,0,1,3,0,0,0,1,0
73.46311769732102,1,26.1244789744316,0,1,1,3,0,0,1,1,1
80.27521418062764,1,25.292385342340697,2,3,3,4,1,0,0,0,1
63.44321290261532,1,24.307910738300126,0,1,1,3,0,0,0,1,0
41.802784697469185,0,20.441010591696614,1,0,2,2,0,0,1,1,0
84.80591667549162,1,24.695658112898993,0,0,0,6,0,0,0,0,1
47.03543653282053,0,26.20633687632767,1,0,1,1,0,0,0,1,0
49.97293328242822,1,27.010822782863976,2,0,0,5,0,1,0,2,0
60.135067517344325,0,25.90142386495118,0,1,3,6,0,1,0,1,0
78.31240631072161,1,23.83522493275733,2,0,0,1,0,0,0,2,1
67.80963964828335,0,24.71460048402051,2,2,1,1,1,1,0,0,1
61.222982505428654,0,22.23176757724604,1,2,0,7,0,0,0,0,0
61.94932795177159,0,26.566119955032818,0,1,3,6,0,0,0,2,0
55.65272002965199,1,23.894358860429392,2,0,2,9,0,0,0,0,0
63.37209271777759,1,25.90280469098735,2,2,3,4,2,0,0,0,0
20.0,1,30.004015216912762,0,0,0,3,0,0,0,0,0
50.55088811395302,0,21.453205451787902,2,0,0,6,0,0,0,0,0
58.61982902375171,1,27.983476904552422,2,1,1,8,0,0,0,0,0
37.73478874570739,1,25.166050899426864,1,1,2,5,0,1,0,0,0
60.7948497671734,0,35.105967997903775,2,1,1,3,1,0,0,0,1
51.932931685208175,0,23.918498357682452,1,0,2,3,0,0,0,0,0
81.33213547473235,0,28.47582291575533,1,0,0,1,0,0,0,0,1
78.59529587822284,0,25.076767258779885,0,2,2,6,2,1,0,1,1
48.012916463227555,0,18.05847745843253,0,1,1,10,1,0,0,1,0
52.73743432649957,1,22.39655452240428,2,0,2,7,0,0,0,1,0
53.89078651587411,0,29.402355527141967,0,1,2,9,0,0,0,0,0
48.22510785760566,1,22.836527696958633,1,0,0,6,1,0,0,0,0
57.9253747604219,1,15.0,2,1,3,8,2,1,0,0,0
43.625768966686145,1,24.84298491537748,0,0,2,6,1,0,0,0,0
38.04076997593711,1,19.53831851024495,0,1,1,2,0,0,0,0,0
64.34066835850403,0,25.659088662983596,1,1,2,3,0,0,1,1,1
64.44294376332716,1,32.75573540699009,0,2,0,1,0,0,1,0,1
42.93526360510012,0,28.847286554014516,2,0,1,5,0,1,0,0,0
68.430331461439,1,32.68327914369989,0,1,1,6,0,0,0,0,0
45.52633406252003,1,22.192439892777543,1,3,1,6,0,0,0,0,0
58.797478570569716,1,24.28416833182234,0,2,3,2,0,2,0,1,1
67.30516018918684,1,19.7778190159611,0,3,0,1,0,1,0,2,1
54.4958115294443,0,21.579782774799526,0,3,0,7,0,1,0,1,0
61.821113682117016,0,20.3655758385691,0,1,2,4,0,1,0,0,0
47.25355534168642,1,18.466385153940212,1,0,2,9,0,0,0,2,0
52.05300124857854,0,31.8292831266567,1,2,0,8,1,2,0,0,1
51.9121085367949,1,15.0,0,1,2,6,1,1,0,0,0
43.80132480189641,0,31.850694524022785,0,1,1,10,0,0,0,0,0
52.348387553263265,1,31.230294624601157,1,1,2,3,1,1,0,0,1
31.7707255170438,0,27.49896337739499,2,1,1,8,0,0,0,1,0
47.63269379286843,1,19.427463659529653,1,1,3,10,1,0,0,0,0
50.726867599454934,1,17.089124442783962,0,1,1,1,0,0,0,0,0
51.1573037125693,0,22.257981593682178,2,0,3,9,0,0,0,2,0
51.377538311938316,0,28.12560228169962,2,2,2,10,0,1,1,2,1
54.073537002098064,0,25.01531818720337,0,2,3,9,0,1,0,0,0
62.19162277129096,0,19.782502524526212,1,1,3,10,0,1,0,0,0
68.11775611198783,0,30.741023923282448,1,0,1,8,1,0,0,0,0
45.25352159727599,0,33.42191664090769,2,0,1,10,0,0,0,1,0
36.951987169162834,1,23.86700417992701,1,0,2,4,0,0,0,0,0
39.36933381635345,0,25.54668451798673,2,0,1,9,1,0,0,0,0
47.69195618207609,1,17.45575658185252,0,1,0,9,0,0,1,1,0
49.72118023275236,1,22.928066419454822,0,0,3,10,0,0,0,0,0
43.45005900703814,0,27.552199890004967,2,0,1,5,0,0,0,1,0
35.55825003625158,0,26.774282701288886,2,1,0,6,2,0,0,1,0
48.15818758788718,1,22.461660753951467,2,3,2,7,0,0,0,0,0
57.72139930170957,0,23.628782457617767,2,0,3,9,1,0,0,1,0
63.925441987533475,1,22.76394631727724,2,1,3,7,0,2,0,0,0
46.63865420337518,1,23.607676431408073,1,3,2,1,0,0,0,0,0
48.80503266784849,0,27.116174012590633,1,3,0,9,0,0,1,0,0
41.09952536729034,1,15.162314573154386,1,1,2,6,0,1,0,0,0
54.528412444378354,0,24.62825242596039,1,1,2,2,1,0,0,0,0
42.27357048713778,0,26.749877678128446,1,0,1,10,0,0,0,0,0
63.596917198618,1,22.147576571794612,1,0,3,9,1,1,0,1,0
28.212002620988333,1,22.603334780175594,0,1,0,1,0,0,0,0,0
49.60555491321306,1,22.748027795922752,0,1,1,5,0,0,0,1,0
59.51661008787613,1,22.6047501323142,2,2,0,9,0,0,0,0,0
57.757517744837564,1,25.02941888925187,0,0,3,1,1,2,0,0,0
90.0,1,25.64501379006892,0,2,0,2,0,0,0,0,1
60.24700036851861,0,15.0,1,0,1,7,0,0,0,0,0
39.93918104736984,1,28.26440185736144,0,1,3,10,0,0,0,0,0
53.5680362936639,1,23.550005578265203,1,1,1,2,0,0,0,0,0
28.356304998003225,0,34.66481587734267,0,1,0,9,0,0,0,1,0
53.791003760548584,1,19.041757305506458,0,0,0,9,0,1,0,0,0
42.50415914498862,0,20.66342745622834,2,0,1,10,0,0,1,0,0
68.73085413340243,1,23.985455107083695,2,0,1,8,1,0,0,1,0
46.756895881066974,1,27.066127248430178,0,1,2,2,2,0,0,0,0
53.2485112630713,1,15.246163363142491,1,0,1,10,0,0,0,0,0
45.46663237893395,0,20.854499739419467,1,1,2,3,1,0,0,1,0
81.08277027779997,1,27.956600802869218,2,0,3,3,0,0,0,0,1
50.18135850823133,0,20.259380267837287,1,1,3,8,2,1,0,1,0
82.48835565218803,1,31.850131881881136,0,1,2,8,0,0,0,1,1
67.212276431774,1,22.730582005754638,1,1,3,6,0,0,0,0,0
62.231000910030794,1,20.50313399329052,0,0,3,7,1,0,0,1,0
60.530997209762795,1,28.0512212889476,0,1,2,1,1,1,0,0,1
60.906959473243774,1,33.038086934122234,1,2,1,8,0,0,0,1,0
26.08491130981585,0,27.081981293719483,2,0,3,7,1,0,0,0,0
50.81674908773865,0,31.302146996116292,1,0,3,5,0,0,0,1,0
67.67736956776483,1,33.383176703184816,0,1,0,5,1,1,0,0,1
54.26654224788842,0,20.39070660036211,2,3,3,2,0,1,0,0,0
33.922152297946376,0,29.691956670297934,2,0,1,1,0,0,0,0,0
54.213933241337955,1,17.382647453482264,1,1,1,9,1,1,0,1,0
80.56158274383236,0,27.124512658931923,0,3,1,10,0,0,0,1,0
73.70337573302079,0,24.643410547425905,1,1,1,3,0,1,0,2,1
54.069939859509525,1,31.21475101521031,0,1,2,5,0,1,0,0,0
69.2717391558713,0,30.861257564924205,1,1,2,8,1,0,0,0,0
49.50239469447922,0,27.84891675267201,2,0,1,7,0,0,0,0,0
29.441926197599216,0,26.492139497414094,0,1,1,7,0,0,0,0,0
41.133010178056686,1,27.541843383609756,0,0,2,10,1,0,0,0,0
78.44333152762297,1,25.308854356882726,0,0,0,10,1,0,0,0,0
50.89010377256044,1,24.69402129446048,1,0,3,10,0,0,0,2,0
51.34924030937473,0,32.21289086126221,0,2,2,4,2,1,1,0,1
50.502427055876794,1,32.81444909839088,1,3,2,10,0,0,0,1,0
83.56204884359511,1,24.291704011488964,0,1,1,4,1,0,0,0,1
79.38938373043095,1,26.188182015053723,0,0,3,10,0,0,0,0,0
88.281703501722,1,25.40827612386387,1,2,0,6,1,0,0,0,1
52.61432184399923,0,16.941507790314027,1,1,0,10,0,0,0,1,0
59.434367331206424,0,23.317822111939968,1,2,3,4,0,0,0,0,0
32.25036175868813,0,32.99852100524051,0,1,2,7,0,0,0,1,0
77.15401639177412,0,21.251120624840947,0,3,1,2,0,1,0,0,1
37.48330673098097,1,35.57271731150651,2,0,2,7,0,0,0,0,0
58.251633456439436,1,30.860631547946912,2,0,2,3,0,0,1,1,1
38.54046208550734,1,27.007490752731044,2,1,2,8,1,0,0,0,0
46.16699759891956,0,27.804216429882104,0,1,2,5,1,0,0,2,0
42.441063534254496,0,20.413966518324873,0,3,3,9,0,0,0,0,0
45.881871089862734,0,23.67385623887649,1,3,3,4,0,1,0,1,0
46.91315945276532,0,32.2069955516088,2,2,3,5,1,0,0,0,0
46.775968076123846,0,21.927353304132332,2,0,2,1,0,0,0,1,0
67.50000867670461,1,30.305658784743997,2,2,1,3,2,0,0,0,1
38.4270581040622,0,18.11479905281471,0,1,2,4,1,0,0,0,0
58.308121405208006,1,19.009207937624947,2,3,2,9,1,0,0,0,0
73.26938728458337,0,34.50692332793158,2,0,1,8,0,0,0,0,1
47.30205453229906,1,24.94081426879838,0,0,2,2,0,0,0,0,0
44.23121663878597,1,22.307500565028295,1,2,2,6,1,0,0,1,0
51.542130622296234,0,31.81370413499481,1,2,3,4,0,0,0,1,0
72.69587812541064,1,31.22910777481752,0,2,1,5,1,0,0,0,1
57.911614464300364,1,29.603772826286193,1,0,2,10,0,0,0,0,0
47.03178558088602,1,22.15051040293947,2,2,1,9,1,1,0,1,0
62.2581497678206,1,23.56541212031162,2,1,0,4,0,0,0,1,1
38.46561775245365,0,26.55814411862365,2,1,1,5,0,0,0,0,0
65.22039265664422,1,28.471996710736185,1,1,0,7,1,1,0,1,1
61.12910961552652,1,22.457582129907316,1,2,1,7,1,1,0,0,0
50.38287293291674,0,25.85368555310348,1,1,0,6,0,0,0,2,0
42.421213023291536,0,26.33695650398703,1,0,3,3,0,1,0,1,0
41.69978616574814,1,31.433848781876268,0,1,0,1,0,0,0,1,0
63.02226004518865,0,28.772329144675595,2,2,3,9,1,0,0,1,1
73.43470753733592,1,17.465991775823547,0,0,3,6,0,0,0,0,0
45.44038379456808,1,23.93184845757307,0,0,1,3,1,0,1,0,0
61.87580055327226,1,20.356083150082917,0,1,0,1,2,0,0,0,0
23.69459472096897,0,27.840437103058367,2,0,2,6,0,0,0,0,0
46.23073404014201,0,29.61576675252522,0,0,1,3,0,0,0,0,0
54.53411600693647,0,25.50777992805122,1,2,0,1,1,0,0,1,1
41.354748745272495,1,23.65936484686075,2,0,2,5,0,0,0,0,0
40.95240437815606,1,25.345848965179915,1,1,1,1,0,0,0,0,0
44.983306652966704,1,26.044596367388774,0,1,2,3,0,0,0,0,0
59.3828909248956,1,21.799501741415465,1,1,2,3,0,1,0,0,0
52.19006472390438,0,18.906444496153174,0,1,3,6,1,0,0,0,0
21.42653150012542,0,15.0,0,3,0,4,0,0,0,1,0
23.189497710474008,1,31.33591065869442,2,1,1,8,0,0,0,0,0
45.89702233214237,0,27.48183121817483,0,1,2,3,0,0,0,1,0
61.86529879080328,0,26.81255505672086,1,1,3,8,1,0,0,0,0
20.0,0,31.325994439764745,1,1,3,7,0,0,0,0,0
47.50404735772554,0,18.722659951537914,0,0,2,2,0,0,0,0,0
47.106282152238684,0,16.321845620724908,1,3,2,8,0,0,0,0,0
75.82506667312671,1,26.92115958259545,0,0,2,1,0,0,0,0,0
49.22467282430705,1,26.46635687721715,0,1,1,9,0,0,0,1,0
60.74483477111393,1,16.343465951636233,1,2,2,7,2,0,0,2,0
57.118857101311946,1,26.79760531070236,0,2,1,6,1,0,0,0,0
23.04150280289199,1,22.99888523800216,1,0,1,8,0,0,0,0,0
66.52310824947605,1,20.96455970131209,0,1,3,9,0,0,1,1,0
58.23094758184432,0,23.332881458587934,1,0,3,8,0,2,0,0,0
62.62402959511884,1,15.0,2,2,0,6,1,0,0,0,0
90.0,0,22.04312888304031,1,1,3,4,0,0,0,0,1
23.738305907521173,0,21.478527152578977,2,0,1,9,0,0,0,0,0
80.87044974641663,0,27.785512234680702,1,2,1,8,1,0,0,0,1
50.688287208994666,1,24.20884931744557,2,1,3,8,1,2,0,2,1
59.30993356604514,0,28.194344368394407,0,0,1,3,0,2,0,0,1
54.31731632048137,0,15.0,2,1,3,10,0,0,0,0,0
48.63645499902935,0,20.80450888714476,1,0,1,9,1,1,0,0,0
46.452506076418615,1,27.77998525785722,2,3,3,7,0,0,1,0,0
59.942631033595134,1,23.455676847134225,2,1,3,1,0,1,0,1,1
32.24239454992481,1,29.227302664871836,1,1,2,2,1,1,0,0,0
66.25868751282648,0,15.976985453053883,2,3,2,2,0,0,1,0,1
48.757083926721194,0,28.655554198447373,1,1,3,1,0,0,0,0,0
38.04895991439463,1,21.804303911074797,1,1,1,1,1,0,0,2,0
48.24980713006279,0,21.31901457808663,1,0,1,4,0,0,0,2,0
73.8572382529386,1,29.955235234637257,0,3,2,7,0,0,1,0,1
46.96997369475665,1,30.80950564978253,1,2,1,6,1,0,0,0,0
60.3768042731443,1,30.173498480436407,2,0,3,7,0,0,0,1,0
44.0356558642679,1,35.19320962524133,2,1,0,8,0,0,1,0,1
66.3688277488543,0,31.33401804221667,2,3,1,8,2,0,0,0,1
65.28261608185306,0,21.022817081338506,1,1,2,3,0,2,0,0,1
82.72913249944617,1,25.708190640678254,0,1,1,7,2,0,0,2,1
52.36654081751177,0,23.199010457575323,0,1,1,6,0,0,0,0,0
65.0298220713686,0,35.14544929974533,0,2,1,8,0,0,0,0,0
56.47101309308417,0,30.524349773493547,0,3,3,3,1,0,0,0,0
74.43807672794522,0,24.055599316432723,1,2,2,9,2,0,0,1,0
44.21751418586904,0,29.38954898876501,2,3,1,5,1,0,0,0,0
66.17507969315922,0,18.839007668434476,0,2,2,2,0,0,0,1,0
52.079540558249775,1,26.251308688227365,0,0,2,4,0,1,0,0,0
54.037177343372534,1,20.310387536984578,0,0,2,7,0,2,0,2,0
56.37628726672559,1,16.557038996862964,0,2,1,1,0,0,0,0,0
58.78360594640016,1,28.922681187649168,1,0,0,1,0,0,0,2,0
53.256564353170624,0,29.542955475937756,0,2,2,9,2,0,0,0,0
58.22069774755789,0,27.28606318105993,0,2,1,3,0,1,0,2,1
78.67177086343277,0,24.085164797167494,2,1,1,1,0,0,0,0,1
69.78174528422828,1,18.668206725767952,0,1,1,7,0,0,0,0,0
68.03731888745345,1,19.193265646413764,2,0,1,7,0,0,0,0,0
48.16690710964194,0,20.153600101306015,1,0,2,2,1,1,0,0,0
41.66138757657514,0,23.831633541375382,0,2,1,8,1,0,0,2,0
69.3295083735663,1,30.380893668024576,2,0,0,3,0,0,0,1,1
68.14070188794692,1,30.30202105539326,1,3,0,3,1,0,0,1,1
77.09006013626473,1,16.757162001935615,0,0,1,5,2,0,0,0,0
45.94029061046156,0,21.533833316415265,0,2,1,2,1,0,0,0,0
51.55677016959479,0,21.399194902140806,2,0,2,4,1,1,0,1,0
30.407737562118488,1,15.0,1,1,0,2,0,0,0,1,0
49.11293340908691,1,27.83060473474954,1,1,1,9,0,0,0,0,0
69.94855765869171,1,23.769200878407393,0,0,0,6,0,2,0,1,1
48.002569311577034,1,24.434287316845122,0,1,0,1,0,0,0,0,0
64.60719692801236,1,31.729355291878193,2,3,3,9,0,1,0,0,1
52.14245341003283,1,25.441545066421785,2,0,2,8,1,0,0,1,0
59.86085542332341,0,22.84634767516991,1,0,2,2,1,0,0,1,0
37.78462915276499,0,27.860388105024718,0,2,0,3,2,0,0,0,0
56.27814174450852,1,30.29435923287781,2,2,1,7,0,1,0,2,1
20.0,0,26.482337830246127,1,0,1,4,1,0,0,1,0
52.19655762757023,1,28.445947993490744,2,0,2,8,1,0,0,1,0
30.5429013442729,1,24.272161751285577,0,0,2,1,0,0,0,0,0
73.08991774820224,1,24.590711268201687,1,0,2,10,0,0,0,1,0
66.66111029146766,0,25.565103551494143,2,0,0,4,0,0,0,0,0
62.000064729491214,0,21.23439524783669,0,1,1,1,0,1,1,0,0
77.8150934073907,1,22.159691928151997,2,1,3,7,0,0,0,1,1
40.766252187627444,1,31.88939820909237,1,1,2,9,0,0,0,2,0
81.21044796873338,1,35.0397804793116,0,0,0,1,1,0,0,0,1
68.98287346390578,0,32.960989570190904,2,1,1,8,0,0,0,0,0
51.45167069171581,0,18.38371321615726,0,0,2,10,1,2,0,0,0
72.03430220774416,1,17.900712327075137,2,0,0,6,0,1,0,0,0
38.40559731382549,1,19.046452840274195,2,1,2,6,1,0,1,1,0
42.632287577084895,1,25.671937209397406,2,0,3,8,1,0,0,1,0
45.8711541514045,0,15.0,2,2,1,1,0,0,0,1,0
47.06533437903977,0,22.055992166902495,1,0,0,9,0,0,0,0,0
39.15163535859621,0,32.03549644580556,1,2,2,6,0,1,0,0,0
73.34624600642988,1,29.91219415364454,2,1,0,3,1,0,1,0,1
51.117183994452525,1,22.454526747132462,0,1,0,1,0,0,0,2,0
60.28757452535319,0,22.833222794146813,0,1,0,4,0,0,0,0,0
46.44472950379479,0,27.83620853403452,1,0,0,5,0,0,0,0,0
27.69095049177224,1,29.676343776220996,0,0,3,4,0,2,0,0,0
59.05086037587133,0,22.3343136613012,2,1,2,7,0,0,0,1,0
26.316175368703348,1,23.828169891402812,1,1,1,6,0,0,0,2,0
53.97048930871797,1,22.16995135739988,0,1,3,10,1,0,0,0,0
34.47527441750785,0,18.34325279312393,0,1,2,5,1,2,0,0,0
84.80913998846212,0,23.90128125989093,2,0,1,3,0,0,0,1,1
68.67044083262083,1,23.520362298956183,2,3,0,9,1,0,0,0,1
56.5863068690722,0,18.69677942005672,0,0,2,3,0,0,0,2,0
73.95560016482003,0,28.23040468818865,2,0,1,3,0,0,0,0,1
42.305260338013966,1,27.416603393129446,1,3,1,3,0,0,0,0,0
63.1521906800514,1,28.47859850422538,1,0,1,8,0,0,1,0,0
57.9971565057807,1,21.15964822267816,2,3,0,2,1,0,1,1,1
58.96030122000505,0,15.082121609426762,0,0,2,4,0,0,0,2,0
74.08530250160152,0,27.336655648228245,1,0,0,8,1,0,0,0,0
65.98738154169703,0,21.67943642685143,0,0,2,1,1,0,0,0,0
59.330854942375346,0,20.546659333771494,0,1,0,3,0,1,1,1,1
30.176688456575558,1,18.714734626782786,0,1,2,4,0,1,0,0,0
40.59930557080804,0,23.62338735956423,0,0,1,6,1,0,0,1,0
53.15936599606414,1,32.88663648525237,1,0,2,2,0,1,0,0,0
56.40058561414977,0,22.47275239322243,0,0,0,7,0,0,0,0,0
38.046944129891145,0,19.550984779165333,1,0,1,3,0,0,0,0,0
90.0,1,28.259667005150142,1,3,0,8,0,0,1,0,1
77.74591082880359,0,25.86406139885642,2,1,2,2,0,0,0,0,1
64.03177480588725,0,15.0,1,2,0,9,0,2,0,1,0
56.08055291925617,0,28.311731598766432,2,0,2,4,1,1,0,1,1
51.81686545148273,0,35.642338842508,0,0,0,8,1,0,0,0,0
40.72122309966647,0,15.0,2,1,3,4,0,0,0,0,0
56.16220777778294,0,18.82146987988938,0,2,1,6,0,0,0,0,0
58.86628810214126,1,15.0,2,2,0,8,0,0,0,0,0
36.37359136777563,1,24.623477896295825,0,1,0,5,0,0,0,0,0
60.01264625867346,1,29.951931183056764,1,0,1,6,0,0,0,0,0
52.67111426762877,0,25.527503748981395,0,0,3,2,0,1,0,1,0
26.382886631839135,1,31.959978490563348,0,1,0,4,2,1,0,1,0
42.09422483830747,0,29.15275145165067,2,0,2,5,2,0,0,1,0
48.79591699867534,1,33.51073661751089,2,2,1,1,0,0,0,0,0
83.31531486010286,1,30.801053840535474,0,1,3,7,0,0,0,1,1
63.34829686800637,0,22.985284656952476,2,2,3,6,0,0,0,0,0
34.96777646350163,1,25.3336322811742,0,1,3,4,2,0,0,0,0
62.29054434126456,1,20.656615422595134,2,2,0,4,0,0,0,2,1
31.79044016592452,1,23.846719155659756,2,0,2,3,0,1,0,1,0
71.2403658083061,0,25.3091583600906,0,1,0,1,0,0,0,0,0
47.93313022273182,1,24.575463382323232,1,0,1,6,0,0,1,0,0
53.59545716891244,1,31.71126763151805,0,1,2,5,0,1,0,1,0
74.88694971313285,0,23.349159687465846,0,1,1,6,1,0,0,0,0
35.692546471236255,1,20.339567932213214,2,2,2,10,0,0,0,0,0
34.04322722330513,0,20.651944825484065,1,2,3,1,0,0,1,1,0
46.246010104809926,0,28.275501358112653,2,1,3,2,0,1,0,1,0
70.57568276528974,1,17.984307959555004,0,0,1,7,2,0,0,0,0
32.209808867847364,1,23.994069149245412,1,3,2,9,1,0,0,0,0
20.0,1,31.637501227277106,1,0,0,6,0,0,0,1,0
48.23261712386502,1,26.462992228704152,2,2,1,6,0,1,0,2,0
63.27611199866381,0,24.62697305440623,0,1,2,5,0,2,0,1,0
73.00392624608244,0,24.820447981807852,2,2,2,5,1,0,0,0,1
48.05257956871902,1,19.852177038864134,1,1,3,6,0,2,0,1,0
48.82860089325996,0,20.714326447827297,1,1,1,2,0,0,0,1,0
72.30851101383621,1,24.024091635427112,0,1,3,10,0,0,0,1,0
26.95387450456869,1,26.356365150546466,2,2,2,6,2,0,0,2,0
49.17218837225486,0,29.74075005901055,1,0,0,4,1,0,0,0,0
57.856358348875865,0,25.462803085857175,1,2,1,3,0,0,0,0,1
61.738280819275516,1,31.76387087877124,1,0,1,7,0,0,0,0,0
47.35289960213676,1,33.02599007604763,0,2,1,5,0,0,0,1,0
55.51661517558762,1,28.97633606241102,0,0,0,10,0,0,0,2,0
20.0,1,31.124907040279425,2,0,2,3,0,0,0,0,0
45.126273814992274,0,20.04643239305953,0,2,0,8,0,0,0,0,0
61.80263068831701,0,19.25400532655969,2,2,3,5,0,0,0,1,0
40.265589486179806,0,27.589866881450828,1,1,3,3,1,0,0,2,0
55.88476332384396,0,18.293950940664764,0,3,1,9,1,1,0,2,0
61.70308751204047,0,23.548140779920335,1,0,0,2,0,1,0,1,1
49.86176198713353,0,28.855959526648697,1,0,2,3,1,0,1,2,1
57.556956564948564,0,32.066864623426035,2,0,2,3,1,0,0,1,0
40.55901152073082,0,23.72892174855967,2,1,3,1,0,0,0,1,0
51.9008308045593,0,21.75027852346155,0,1,0,7,1,0,0,0,0
64.15324254383833,1,26.602308107557914,2,1,2,6,0,0,0,0,0
57.35459441452652,1,19.632282782380553,1,0,2,6,0,0,0,0,0
46.202030956540966,0,24.133606758532864,2,0,0,6,0,0,0,1,0
58.363246064361896,1,24.959999758618594,0,1,0,7,1,0,0,0,0
65.71914685954927,0,24.860080036646025,0,0,2,6,0,0,0,1,0
24.25088082133783,1,25.44251736908941,1,1,1,9,0,0,0,1,0
72.38611097433846,0,20.827425722139292,0,0,3,5,2,0,0,1,0
49.95617891978392,1,21.365035036907916,2,3,3,1,2,1,0,0,1
61.382348998603455,0,21.2644186948369,0,1,2,1,0,0,0,0,0
72.95870385467842,1,16.899528304024713,0,2,2,1,0,0,0,1,0
34.42489454154301,0,26.70915160923053,0,1,0,2,0,0,0,1,0
44.3583849635868,1,29.473287258460026,0,0,3,4,0,0,0,0,0
50.67176956186443,0,28.98155041426768,1,0,1,6,0,0,0,0,0
43.24369718313358,0,23.687515697696227,1,1,2,7,0,0,0,1,0
81.02404863755213,1,20.94497380268056,0,3,3,5,0,0,0,0,0
42.148418592598105,0,28.721573211813446,0,0,0,7,1,0,0,0,0
46.666798307697,1,28.194615111872757,0,0,1,2,0,0,0,0,0
58.065835474044654,0,26.08710321218148,0,1,2,6,2,0,0,0,0
36.96775710885866,0,33.721556262116366,2,1,0,3,0,0,0,1,0
49.06478932365604,1,24.867872393164685,2,2,0,9,2,1,0,0,0
59.761798918752625,0,23.715550080375557,2,1,2,10,0,0,0,0,0
50.00709393426233,0,23.000913344626998,2,0,2,10,0,0,0,0,0
53.599197116500775,1,17.195611467595963,2,3,1,4,0,0,0,0,0
47.06001831327444,1,28.30669982071146,1,1,3,5,1,0,0,0,0
32.282945362288494,1,24.472573164211116,1,1,1,5,0,0,0,1,0
59.823898170088576,0,27.549656206783975,2,1,2,2,0,1,0,0,1
81.32399607470862,1,34.209390010456204,1,0,0,4,0,0,0,1,1
55.276024461751575,0,23.046241150476913,0,0,0,7,0,2,0,0,0
58.378961758713245,0,15.0,1,0,1,2,0,0,0,0,0
65.39084132675289,1,27.405351847553863,2,3,2,5,2,1,0,0,1
35.96004255179952,0,25.83429694946338,2,2,2,5,0,0,0,0,0
80.53771987194409,0,21.3377306201434,0,0,1,5,0,0,0,2,0
58.03493194634203,0,26.98633167810749,2,1,1,7,2,0,0,2,1
79.47785348633664,1,28.930481600521876,2,1,2,10,0,0,0,1,1
44.00450506714016,1,20.266950448942264,0,0,1,7,0,0,0,0,0
82.27092883836737,1,23.49334069298309,2,1,1,8,0,0,0,0,0
66.62733241052175,0,32.383768649244644,2,2,3,1,0,0,0,1,1
63.295601287785374,1,21.391889043853176,0,0,2,3,0,0,0,0,0
58.51036681529722,1,25.333348777068927,1,2,1,1,0,1,0,0,0
51.27207072888326,0,15.0,0,1,2,7,1,0,0,0,0
73.0079748771081,0,17.590772494593523,1,0,3,5,0,0,0,0,0
57.105398047720705,0,25.787587486664,2,2,2,2,0,0,0,1,0
25.493954446192717,0,31.139939047928003,1,0,2,10,1,0,0,0,0
38.242203074394965,1,18.189851589994994,1,2,2,2,1,0,0,1,0
52.21231371710879,0,25.372820310302483,2,1,2,7,0,0,0,0,0
59.64998474748332,0,23.121410454731418,2,1,2,5,0,1,0,0,1
54.151172666501566,1,29.76544027496247,0,2,2,4,1,0,0,0,0
73.28456184690495,1,18.910983473387073,2,0,2,8,0,0,0,0,0
25.733472039420626,1,27.150388241837426,0,1,0,3,0,0,0,2,0
57.1538190475774,0,21.731546565018714,0,1,0,3,0,0,1,0,0
27.73031161919268,0,26.115190124132376,2,1,3,8,0,0,0,0,0
66.39568443226253,0,25.344655261542364,2,0,3,2,0,0,0,0,0
53.58311928336996,0,23.741104629286912,2,3,2,3,1,0,0,0,0
61.294149580361776,0,27.389059231346923,0,2,1,4,0,0,1,0,0
42.04175559115351,1,25.218263671514805,0,0,0,10,0,0,0,0,0
74.19197397486627,0,24.335968489616526,2,1,1,3,0,0,0,2,1
70.62586996088277,0,23.217917329886284,0,1,2,8,0,0,0,0,0
63.753164545178315,0,25.387991948726686,0,2,1,6,0,2,0,0,1
53.057241297048385,1,26.11021774073036,2,1,2,3,0,1,0,0,0
63.69785927942698,1,20.054289599596895,1,0,2,7,0,0,0,2,0
44.39661148018977,1,23.25264381041312,0,0,2,4,0,0,0,2,0
67.83333488531068,0,19.724070276844138,0,3,3,3,0,0,0,0,0
79.74221341485881,0,24.80077288609607,2,1,3,2,1,0,0,1,1
71.05915839968779,0,22.03833897572986,2,0,2,8,0,2,0,0,0
44.055962952888855,0,28.853915739906277,0,1,0,8,0,2,0,1,0
60.42125975909654,1,28.363634888783448,1,0,3,2,0,1,0,0,0
35.60287684362028,1,20.386257182178152,0,0,1,9,0,0,1,0,0
63.58585466763513,1,24.988463273007625,2,1,1,7,2,0,0,0,1
61.75905119293808,1,28.19258289624182,0,0,3,6,0,0,0,1,0
26.95275490701754,1,24.123458399179857,2,1,1,3,0,0,0,0,0
37.57324234131454,0,21.358912375972277,1,1,2,3,0,1,0,2,0
50.752916548843494,1,19.537982359776024,1,1,1,4,0,0,1,0,0
50.48710379288761,0,29.27133780789181,2,1,2,9,0,1,0,2,0
36.857845968717925,1,29.51356574142485,1,1,3,8,2,1,0,0,0
60.83468094028276,0,23.960262005629758,2,0,3,2,0,0,1,1,1
58.77210413410768,0,28.830687922633388,0,1,1,5,0,0,0,0,0
52.08596302032221,1,15.0,0,0,0,10,0,1,0,0,0
43.66312749762456,0,31.63777325354618,1,1,3,6,0,2,1,0,0
70.73060689624845,0,24.215275973614105,1,1,2,5,0,1,0,1,0
79.83110669632443,0,25.708882803997447,1,1,0,1,0,1,0,0,1
47.746577742301945,0,23.397411381670153,2,1,2,9,0,1,0,0,0
45.81749624267769,1,31.978537409337527,1,1,0,10,0,2,0,1,0
62.36811498117994,1,19.69634188022233,2,0,0,6,1,0,0,0,0
49.629559303795205,0,32.372301633034176,1,1,2,5,0,0,0,0,0
52.909041990051485,0,26.981354604725556,0,3,1,6,1,0,0,0,0
66.09479727587006,1,28.11332107959079,0,0,1,3,0,0,0,1,0
26.359658687390606,0,23.35397718335542,2,0,2,9,2,0,0,0,0
74.77453487279004,0,18.458904010518147,0,0,3,4,0,0,0,0,0
56.09020786494012,0,29.652553827680507,0,1,2,6,0,1,0,0,0
48.8276028315673,1,26.557041755946653,0,1,1,6,1,0,1,1,0
53.661487686678264,0,31.808117291544086,1,2,2,2,1,0,0,1,0
54.43644032530778,0,24.03111839892151,1,1,2,9,0,1,0,1,0
29.03198044832612,0,22.903843105505427,0,0,2,2,0,0,0,0,0
77.42407341179853,0,31.94044118320151,1,3,1,10,0,0,0,0,1
55.61988448405928,1,34.55947082248722,0,0,0,5,1,0,0,0,0
61.645031956710625,0,25.04673588182865,2,0,2,2,0,0,0,1,0
69.27324655861064,0,21.23621251571447,2,0,0,9,0,0,0,0,0
39.6825631365955,0,29.052653813947746,1,0,1,2,2,0,0,0,0
62.10207848552842,0,23.72989716914663,1,2,1,8,2,0,0,1,1
50.985383636518094,1,27.99631412700399,0,1,1,1,0,0,0,2,0
67.7015616282474,1,23.703620128106234,2,2,1,3,0,1,0,0,1
23.09158869472757,0,32.820070091059065,0,2,3,7,0,0,0,2,0
53.51358549638096,0,21.5025524747465,0,0,2,6,0,2,0,0,0
45.95769016324058,0,27.4026483126098,2,1,0,2,1,0,0,1,1
61.483944259512334,1,22.55649014883938,2,1,3,9,0,0,0,2,0
62.05066281052303,1,23.592467192896155,2,2,2,2,0,0,0,2,0
44.38561157766961,0,22.939721726197117,2,0,1,6,0,0,0,0,0
44.31739203735935,1,28.693040330467078,2,1,2,1,0,0,0,0,0
53.34001947164006,1,29.591815574669354,2,2,0,3,2,1,0,1,1
41.55036659027188,1,27.788694144661854,0,0,1,5,0,0,0,1,0
67.6297554317819,0,24.46008266627365,2,0,3,7,0,0,0,0,0
49.461891993288305,0,25.700900155007965,2,1,2,3,1,0,0,2,0
20.0,0,29.488607842297125,0,1,1,9,1,0,1,1,0
49.37766915067291,1,29.646557936038025,1,1,1,4,0,0,0,0,0
39.421842687340416,1,15.0,0,2,1,9,0,0,0,2,0
30.530862768085818,1,23.63888914113652,2,1,3,3,2,0,0,2,0
36.43860042666141,0,23.878706042802573,1,1,1,3,0,0,1,0,0
56.64112707749455,0,28.34626282063081,0,0,2,4,2,0,1,1,1
74.92961242372347,0,24.66614591144627,0,2,1,2,0,0,0,0,0
59.6977671079747,1,28.595916904746435,2,2,0,5,0,0,0,0,0
45.90244917676391,0,19.606696144847238,1,0,3,9,1,0,0,1,0
61.83856292756054,0,26.3002725773039,1,1,0,8,1,0,0,0,0
48.113645346715124,1,29.501028267252472,1,2,2,8,0,0,0,0,0
44.58099446255283,0,17.628085653409258,0,1,3,8,0,0,0,1,0
37.684559976505234,0,37.568217341044516,0,1,2,8,2,0,0,0,0
28.72256789872421,0,30.954429664332597,1,1,3,6,0,1,0,0,0
49.15114440160832,1,25.00676651232821,1,0,2,7,0,0,0,0,0
57.37080234880198,1,20.85795946380616,0,1,1,10,0,2,0,0,0
53.550644949776654,1,24.124574248631472,1,2,3,5,1,0,0,1,0
48.76049608078962,0,25.419011798056705,0,1,3,6,2,0,0,0,0
40.813809089548286,1,27.203312784060238,2,1,1,3,0,0,0,1,0
64.12369287527453,1,32.50330424730016,0,0,1,5,0,0,0,0,0
35.24302120080122,1,22.61950765278577,0,0,1,10,0,1,0,0,0
66.64041870765213,1,27.813549187862805,0,0,1,3,1,0,0,0,0
39.96674471609913,0,18.537854186999436,0,0,0,5,0,0,0,0,0
43.71347143970448,0,22.93199642837366,0,1,1,10,0,0,0,1,0
32.998222140764845,0,26.883584239346792,1,1,3,1,0,0,0,0,0
47.47896779671545,1,28.456312455044024,2,0,2,1,0,0,0,0,0
69.62968687716969,1,21.2338376166769,0,3,3,10,0,0,0,0,0
62.734421326659344,1,22.79604151994043,1,1,2,6,0,0,0,0,0
69.67633168042053,0,32.302783177917725,2,2,1,8,2,0,0,1,1
62.83213818900904,0,30.809543098140225,0,0,0,4,0,1,0,0,0
38.44495257204446,0,26.042286085261832,2,0,2,7,1,0,0,1,0
50.03816163508664,1,15.0,0,1,3,5,0,0,0,2,0
43.29701306323806,0,37.55566273845004,0,0,3,2,2,0,1,0,1
74.95862356058561,1,24.900342191713776,1,0,2,5,0,0,0,1,0
37.04817030360533,0,23.437164709893366,0,0,2,2,0,0,0,0,0
68.40546534083666,0,22.388200370729425,2,0,2,9,0,0,0,1,0
68.39430805163154,1,26.881835185995545,0,1,0,1,1,0,0,1,1
82.4443030257413,0,26.93291294585465,1,1,1,3,0,0,0,1,1
48.85470111055754,0,29.753139365632563,1,1,2,1,1,1,0,0,0
65.68483239370244,0,20.369689178254934,0,0,1,5,0,0,0,0,0
89.22477754808264,0,23.437525609293694,2,2,2,4,0,0,0,0,1
45.73537484599455,1,35.15272861612101,1,0,1,6,0,0,0,0,0
31.974396287014606,1,26.12295316624996,2,1,0,5,0,0,1,0,0
26.799849491383544,0,24.13737813336627,2,3,2,7,0,0,0,1,0
65.69068043291998,1,20.29191117208149,0,0,2,7,0,0,0,0,0
26.752746879121243,0,27.52967152910376,1,0,1,10,0,1,0,0,0
49.41521420593116,1,30.15509108521222,0,3,3,5,2,0,0,1,0
61.55969780558441,1,29.372938229049037,0,0,1,10,1,0,0,1,0
57.777633052448714,1,23.705995681955415,0,0,2,1,0,2,0,0,0
61.381672962762586,0,26.80626141681768,2,1,3,9,0,0,0,1,0
58.334347837012814,0,33.35829718324305,1,0,0,2,0,0,0,2,0
74.1829871997009,0,30.354411460857342,0,3,3,7,0,0,1,1,1
40.71525428891805,1,21.0791862890334,0,0,2,3,1,0,0,0,0
44.84507292312203,1,15.0,0,1,0,10,0,0,0,0,0
43.41010832093764,0,26.483862535421174,0,1,2,6,0,0,0,0,0
67.45287717793916,1,28.992840633742162,0,1,3,5,1,0,0,0,0
68.50597882592595,0,19.553877540633685,0,1,2,6,0,0,0,1,0
61.768379789777626,0,24.956052389386112,0,3,2,10,0,0,0,0,0
72.75240500334891,0,23.681504670634606,1,2,0,5,0,0,0,0,1
37.32938698935429,0,25.521431611160995,2,1,0,9,0,1,0,1,0
80.00836167326706,0,22.27651856440144,1,1,2,8,2,0,0,0,0
77.84857932568387,1,31.452554988139966,2,0,2,1,1,0,0,1,1
66.0343299586862,0,25.73984440316381,0,1,3,9,1,2,0,0,0
81.7269836315659,0,20.60491556917625,2,0,1,2,2,0,0,1,1
30.150651884833394,1,29.587310767968603,0,2,1,5,0,1,0,2,0
47.133277956060226,0,18.679062020041474,2,0,0,6,0,1,0,0,0
43.97044808977071,1,31.422471887675663,2,2,0,10,0,0,1,0,0
65.82218985636015,0,29.95529712111282,2,1,0,1,0,0,0,2,1
39.24788890596781,1,31.948876476603928,2,3,2,7,0,0,0,0,0
66.36242724006229,1,24.20876813779192,1,1,0,8,0,0,0,0,0
75.5580421599507,0,22.519430101083117,0,2,3,1,0,0,0,0,0
65.42804350125999,1,25.420108804665464,1,1,2,10,0,0,0,0,0
59.25626535492252,1,24.577816068222344,1,3,3,4,1,0,0,0,0
40.181899886488765,1,21.736318572182437,0,2,1,2,0,1,0,0,0
42.29723550811953,0,22.231883429371788,1,2,2,5,2,2,0,2,1
73.74428357945,0,23.168135763667678,1,0,2,2,1,2,0,1,1
66.69023505857999,1,19.149981567800687,0,1,3,9,1,0,0,0,0
54.41470720933684,1,28.389816447996672,1,0,2,9,1,0,0,0,0
48.73135681351164,0,24.738514312144968,1,0,2,10,0,0,0,0,0
24.612881903329345,0,23.458107653831767,0,2,2,5,0,0,0,0,0
38.93721371973342,0,19.448229195291614,1,0,1,5,0,0,0,2,0
83.67128630709585,0,19.198135111662676,2,1,2,4,1,1,0,2,1
35.793166434963,0,34.67957025361206,2,0,3,1,0,1,0,2,0
57.84219731831621,0,21.863712685692153,1,0,0,10,0,0,0,0,0
70.11165959792798,0,28.052641971046633,0,0,2,3,0,0,1,0,1
36.17615997996562,0,25.813172349500885,0,1,2,4,0,0,0,0,0
57.77065712171625,1,15.0,0,0,3,7,0,0,0,0,0
69.06873306265983,0,33.96225411569296,0,1,0,7,1,0,1,0,1
55.187489828608754,0,28.42041989388058,2,0,0,7,2,0,0,0,0
90.0,0,21.161649228475955,2,3,0,7,1,0,0,0,1
29.97101111682707,1,24.858167477852025,2,3,0,4,0,0,0,0,0
70.88092794825818,1,19.254083162981672,0,1,2,9,2,2,0,0,0
52.407973939053036,1,34.13110239230567,0,0,0,4,0,0,0,0,0
66.57880232255013,0,20.461711458792678,1,0,2,6,0,0,1,0,0
61.61960727548869,1,22.3845800165267,1,3,3,1,2,1,0,0,1
44.002657043350055,0,21.352194609262042,1,1,0,1,1,0,0,1,0
58.434945886890105,0,25.40189700104585,1,1,0,6,1,0,0,0,0
27.131478229025692,1,31.85158250069657,2,2,3,1,0,0,0,1,0
64.0487125085709,1,33.94687224547579,2,3,2,1,0,0,0,1,1
59.472376989857885,1,23.00501927888852,1,2,0,6,0,0,0,2,0
64.57990252964653,1,26.89129491158961,2,2,1,8,1,0,0,0,0
70.87177487630726,1,25.409527063020366,0,2,3,9,0,0,0,1,0
60.514297603145664,0,20.09195367777971,1,2,1,6,0,1,1,0,0
57.221341296974146,0,37.11277787297972,0,1,2,1,0,0,0,0,0
41.78397495008062,0,31.81379781148128,0,3,1,7,0,0,0,0,0
44.316688545264235,1,25.945579248555173,0,2,1,2,0,0,0,0,0
72.80101930265997,0,32.90938046749494,0,1,3,7,2,0,0,1,1
76.54503108558967,1,31.060533563589026,2,1,0,10,0,0,0,2,1
51.42834345531919,0,25.409306705408778,1,1,1,10,1,0,0,0,0
55.69004120879911,0,26.629818026639967,2,1,1,4,0,0,0,0,0
41.43078437509351,0,32.56063071188327,0,2,2,1,1,0,0,0,0
72.59135267901168,0,20.269232094351597,0,0,0,9,0,0,0,1,0
64.98125235537668,1,33.3684534866067,1,3,1,1,1,2,0,0,1
84.11826154695623,0,23.87443719657442,0,1,1,7,0,2,0,0,1
41.82515384230392,0,32.62338371423783,1,0,0,6,0,0,0,0,0
49.32988151472674,0,24.9738670126859,1,2,1,7,0,0,0,0,0
58.47168883788358,0,26.68803111236486,2,0,3,10,0,0,0,0,0
64.69734306588656,0,24.828458217137705,1,2,1,1,0,0,0,2,1
51.764985436785516,0,22.340781885943862,1,0,2,1,1,0,0,0,0
41.90558364319449,1,23.64972550927844,0,3,1,6,0,0,0,0,0
68.22111293385356,0,31.895557015842833,2,0,0,8,0,0,0,0,0
65.81703043818372,0,15.0,1,0,1,3,0,0,0,1,0
41.25588849154413,1,18.805170275975815,0,3,1,10,0,1,0,1,0
75.33164201658244,0,21.37264145320949,0,0,1,2,0,0,0,0,0
72.55298063794905,0,19.608276037819895,1,3,2,4,0,0,0,1,0
57.014447458716894,1,32.549898052077445,2,2,3,8,0,1,0,0,0
56.19396793564054,0,31.28838488926602,0,0,0,9,0,2,0,1,0
63.31086656673861,1,27.96015904697308,2,1,2,6,0,0,0,0,0
42.074453946156126,0,21.810979662612326,1,0,0,7,2,0,0,0,0
55.45047218746123,1,31.675259333970683,1,1,0,1,0,1,0,1,1
22.714246830862294,1,17.05935037002228,2,1,0,5,0,0,0,1,0
68.14683468254404,0,35.70991320073968,1,1,1,6,2,0,0,0,1
31.57760166337211,0,21.576851014112247,2,3,0,10,2,0,0,0,0
77.55129742643499,0,23.68982389079281,1,0,2,6,0,0,1,1,1
50.04819859050325,0,22.85328074752643,0,1,0,6,0,0,0,0,0
51.82499527103235,1,19.634462929506615,1,1,1,7,0,0,0,0,0
45.583991408732416,1,34.62556561968459,2,0,2,4,0,1,0,0,0
50.679416891168856,0,28.944473153922434,2,2,1,5,1,0,0,2,0
76.27797017722055,1,31.077352710398937,0,1,2,6,2,0,0,0,1
20.0,0,18.881653639696147,0,3,1,9,0,1,0,0,0
74.15448079132281,1,25.904689135019996,1,1,1,4,0,0,0,2,1
60.07035221652562,1,27.605143446657017,1,1,3,4,0,0,0,0,0
36.89467528214176,1,26.353782617749218,0,2,1,7,1,0,0,0,0
38.87031410426143,0,19.19813274466,0,2,3,1,1,0,0,0,0
80.14589540812304,1,30.377500105653183,2,2,1,7,0,0,0,1,1
40.81739680085903,0,25.60775041392577,2,0,1,8,1,0,0,0,0
37.69974234106061,1,20.225179821784984,2,1,0,2,1,0,0,0,0
72.05971813547094,0,15.723747302236683,2,1,1,4,0,1,0,0,0
60.078293144288715,0,28.0333325674494,0,1,1,4,0,1,0,0,0
40.93111635195402,1,37.2522786706575,2,1,0,10,0,1,0,0,0
58.24937463106929,1,19.923728633268592,1,2,1,10,0,0,0,0,0
39.61370974539584,0,25.85223525206483,2,0,0,6,2,0,1,0,0
71.51232097633908,1,30.552486395457883,0,0,3,7,0,0,0,1,0
70.920564473097,1,18.651738669493493,0,0,1,7,0,1,0,1,0
62.98009298232915,1,22.600216154574877,2,0,2,4,0,0,1,0,0
60.42491591870525,1,20.69920610369299,2,0,3,3,0,0,0,0,0
81.41782187301061,0,29.92338347412273,2,2,0,4,0,0,0,1,1
54.99529491082338,1,31.627612846770297,2,3,1,9,0,0,0,0,0
37.27188811868798,0,25.795181323658674,0,1,0,10,0,0,0,0,0
61.74210869248461,0,20.791329655029493,2,1,0,7,1,0,1,1,1
86.2907057430567,1,22.786045310360763,2,2,0,3,0,0,0,1,1
39.77860760221222,1,21.847507428766235,2,0,1,3,0,0,1,0,0
49.57805849959021,1,20.113655691884965,1,0,1,5,0,0,0,0,0
61.24669057152179,1,24.489808995907676,0,1,0,8,0,0,0,2,0
54.19142726491391,1,27.87413242230931,1,1,1,5,0,0,0,0,0
40.26544629434028,0,27.451287222142597,1,2,1,6,0,1,0,0,0
71.82786784345706,1,24.958838177152447,2,3,1,9,0,0,0,0,1
89.80061083025889,0,25.28526918412682,1,1,2,9,0,0,0,0,0
57.94197188535861,1,24.592246024551105,1,1,2,6,0,0,0,0,0
41.43897565396,1,18.513942304168634,2,0,1,5,2,1,0,1,0
31.765592124197873,1,25.800674484914364,0,1,2,8,0,1,0,0,0
58.869639718317714,0,22.08187207272675,0,3,1,1,0,0,0,0,0
71.55816014974387,1,18.26328390420281,1,1,2,3,1,0,0,0,0
62.12751619743072,1,26.853527835577918,0,0,0,6,1,0,0,1,0
54.96394238621719,1,21.941349817907273,0,1,1,8,0,0,1,0,0
46.160925223160405,0,26.13876960629418,2,1,2,6,0,0,0,0,0
38.617545509228655,1,29.238189075347137,1,1,3,10,0,0,0,0,0
67.52126989487323,1,20.248806394273842,0,1,2,6,0,0,0,0,0
68.70657432078379,1,25.460606410364857,0,2,0,4,1,1,0,0,1
31.814053199639,1,15.947885591348193,0,1,0,7,0,2,0,1,0
78.84758467271025,0,32.66266545304638,1,1,1,7,0,0,0,0,1
63.611068313410016,0,18.20466751555609,0,2,2,1,2,1,0,0,0
75.99391967718691,0,22.425901688013127,2,2,0,3,0,0,1,2,1
34.868083772723274,0,31.69189951881979,1,0,2,9,1,1,1,1,0
34.51263766876842,1,23.82738536959507,0,1,2,6,0,1,0,0,0
52.765460353490546,0,19.0130115684985,0,2,2,4,0,0,0,0,0
62.541766403427914,0,28.565366161432678,1,0,2,8,0,0,0,2,0
81.94541234390445,0,28.452662310755926,0,2,2,7,0,0,0,0,1
65.59118370722697,1,21.834068303173833,1,0,1,10,0,0,0,0,0
51.3597808478195,0,22.375367396098003,2,2,2,6,2,0,1,0,0
39.60446188501162,0,22.822955146909568,0,0,3,4,0,0,0,0,0
73.45000859078725,0,23.964880196569844,0,2,3,4,0,0,0,0,0
40.52941861373928,0,15.535144615390967,2,0,0,8,0,0,0,0,0
79.42702832158483,1,24.0928806944095,0,1,2,3,2,0,0,0,0
50.73423025590236,0,33.919570990915744,0,0,3,9,0,0,0,2,0
78.85873108926776,1,20.520150163816478,0,0,2,8,1,0,0,0,0
65.18396935088917,1,22.08253203265118,2,3,0,4,0,1,0,2,1
52.94506765836313,1,19.08191168401802,2,0,3,3,1,1,0,0,0
47.2090544226081,1,28.06080963197677,0,1,1,4,0,0,0,0,0
49.886381839808806,1,31.01598679071188,1,1,0,2,0,0,0,0,0
61.42475038562856,0,30.901589195888125,0,0,1,6,0,1,0,0,0
56.15734744326575,1,18.7599470555317,1,0,0,3,0,0,0,2,0
46.09282887896942,0,27.4989586524848,0,0,0,3,0,0,0,0,0
52.515528845235515,0,32.16875017107118,0,1,1,1,2,2,0,0,1
56.17865544578725,1,27.548315538550614,2,3,2,8,0,0,0,2,0
23.06898858377782,1,27.392048416718882,0,2,3,8,2,0,0,0,0
61.87252172183048,1,22.641787106824207,0,3,2,9,0,0,0,0,0
40.3041816292479,1,26.100549118968317,2,1,3,5,0,0,0,0,0
37.700013951913824,0,31.181590898532026,2,3,1,4,0,0,0,0,0
29.689834793339344,1,26.64104484214382,1,1,1,9,0,1,0,0,0
28.091612531981646,0,18.75862621985137,2,1,2,3,1,1,0,1,0
34.668287453315656,0,22.719791628570142,1,1,2,4,1,0,0,0,0
44.36468563554264,1,31.04639769444497,0,0,2,8,0,0,1,0,0
84.29888706289853,0,26.623716601755476,0,2,1,2,0,1,0,0,1
47.11180486157194,1,25.59531039121538,0,0,1,3,0,0,0,0,0
57.66625159402047,1,22.2299223337665,0,2,1,3,1,0,0,0,0
61.00722079759493,0,30.942995902672173,1,1,0,8,0,1,0,0,0
56.965977793237734,1,33.31206298911128,0,0,3,2,0,0,0,2,1
53.8383480891101,1,31.315945615090165,1,0,2,8,0,0,0,2,0
37.07059354601133,0,32.21295810722686,0,1,2,7,0,0,0,1,0
76.76391322418817,0,23.206468796169165,0,3,0,1,0,1,1,1,1
82.10794965456827,1,22.49915451313048,1,1,2,8,0,0,1,0,1
29.760119588159714,0,24.21827413250407,0,1,3,1,0,0,0,0,0
39.639571136704305,1,25.19286620988127,0,0,1,9,0,0,0,0,0
50.802844864344905,0,32.15509890062628,2,1,1,1,0,0,0,1,1
40.53193307634713,1,30.829433697342083,2,0,1,5,1,0,0,1,0
62.58948330183798,1,27.69234693627247,1,2,1,8,0,0,0,0,0
44.0759169639008,0,17.844066170765565,1,0,2,4,1,0,0,2,0
87.47584101709904,1,16.559890777015625,1,1,1,6,0,0,0,0,0
72.85822891515394,1,26.202313724008516,0,1,2,1,0,0,0,1,1
58.18861045948322,1,29.401316028003585,0,1,1,3,1,1,1,0,1
70.40479394979599,1,24.602164755069314,1,1,0,5,1,0,0,2,1
71.58850636535963,1,34.574522524892025,0,2,3,2,0,1,0,0,1
46.54078767912635,1,19.58779478109782,0,0,1,1,0,0,0,0,0
42.75674133187053,1,18.958240252522003,0,1,2,9,0,1,0,0,0
56.17214594454471,1,21.678595127628395,0,2,0,8,1,0,0,0,0
67.92454186746916,0,21.488513934043823,2,1,3,3,0,0,0,0,0
57.08590597980127,1,27.6314293434099,0,0,3,6,0,0,0,0,0
31.34505276713504,0,22.891440740782485,0,0,1,8,0,0,0,1,0
42.95763334073737,0,17.26079769360669,1,3,0,6,1,0,0,1,0
53.89040704608433,0,29.457892283475584,1,1,2,8,1,0,1,0,0
53.865015935112545,0,16.200240369639353,1,0,1,3,0,0,1,0,0
84.58813265184712,0,19.643908884946455,1,0,2,4,0,1,0,0,0
34.21018086401503,0,16.88646714628066,1,0,3,8,0,0,0,1,0
62.58383862753812,0,26.035606385354367,2,0,2,10,0,0,0,1,0
77.33669662492434,1,25.93023856075606,0,1,3,10,0,0,0,0,0
89.07174618134194,0,34.582271605081765,0,1,1,8,0,0,1,1,1
48.93403865224058,0,29.56913328072775,2,2,3,6,0,0,0,1,0
62.371441790803,0,32.208230916711,0,2,1,10,1,2,0,1,1
63.54640535797971,0,26.443048256492464,0,1,1,6,0,0,0,0,0
57.93222597329936,0,20.11534089454718,0,2,3,9,0,1,0,0,0
53.51732198141041,1,25.640538009967482,0,1,2,8,0,1,1,0,0
61.539630842500685,1,27.962105036936535,0,1,2,3,0,0,0,0,0
20.0,1,28.519036911257874,0,0,3,7,0,0,0,1,0
65.23104235093948,1,22.637939279458287,0,0,2,9,0,1,0,1,0
56.89266855492951,0,27.443932368911995,0,0,0,10,0,0,0,0,0
51.66287654832602,0,20.334860145793677,0,0,2,3,0,0,1,1,0
85.70293293579337,0,19.783612029446417,2,2,0,9,0,1,0,0,1
44.87598971814172,1,19.421076443072575,2,0,1,5,2,1,0,0,0
48.95386016402454,0,25.123129942783986,1,0,2,10,1,0,0,0,0
84.873299533071,1,19.110818224618484,2,3,3,9,1,1,0,0,1
42.51908042725215,0,22.876278050644963,1,1,2,1,1,0,0,2,0
46.748270755951914,0,29.51458275706979,2,1,1,4,0,0,0,1,0
52.79461864853725,1,19.854351609608475,0,0,3,9,0,0,1,0,0
67.61101723194324,1,22.478439832478415,2,2,3,9,0,2,0,1,1
58.117037610299704,1,25.358156383880846,2,0,1,6,1,0,0,2,0
35.610619792716065,1,26.234434507661334,0,1,0,10,0,0,1,1,0
47.01747155309216,1,22.503547045972194,1,1,0,6,0,0,0,0,0
45.88968350181683,1,28.934300343675787,2,1,1,3,0,0,0,1,0
53.84168432165431,1,27.952261503923623,0,3,0,10,0,0,0,0,0
61.38765487944744,0,30.699283021808515,1,0,1,5,0,0,0,0,0
61.27308633831958,1,24.5919903782647,0,2,2,8,0,0,1,2,0
28.359823689273966,1,22.435905952718283,0,1,2,2,1,0,0,0,0
70.95911481341284,0,21.58683988993939,0,1,3,2,0,0,0,0,0
58.78853268994935,1,26.535137589646816,1,3,1,4,0,0,1,1,1
75.7679807139086,1,23.114221085943637,1,1,0,9,0,0,0,0,0
61.66297490936008,0,22.154151111596054,2,2,1,5,1,0,0,0,0
71.51984436603644,0,22.75856367877339,1,0,3,3,0,0,1,0,1
61.998179671751906,0,21.58154757437874,0,2,0,8,1,0,0,0,0
75.19338634304123,1,25.99510556381366,0,2,1,7,0,0,0,0,0
62.833759540266676,1,17.937084087279693,2,3,2,9,1,1,0,0,0
53.53127130335644,0,26.515081462374813,1,3,1,10,1,0,0,1,0
89.08652080670322,1,28.38274380201475,2,0,2,6,1,0,0,2,1
68.33555683419839,0,22.09560430911351,0,1,1,2,0,0,0,0,0
63.6061663150662,1,34.61018469803274,1,3,2,1,0,1,0,1,1
35.85543375192496,0,25.088106554884266,0,1,2,5,0,2,0,0,0
35.675385738046934,0,17.19328508450056,0,1,0,7,0,0,0,0,0
59.3907322321278,1,23.593785468316646,2,0,1,7,2,0,0,0,0
57.182817966523615,0,25.313280724678982,1,1,1,2,0,1,0,1,1
45.78816152487526,0,27.244837777851068,0,1,3,6,1,0,0,0,0
57.1147404941809,0,23.712847379445765,2,2,2,1,2,0,0,2,1
78.82940392065393,0,19.942148621478047,1,1,2,1,2,1,0,1,1
65.43103711825448,0,19.525096909438588,0,0,1,2,1,0,0,2,0
37.88487235370893,1,21.732003574091642,2,1,2,5,0,0,0,0,0
53.32736759285584,1,22.211123187406187,0,3,0,10,0,0,0,0,0
42.925502787211585,1,19.32512917550371,2,1,0,10,0,0,1,0,0
49.18450125387158,1,21.335934194481503,2,3,1,2,0,1,0,1,0
48.79576501555536,0,28.297292622196775,0,1,2,10,0,0,0,0,0
47.83531626093992,0,33.24206303847244,1,2,2,3,0,0,0,1,0
36.17296942039908,0,28.777308569354815,0,2,1,9,0,0,1,0,0
53.08517977722715,1,31.529305430934063,0,3,3,5,0,2,0,1,1
46.59088544729035,1,29.87059234116849,2,2,1,3,1,1,0,0,1
20.0,0,29.165651641991722,0,1,2,5,0,0,0,0,0
85.79458036752494,0,23.311018684713357,0,3,3,3,1,0,0,1,1
71.33154481325008,1,25.704554391934735,1,1,2,5,0,0,0,0,0
49.35548912612506,1,22.89690328771989,1,0,2,10,0,0,0,0,0
55.282285746108975,1,23.904464188331865,1,0,1,6,0,1,0,0,0
37.42518479023657,0,25.34083550193293,2,1,0,9,1,0,0,0,0
80.43584316716297,1,28.567830757895134,1,2,3,2,0,0,0,1,1
83.45933042159668,0,27.11661690757562,2,1,3,3,2,0,0,0,1
57.35040592369787,1,24.190853684928218,0,1,1,6,1,0,0,0,0
70.35295966278017,1,25.277693704458333,1,0,2,2,0,0,0,0,0
57.62930168400886,1,27.16731837096763,0,1,1,8,0,1,0,1,0
34.94911841686104,0,28.336972190289174,2,0,3,10,0,0,1,0,0
48.82264946554514,0,17.405024183713987,1,1,3,7,0,1,0,0,0
56.978919501579355,0,19.613055180505317,2,3,0,1,0,1,1,0,1
48.181784218848335,0,30.53655266969671,2,2,2,5,0,1,0,1,0
51.72020083847446,1,24.69565215034471,2,1,2,5,0,0,0,0,0
53.62900663736328,1,22.879617033165104,1,1,0,1,1,0,0,0,0
53.78682253201808,0,23.682502635369808,1,1,1,6,0,0,0,0,0
55.783877357462245,0,23.68147347211723,1,0,0,2,1,0,0,1,0
39.09092400405099,0,27.78968890762187,0,3,3,3,1,0,0,1,0
44.244757763080955,1,19.459918030096166,2,1,0,5,0,1,0,1,0
35.73123601450046,1,25.123888732483806,2,1,3,6,0,0,0,0,0
69.667233245293,0,26.23058864725202,2,1,3,2,1,0,0,1,1
23.41529587239513,0,26.981339582827516,1,0,0,4,0,2,0,1,0
72.30385514975389,1,26.114319981051466,0,0,2,3,0,1,0,2,0
75.79524095894266,1,27.57953115157014,1,0,2,1,1,0,0,1,1
50.46729119526068,0,22.136519244708435,0,1,3,4,0,0,0,0,0
20.0,1,20.290986338375223,2,0,2,6,1,0,0,0,0
49.580341570490646,1,37.28502221625257,2,3,2,10,0,0,1,0,1
54.037237580667714,1,23.493676577128817,0,2,3,7,0,0,0,0,0
39.8410267010663,1,24.07772764672716,1,2,0,6,0,0,0,0,0
47.27172409287636,0,28.389200488589424,1,2,1,1,2,0,0,0,1
77.95292798295027,1,32.98044646097121,1,2,3,5,0,0,0,1,1
64.97390743452611,0,22.277359415326522,1,0,0,5,0,0,0,0,0
41.1315382843285,0,20.00592365905237,0,1,3,6,0,0,0,0,0
31.03601245606852,0,18.78923324604195,0,0,2,5,2,1,0,0,0
50.094740235853436,0,32.96553110751463,2,0,1,9,0,0,1,2,0
51.798148309743425,0,19.80946506769483,0,1,1,6,0,0,0,2,0
62.44298781044974,1,24.862220317422167,2,1,0,9,0,1,0,0,0
46.97024931148512,1,20.113575839785156,1,0,0,4,1,0,0,0,0
62.67249363042792,1,17.75822041020848,2,1,1,3,1,0,0,0,0
84.02731060090343,0,23.538123234531568,2,0,3,6,2,0,0,2,1
67.23251533666394,0,20.3110666682942,1,2,2,1,0,0,1,0,1
54.27867239003841,1,21.541857872883437,1,3,1,10,0,0,0,0,0
52.25274293420058,0,35.03052548708702,1,2,1,5,0,0,0,0,0
49.64990298730193,1,27.124480520862015,0,2,0,2,0,0,0,2,0
72.70961368678218,0,29.657347597769945,0,1,3,6,0,0,0,1,0
45.59029831073046,1,29.123297814246264,1,0,0,3,0,2,0,1,1
55.678340634999735,0,24.495695384604875,2,2,1,9,2,0,0,0,0
55.76796852821628,1,22.80140820311188,0,0,2,2,0,0,0,0,0
47.47323710782702,1,26.244673059305583,1,1,2,1,1,0,1,1,1
34.41301678173849,1,25.842253849662473,1,2,1,7,1,0,0,0,0
59.84461755426502,1,22.15597291417346,2,3,3,5,1,0,0,0,0
54.08494042216925,0,25.649239152334303,0,1,2,1,0,0,0,2,0
62.50360704154855,1,21.46835146651854,0,3,1,5,0,1,0,1,1
46.99599540341249,0,24.142710346795802,2,1,3,4,0,0,0,0,0
73.31231948219572,1,23.323582627413316,0,0,0,1,1,0,0,0,0
41.848393281822325,0,18.655637036971104,1,1,1,8,0,0,0,0,0
80.68060426026838,1,15.0,1,2,3,4,0,0,1,1,1
28.785452352576076,1,20.304683750301503,0,1,3,10,0,0,0,0,0
61.52155096835337,0,34.0205233229315,1,2,1,7,0,2,0,2,1
62.131460237899354,0,23.45159108981636,2,1,0,6,0,0,0,0,0
43.06664398088677,0,28.879840804482022,0,1,2,9,0,0,0,1,0
61.36590906791519,1,15.0,0,0,3,1,0,1,1,0,0
74.19278004640239,0,19.958569660178362,1,0,2,10,1,0,0,0,0
21.74771740968903,1,18.227551913188247,1,0,2,9,1,0,0,0,0
62.54117211236222,1,23.988499949564424,1,1,1,8,1,0,0,1,0
20.0,1,37.109777402676215,2,2,2,5,0,0,0,0,0
40.51502794715188,1,27.30119471613959,2,2,3,3,0,2,0,1,0
79.43749547351418,0,33.47806266639043,0,0,1,10,0,0,0,0,1
46.27326949911919,1,23.727816361571684,0,1,1,2,0,0,0,0,0
37.39180053386541,1,31.82434686927536,0,1,1,9,1,1,0,0,0
52.03093406522977,1,35.36628353341445,2,1,1,3,1,0,1,2,1
86.01859507245328,1,24.453154667947707,0,1,1,4,1,0,0,0,1
27.524766291909607,1,22.303676443863175,1,0,0,6,0,1,0,0,0
39.230351325409835,0,18.410945315049236,2,3,1,5,0,0,0,1,0
77.4614752476944,1,23.454698707115153,1,3,3,6,0,1,0,1,1
82.86553515306599,1,25.409483376003955,0,0,1,2,0,0,0,0,0
53.44853163564574,1,35.15476808674575,1,2,3,5,1,0,0,2,1
36.41420946210036,1,18.525130129519567,1,0,2,4,0,0,0,1,0
86.43765252713739,0,25.29830946848489,2,0,1,1,0,1,0,0,1
78.91663587623795,1,15.928459393051915,1,3,1,4,0,0,0,1,1
65.18420481643349,1,22.86618585580716,0,1,2,2,0,0,0,0,0
42.8139647659387,0,26.556976787060094,0,1,1,7,0,0,0,0,0
54.26455988742945,1,27.56291576344279,2,1,3,7,0,0,0,1,0
52.59459878432754,0,27.94511539820961,2,2,0,5,0,0,0,1,0
59.962769569233664,1,26.987020164434227,0,2,0,1,0,0,0,0,0
76.76502157197004,0,27.902109700481205,0,0,1,1,2,0,0,1,1
68.19125561706105,1,25.228695645013318,1,2,2,7,0,0,0,0,0
38.83935884522863,0,19.76066847005514,1,2,3,10,0,0,0,0,0
75.64744675029307,0,15.74171518159972,0,1,0,1,0,0,0,0,0
59.69698210019733,0,22.266560891313915,1,1,2,2,0,0,1,0,0
65.30598693788374,0,24.326922834683852,2,0,0,4,0,1,0,0,1
76.99811288917904,1,31.269658985877403,1,0,2,5,0,0,0,1,1
38.32629625729673,0,24.496991624219064,1,1,0,1,0,0,0,0,0
54.462616319403054,1,24.01715482891654,2,2,2,1,0,0,0,2,0
47.028181729611774,1,26.927635634208897,0,2,2,3,0,0,0,2,0
31.48210861951816,1,23.64994006274399,1,1,0,1,0,0,0,0,0
60.2006496640738,1,29.05270999473469,1,2,2,3,0,0,0,1,0
90.0,0,34.896668091919395,1,2,2,5,1,0,0,0,1
27.398833832413708,0,35.953927571053505,2,1,2,3,0,0,0,0,0
54.51579083425794,1,25.485203136222445,0,0,2,10,0,0,1,0,0
64.60814402612161,0,26.684461823477243,0,1,2,8,0,0,0,0,0
56.84617302484272,1,32.894280601867415,2,0,2,5,0,0,1,0,1
53.303079212263896,0,24.250189885518644,0,0,3,5,1,0,0,1,0
35.51175454831264,1,28.395960709620894,0,0,3,6,2,0,1,0,0
58.49180114410245,0,19.324199351570876,1,2,2,4,0,0,1,0,0
43.6485403447611,1,23.44580425862501,2,0,3,5,0,2,0,1,0
22.1511744253217,0,30.780573083226535,1,1,3,6,2,0,0,1,0
72.91888330770595,0,21.409021831061885,1,3,1,6,0,0,0,2,1
69.37578729763064,1,24.359744106351613,1,2,3,5,0,0,0,1,0
55.7749146527662,0,17.128951771989403,2,2,1,10,0,0,0,0,0
58.43612032308554,1,35.02884147254818,2,0,0,6,0,0,0,0,0
71.11477019073342,1,31.315140349084515,0,1,3,9,0,0,0,0,0
58.36509485167124,0,25.940497830763743,2,1,1,8,0,0,0,0,0
68.56026332141971,1,27.53756436041164,2,1,2,4,1,0,0,0,1
50.53776698689225,0,26.97949053471684,1,1,3,2,0,0,0,0,0
74.6797560786092,1,31.92155876515393,1,1,0,4,2,0,0,0,1
59.81178588899026,1,22.405999788143138,1,3,1,6,0,1,0,2,1
57.91077915408811,1,28.66133809964116,1,1,2,10,1,2,0,1,0
35.94908366931952,0,30.387082494260866,2,0,2,7,0,0,0,0,0
59.30433781452563,0,31.076629852382283,0,1,3,4,0,0,0,0,0
42.52067623758323,1,15.0,0,1,3,3,0,0,0,0,0
45.42575910207259,0,22.00362760867428,0,0,0,1,0,0,0,1,0
42.769365575258185,0,19.90414689349048,2,2,1,7,1,0,0,0,0
39.006476021511624,1,25.74794142785343,1,1,2,1,0,0,0,0,0
86.87157104525443,1,15.0,1,1,2,8,1,0,0,2,0
74.97008592982604,0,15.0,2,1,1,5,1,0,1,0,1
83.80551253216392,0,35.8504749593813,2,2,1,8,0,0,0,1,1
36.65657470666655,0,28.088446941316704,2,3,1,2,0,0,0,0,0
56.068806248663385,0,25.605046215994058,0,0,3,3,0,0,1,0,0
35.597385621938564,0,26.818363239194912,1,1,3,4,0,0,0,0,0
44.56457684204404,0,25.731704618745898,2,0,0,2,0,0,0,0,0
41.22809524875137,1,29.98675328275763,0,2,1,4,0,0,0,0,0
73.59376009662343,1,21.837779039680107,0,1,1,6,0,0,0,0,0
49.0565548284736,0,25.933074130367846,1,2,3,7,0,0,0,1,0
71.02569000541024,0,26.13710633968858,2,3,3,6,0,0,0,0,0
64.06181334382777,1,19.76571020770831,1,1,2,7,0,0,0,0,0
89.55458128157184,0,31.384915295315263,1,0,0,2,1,0,0,0,1
32.80833665290414,1,22.77161630049295,1,1,0,1,0,0,0,0,0
73.88849859680198,1,30.087108349044506,0,0,1,9,0,0,0,2,0
72.19661305601092,1,25.5745636318574,2,2,3,7,0,0,1,0,1
40.39931742959448,0,33.16792416204529,0,0,0,2,0,0,0,0,0
70.10700004709739,1,19.79310455739238,1,1,2,7,0,0,0,1,0
60.042174445393435,1,19.57620599244775,0,0,0,4,0,0,0,0,0
51.587856100698886,1,20.471522044978457,1,0,2,3,0,0,0,0,0
42.64096769542,1,25.666477752571872,2,0,2,4,0,0,0,0,0
44.21335822826221,0,32.70734197889102,2,1,2,5,0,0,0,1,0
85.74718143678889,0,32.96546809082625,0,0,2,9,0,0,0,1,0
55.01024228436224,1,15.0,0,1,3,4,2,0,0,1,0
66.73195002297189,1,26.248535806112695,0,1,1,9,0,0,0,0,0
43.13650927498671,1,15.0,0,3,1,4,2,0,1,0,0
43.30220580667542,1,28.975158968925175,1,2,3,1,0,0,0,0,0
71.22977213874913,0,30.590847074476034,1,1,0,1,1,0,0,0,1
34.756356826727014,0,24.79877862653907,2,2,2,4,0,1,0,1,0
48.77179348142093,1,25.419907887473773,2,1,3,4,0,0,0,0,0
55.51041116608348,0,25.368194464701197,0,1,3,10,0,0,0,0,0
56.67058902760078,1,21.07779040629377,2,1,3,7,0,0,0,0,0
52.313600724757656,0,27.158528926607403,2,1,0,1,2,1,0,0,1
60.937296716438844,1,23.842959991733714,1,2,3,5,0,0,0,0,0
65.39283633726717,1,29.65145854644809,2,0,3,10,0,0,0,0,0
66.01956318188995,0,24.43186532740385,2,1,2,8,0,0,0,0,0
40.2129428699826,0,20.694884467558705,1,1,1,8,0,0,1,0,0
50.73767353106804,1,17.32067664567245,2,2,1,7,0,0,0,0,0
72.92144292815406,1,15.67967587472144,1,0,2,4,0,0,0,1,0
68.41970781360808,1,31.562546719772175,1,1,3,7,0,1,0,0,1
34.407108227784036,0,22.711053235704902,0,2,1,1,0,0,0,0,0
60.27219850528302,0,26.692870950408242,2,0,1,6,0,0,0,0,0
25.326621259377845,0,33.91614945872259,0,3,2,7,0,0,0,0,0
55.704023530905545,0,22.185978343510545,1,2,2,3,0,0,0,2,0
83.46650525118966,1,21.862612578094232,1,1,2,8,0,0,0,1,0
40.78160924096521,1,24.339191238223382,1,1,1,8,2,0,0,1,0
42.48515431762627,0,25.147163502099964,1,3,2,8,2,0,0,0,0
66.4604467235929,0,34.43775675127923,1,1,0,5,0,0,0,1,0
31.85797727185531,0,32.829102970470565,0,0,0,7,0,0,1,1,0
45.50867455172441,1,28.104377079533737,2,2,2,5,2,0,1,0,1
63.94661706372629,1,32.24706884498434,1,0,1,8,0,0,0,1,0
45.48571228465895,1,24.10890493716072,2,0,2,9,2,0,0,1,0
51.46045019183543,0,26.49582283594239,0,2,2,4,0,0,0,0,0
66.16278565472552,1,23.492431777306525,1,0,2,4,1,0,0,1,0
61.32319125304842,0,18.548158087101804,2,2,3,7,0,0,0,0,0
59.00227594443103,0,31.019373708967976,0,1,0,7,0,0,0,0,0
49.91316581094942,1,27.6584936699493,2,2,1,8,0,0,0,1,0
60.55091672903433,1,25.09036736711832,0,0,1,7,0,0,0,1,0
53.14400979850365,0,24.987660753439123,1,1,2,7,1,0,0,1,0
61.86708414888677,0,17.468925645467458,1,1,2,6,0,2,0,1,0
47.54601962323033,0,20.112623334236424,1,0,1,6,0,0,0,0,0
52.26146538430688,0,26.680765850570126,1,1,0,10,1,1,1,0,1
40.15063311171979,1,22.35443666362747,0,1,3,3,0,0,1,0,0
54.474885849906464,1,23.911434793912548,1,3,2,4,0,0,0,2,0
42.83498704556733,0,24.47671967610449,0,1,2,10,0,1,0,0,0
38.2893032475701,0,21.58765615491445,1,1,3,4,0,0,0,0,0
58.87991721783082,0,20.16040839987975,0,1,3,9,0,1,1,1,0
58.1910966378649,1,16.938211845373132,1,3,0,6,0,0,1,1,0
66.74310602422858,0,24.267408604942297,1,1,2,10,1,0,0,0,0
48.53311645637351,1,28.093042738051416,2,2,1,3,0,0,0,0,0
61.120792702551334,0,16.781829288900248,1,1,3,4,0,0,0,0,0
63.26196358410495,1,24.879760874500867,0,1,0,6,0,2,0,1,0
61.67160711747392,1,26.405716263457805,1,0,1,6,0,1,0,1,0
42.61519475796787,1,20.052097981354276,1,1,2,5,0,0,0,1,0
57.24045223406783,1,32.11070905774044,0,1,3,1,0,0,0,1,0
60.46210444081992,1,23.07142315480796,1,2,3,10,1,0,0,0,0
55.10767700361913,1,24.493701557717444,1,0,2,6,1,0,0,0,0
23.70283512443373,0,24.193652497010106,0,1,2,4,0,1,0,1,0
57.4073443596022,0,16.14612788704472,0,1,3,8,0,0,0,0,0
88.18796559095864,0,30.04376035842022,0,0,2,10,0,0,1,0,1
49.59941096864526,1,20.222406157903812,0,0,3,1,0,0,0,1,0
44.07884353217018,1,23.817397422971318,0,1,3,5,0,0,0,1,0
60.600228395670975,0,27.98830500638998,1,1,3,4,0,0,0,0,0
59.685673156998575,1,32.30451713072267,0,1,0,5,0,0,1,2,1
72.89102748124621,1,19.600338590515804,0,1,1,9,0,0,0,0,0
36.13197766136668,1,22.767582072027864,0,1,1,7,0,1,0,0,0
65.97070378862489,1,31.912093150035766,1,1,2,3,2,0,0,1,1
63.85633091877195,1,27.318569396377235,2,1,1,3,0,0,0,0,1
52.867801945891806,0,28.355856795258042,1,0,1,7,1,0,0,0,0
60.08030976882535,0,19.744341321119162,1,1,1,1,2,0,1,1,1
70.44186222397536,1,23.10395235036721,1,0,3,8,1,0,1,0,1
68.08473070042676,0,24.160822838097847,0,1,1,3,2,0,0,0,1
37.85471031889407,0,20.710526213285128,0,2,0,8,1,0,0,0,0
67.30237280133227,1,16.627151871630467,0,1,0,8,0,1,0,1,0
54.029670924512224,1,22.44750720618202,0,0,1,2,0,0,0,1,0
56.09311147023273,1,31.77144099792215,0,0,3,3,0,0,1,1,0
56.097954865025415,0,25.29586732780248,1,0,3,10,0,2,0,1,0
52.7463551680261,1,31.87145456786688,0,1,2,1,0,1,0,0,0
72.87561245660598,0,25.8951045711476,2,1,2,6,1,0,0,1,1
53.74423060226182,0,21.176461352060187,2,0,2,3,0,1,0,0,0
38.20680807425247,1,31.38809506615861,2,2,0,9,1,0,0,1,0
49.09705216045407,0,26.061630703339496,0,1,1,1,2,1,0,0,0
57.68042075215713,0,29.809194162136986,2,1,2,8,0,2,0,1,1
73.43822176445576,1,19.658359144397142,2,1,3,7,0,0,0,1,0
64.0464202742325,0,30.193781448072517,2,1,2,7,1,0,0,1,1
42.24197081879434,1,30.344446377720992,1,3,1,8,0,1,1,0,0
90.0,1,26.44883572178268,2,0,3,9,0,0,0,2,1
58.97162966466969,1,20.96538957095109,0,0,2,8,0,0,0,0,0
74.13086106998523,0,24.76995585643694,0,2,3,6,0,0,0,0,0
52.72428349634156,1,28.05645573619122,0,1,1,1,1,0,0,0,0
63.00038867058174,0,26.17285009968267,2,3,0,1,0,1,0,0,1
67.59202756777607,1,28.00541369053882,0,0,0,7,0,1,0,0,0
73.27292067631384,0,30.061229538264527,0,0,3,3,0,0,0,0,0
70.86052458067337,0,21.757766733140393,2,1,0,3,0,0,0,0,0
68.08295500109466,1,19.224621895199306,0,0,2,9,0,0,0,0,0
50.27369903208837,0,24.81230599313879,2,1,1,10,0,0,0,1,0
46.42380937065908,0,23.35128420565066,2,3,1,4,0,1,1,0,0
59.989112654862964,0,28.929232065780752,0,0,1,3,0,0,0,0,0
68.99692108511604,1,19.62750805170596,0,1,0,2,1,0,0,0,0
51.6591894883509,0,30.1019093708884,1,1,0,5,1,0,0,2,0
70.9775794857158,0,31.768060547733832,2,1,0,9,2,0,0,1,1
76.78925118229269,0,25.00152482131145,2,0,0,8,0,0,0,0,1
41.2551862138987,1,25.303680627906523,0,0,0,8,0,0,0,0,0
42.4461894430558,1,21.162267493849235,0,0,2,1,1,0,0,0,0
52.894374116419954,0,22.286695505129668,0,3,0,9,0,0,0,1,0
59.614190022837946,0,22.95831659677158,2,1,1,8,0,2,0,2,1
47.131494793494234,0,32.214700339189655,0,2,2,3,1,1,0,0,0
75.28304018300716,0,24.64064607094613,0,0,0,8,2,0,0,0,0
61.36100292277677,0,18.389135216799957,2,0,3,9,0,0,0,0,0
55.59170572361109,0,26.27677171056002,1,1,1,2,0,1,0,2,1
33.46135714197209,1,29.13145062311138,0,2,3,1,0,2,0,0,0
35.262762753587396,1,24.872943153392026,2,1,0,1,2,0,0,1,0
59.2151387542271,0,32.34606719863495,1,1,0,1,0,0,0,0,1
23.011065607677455,1,28.88754333632949,1,1,2,5,1,0,0,1,0
70.18956114466107,1,19.754356350560734,1,0,1,2,2,0,0,0,0
52.627692334415194,1,22.24283593801799,1,2,2,4,0,1,0,0,0
90.0,1,26.131131407123043,1,0,1,1,1,0,1,0,1
89.61874375924165,0,16.669053809866966,2,1,1,2,0,0,0,0,1
52.27826396128725,0,26.68178368735307,1,1,3,7,0,0,0,0,0
53.40494496203028,1,16.19208786372676,1,0,0,9,0,0,0,1,0
69.93372271003045,0,30.11716727782255,1,2,1,6,0,0,0,0,0
80.54758914877057,0,29.536368423958542,1,2,1,10,0,0,0,1,1
30.42956413845975,0,27.523906804575354,0,0,2,10,0,0,0,1,0
28.204368019679702,0,21.62060817823844,0,1,0,5,0,0,0,0,0
45.66947791668428,1,25.851014123067696,1,1,2,10,0,0,0,1,0
63.74106374760797,0,22.433112562426754,1,0,1,7,0,0,0,0,0
62.453103857613954,0,19.84592361274967,1,1,3,9,0,0,0,0,0
71.04657182475775,0,23.306284941142945,2,1,2,2,0,0,0,0,0
37.00453707452038,0,28.49132768246048,0,1,0,6,1,0,0,0,0
20.257842055466853,1,25.219070964158803,1,2,2,3,0,0,0,1,0
67.87021292953219,0,32.25354962067212,1,0,2,10,0,2,0,1,1
42.57705590552148,1,28.828902697401375,0,1,2,10,1,0,0,0,0
24.722682034170433,1,28.293454069528092,0,2,1,4,0,0,1,0,0
57.175956189390725,1,16.95536725277198,0,0,1,5,0,0,0,0,0
66.89763532328016,0,23.57420734922361,0,3,1,5,0,0,1,0,1
53.16914301818084,0,19.678137947829,0,1,0,10,0,1,0,2,0
48.13227420726266,1,24.08498560188048,1,2,2,8,0,1,0,0,0
52.6095665178114,1,21.533619380384216,1,2,2,5,0,1,0,0,0
49.44125856398826,0,23.111975234710307,1,1,1,2,0,0,0,2,0
34.779293320897494,0,30.30581366186925,2,0,2,2,0,0,0,1,0
44.279789845143526,0,27.37624964502917,1,0,1,1,2,0,0,0,0
62.81919857520722,1,30.035572144908173,0,0,1,2,0,0,0,1,0
59.8251781206475,0,16.99658445492007,0,1,2,1,0,1,0,0,0
57.520897089502306,1,25.289873483078317,0,0,3,3,0,0,0,2,0
40.07277277219931,1,29.833524906983005,2,1,2,5,0,2,0,1,1
52.27745256796499,1,32.53147957443578,2,0,2,3,0,0,1,2,1
22.34402430335718,1,17.259558051537535,0,0,1,7,1,0,0,1,0
57.67714995828084,0,23.24258181919415,1,1,0,10,1,0,0,0,0
76.4328656172035,1,30.171133370023814,2,1,2,2,0,0,0,1,1
32.88801801936842,1,24.038608435942773,2,2,1,5,2,0,0,0,0
46.21108490023367,1,20.44791162915138,1,0,2,3,0,0,0,0,0
59.93660168065195,0,17.250004107519963,0,0,1,2,0,0,0,0,0
73.79263951641225,1,20.256492326684167,0,3,2,4,0,0,0,0,0
48.276630755497756,0,16.555491657181356,2,0,2,9,0,0,0,1,0
44.616245061011554,0,25.292302284170127,2,2,3,9,2,0,0,0,0
25.466152863758754,1,29.4815509288933,1,1,3,6,0,2,1,1,0
56.551571939621596,1,18.69512620545698,0,0,0,7,0,0,0,1,0
85.63114060215617,1,26.288648706055262,2,1,1,1,1,0,1,1,1
59.16037692947014,0,29.226355147229334,2,3,3,3,0,0,0,0,0
54.6658153122443,1,24.986458365758253,0,2,1,2,0,1,0,1,0
59.83123466150478,0,16.946528525413775,0,1,2,9,1,0,0,1,0
54.833619940770966,1,26.931057773312517,1,1,0,10,0,0,0,0,0
42.80478441609805,0,24.726765276177648,0,1,2,8,0,2,0,1,0
67.34919873516557,1,24.217476756995723,0,1,1,3,0,0,0,0,0
58.38642284667632,1,22.265813771197678,0,1,3,10,0,0,1,1,0
55.26419877900486,0,25.433937131370207,2,3,1,8,1,0,0,0,0
40.369509590826254,0,27.5490895422348,2,0,1,10,1,0,0,1,0
74.55261897902139,1,36.95324067167924,0,1,0,8,0,0,0,0,1
64.97054117999664,1,25.561660341936026,2,1,2,8,0,0,0,1,0
46.70618743949047,1,32.555705800063365,1,1,3,4,1,0,0,0,0
70.02737280522906,1,26.78877541713438,0,0,0,7,0,1,0,0,0
47.536437424221894,0,24.50235836176123,2,0,0,10,1,0,0,0,0
43.26994761233445,0,25.742737638556463,1,1,1,8,0,0,0,2,0
43.604453237795695,0,18.891318151537455,2,2,2,10,0,0,0,0,0
28.433971703678633,0,26.52930135376019,1,1,3,5,2,0,0,0,0
62.073135706273085,1,15.039674675893139,1,1,0,9,0,0,0,0,0
27.532826824924747,0,20.68666821055734,0,1,2,9,2,1,0,0,0
36.573342531013566,1,25.549215465669054,0,1,1,3,0,0,0,0,0
23.866179863822,1,30.96991136589422,1,0,0,3,0,0,0,2,0
53.7089546081366,1,32.15312198499197,2,0,0,8,1,0,0,0,0
52.74519309592192,1,23.817267101795327,1,2,3,7,0,0,0,2,0
50.09955680220454,0,25.778586597652204,0,1,3,9,1,0,0,0,0
39.36133457994136,1,29.92181234791014,0,0,1,2,0,0,0,0,0
37.416493698450395,0,18.352532139035404,2,0,3,2,0,0,0,1,0
61.96554795319861,0,27.023737526577516,0,2,0,7,1,0,0,0,0
46.74172102437268,1,20.860535663170957,0,1,1,8,0,0,0,0,0
59.74537482304217,0,24.140874776616407,2,3,2,3,0,0,0,0,0
41.72126970813666,1,22.704883747528424,2,1,3,1,2,0,0,0,0
57.71594114156623,1,27.17679063524074,2,0,1,10,1,1,0,0,0
74.54917055974096,1,27.751518370045453,0,2,3,7,1,0,1,0,1
63.79248700589175,0,29.455393386986987,0,0,3,6,0,1,0,0,0
48.813792726752794,1,26.740994142322243,2,1,0,1,1,0,0,2,1
58.85798455533891,0,25.85826884984448,2,0,1,9,2,2,0,1,1
51.3900223820468,1,34.27011900219301,2,1,0,6,0,0,0,0,0
55.11820277042092,0,17.378204649014116,1,2,2,5,1,0,0,1,0
50.115834217772445,1,33.4780493006462,2,1,2,3,0,0,0,0,0
52.53497191171913,0,23.550890455658017,0,0,0,9,0,0,0,0,0
58.18140029611263,0,27.854457931841527,0,1,1,7,0,2,1,2,1
40.09961950627074,0,23.371701597031993,0,1,2,4,0,0,1,1,0
39.761817595150326,0,21.48729185224187,2,2,2,1,0,0,0,0,0
34.171861692531834,1,27.422885963971144,0,2,2,4,0,0,0,0,0
30.995933432444353,0,30.210641543072217,0,0,0,3,0,0,0,1,0
36.74075961669281,0,27.365039774837026,2,2,1,6,0,0,1,0,0
57.39193760206194,1,22.28942106658559,0,0,0,1,0,0,0,0,0
41.60818726762174,0,40.0,0,0,2,4,0,1,1,0,0
62.70421696346644,0,30.99286835433126,2,0,2,1,2,0,0,2,1
55.52070623128843,1,29.666711521036262,2,0,2,1,0,0,0,1,0
25.472436798429193,0,23.235178846288978,1,2,0,6,1,0,0,1,0
64.82463376332535,0,21.874171058554804,2,1,2,6,0,1,0,0,0
67.16197968387564,0,23.600804620785304,0,1,3,9,0,0,0,0,0
40.0920598774772,0,30.407032721962416,2,3,2,7,0,0,1,0,0
61.302873143424875,1,20.04697831462086,2,1,3,6,2,0,0,1,0
42.15252643886201,0,19.658980842728415,0,0,1,3,1,0,0,0,0
56.46505565122503,1,27.69773766680509,2,1,1,3,0,0,0,0,0
36.03252389567552,0,26.5959822232106,0,2,1,5,0,0,0,0,0
28.103403211981348,0,21.14843231054552,0,3,2,6,0,1,0,0,0
49.257742155805474,0,19.543982107923874,2,1,1,6,0,1,1,0,0
53.14406580587746,1,32.18948496684216,0,2,1,8,2,0,0,0,0
49.03480459578094,1,26.78502212649781,0,2,2,8,1,0,1,0,0
37.239541626661605,1,18.182320681359837,0,0,2,1,1,0,0,0,0
49.00151406803295,1,18.53187231958853,0,1,0,3,0,1,1,0,0
59.03942128871101,0,23.192440137747653,2,0,3,5,0,0,0,0,0
54.326604548161946,0,28.664209034988165,2,1,2,9,2,0,0,0,0
57.7375154589882,0,27.9750440105414,1,2,1,4,0,0,0,0,0
44.94827199318651,0,30.65839268500609,1,2,3,5,0,0,0,2,0
72.57576872074239,0,17.548250962696013,1,1,0,1,0,1,0,0,1
37.35739995167829,0,26.119233448898285,0,2,2,7,0,0,0,0,0
62.31340445630078,0,32.129551661606804,0,0,3,2,1,0,0,0,0
72.72836639439942,0,31.664008652380495,0,0,1,1,2,1,0,1,1
62.21362139123343,0,26.79454990706343,1,0,2,2,0,0,0,1,0
51.96213659402755,0,36.740092543269384,1,2,3,8,0,0,0,2,0
47.07554430005531,1,28.046425582079298,2,2,1,1,0,0,0,0,0
70.54131476569384,0,30.213733164206715,2,1,1,1,0,0,0,1,1
33.65537612107491,1,25.222239593877532,2,3,1,1,0,0,0,0,0
40.44813609430535,1,21.095123535778566,0,2,1,2,0,0,0,0,0
49.03663351762418,0,20.62395399610627,2,1,0,1,0,0,0,1,0
73.56480636267997,0,25.9080760739721,2,1,1,2,0,0,1,0,1
60.69651454061344,0,23.942489965748965,2,2,3,7,1,0,0,0,0
40.47931362234632,1,16.15707165043259,0,0,2,1,2,0,0,2,0
50.34538441922645,0,19.871032075371296,1,0,1,10,0,1,0,2,0
45.78515283855558,0,23.407982129729536,1,0,3,2,0,0,0,0,0
44.353165116496974,0,28.636396879685798,0,2,2,3,0,0,0,0,0
69.68334337835168,1,24.91963056918963,2,3,1,2,0,1,0,0,1
34.42385306104742,0,24.63967894749743,0,1,2,3,1,0,0,1,0
79.1317128360156,1,20.06543686498342,0,3,2,7,0,0,0,1,0
67.42344535276933,0,25.115830400310493,1,1,2,2,0,0,0,1,0
71.36292505905547,1,31.59550513722994,0,1,1,3,0,0,0,2,1
48.05590731962113,1,25.777875563792787,2,2,1,6,0,0,0,1,0
52.75088921381336,0,17.46343209259069,1,1,1,4,0,0,0,1,0
33.502722782129325,1,18.742386028477345,1,1,0,1,0,1,0,1,0
47.130063893997956,1,27.943944386115763,1,0,1,8,0,0,1,1,0
62.40482271464727,0,23.8784226238869,0,0,1,7,0,0,0,0,0
74.44094592672094,0,24.62709884948243,2,1,0,8,0,0,0,0,0
38.392647747963224,1,21.936329124926214,2,0,3,9,0,0,0,0,0
49.517410945221016,1,27.517061060999563,1,2,2,9,0,2,0,0,0
52.73051169651217,1,23.495411433773253,2,1,1,3,0,2,0,0,0
34.06316196711272,1,24.066933891356978,1,1,3,9,2,0,0,2,0
63.87023862637601,1,20.74388304168437,1,2,3,6,0,0,0,2,0
44.14014502386087,0,29.60845649071385,2,3,0,10,0,0,0,0,0
52.06914473234464,1,23.894336041917892,1,0,2,10,0,0,1,1,0
48.22075942132184,0,28.0394016655988,1,1,3,2,0,0,0,2,0
43.159922414204885,1,19.03204217982991,0,2,0,1,0,0,0,0,0
54.89432521779168,1,33.66941569189304,2,0,0,4,2,0,0,1,1
51.76585632147967,1,31.386870192566114,2,0,1,9,0,0,0,0,0
49.42213176582002,0,15.451011651705366,1,1,1,2,0,0,0,0,0
44.07307567479486,0,20.990312624681426,0,1,3,1,1,0,0,2,0
59.79287006174433,0,27.388171955049422,1,0,2,2,1,0,0,0,0
79.80425902738428,1,18.40135671925498,2,1,0,7,0,0,0,0,0
57.09830849258691,1,24.342029589183372,0,1,2,5,1,1,0,0,0
69.94177322366693,0,27.133158929883983,2,1,0,5,0,0,0,2,1
34.14667112269806,1,24.076370440102583,2,2,1,10,0,0,0,0,0
57.36642158940654,1,27.69419351768548,1,2,1,4,0,0,0,2,1
38.539475215434,0,21.53335047699059,0,1,1,1,0,0,0,0,0
32.846126087021474,0,15.0,1,1,1,8,1,0,0,0,0
43.909428888114455,1,29.910576560825305,0,2,2,1,0,1,0,0,0
72.87849001620359,1,29.879073268012654,1,1,1,10,0,2,0,2,1
69.25023743004468,1,37.51818321144167,0,2,3,3,0,0,0,0,1
58.645070830815996,1,15.0,1,1,0,2,1,0,0,2,0
32.009491601651035,1,28.754160546734077,0,1,2,2,0,0,0,0,0
52.05579022918095,0,15.156589309583065,2,0,3,9,0,0,0,0,0
59.52550013352603,0,33.78246640837659,2,2,0,9,1,2,0,0,1
57.63304344367897,0,27.43933416848005,2,1,2,5,1,1,0,0,1
27.343096247788814,0,20.240355761618734,0,2,2,2,0,1,0,2,0
41.64523227970192,0,28.90111237300718,0,1,1,10,0,0,1,1,0
54.03883353776925,0,22.23477496141532,1,0,0,7,0,0,0,0,0
63.04436364275785,1,26.502080497756346,0,1,2,8,0,1,0,0,0
22.058082683500807,1,26.02980358104542,0,0,1,9,0,0,0,1,0
52.56814036780212,0,33.72084068073647,1,1,1,4,0,0,0,0,0
57.14573154818429,1,34.07462955043256,1,1,2,1,0,0,0,2,1
67.7441798277432,1,22.01367313363247,0,0,3,7,0,0,0,0,0
65.39286376356155,1,30.29052808998018,1,0,1,7,1,0,0,0,0
63.738569782132075,1,26.774200777851487,1,2,2,1,0,0,0,1,1
43.000892399470985,0,17.93658966496544,0,2,3,4,0,0,0,1,0
26.379967943150387,1,21.5188580981391,2,0,0,4,1,0,0,1,0
49.10420864407899,1,36.68073049799812,0,1,2,1,0,2,0,0,1
70.0244773781284,1,26.789272005523276,0,1,0,7,0,0,0,0,0
75.90181791286648,1,29.99889789758761,0,1,3,3,0,0,0,1,0
65.65823653446678,1,23.939778438165046,0,0,1,1,0,0,1,0,0
61.44011234202601,1,22.30029042640329,2,0,1,7,0,0,1,1,0
60.694594725789486,1,25.136322538172372,0,2,2,3,0,0,1,0,0
46.658218798588294,1,23.669479723768916,2,2,2,3,0,0,0,1,0
53.0490955966957,0,17.533735344842007,1,1,1,3,1,0,1,2,1
80.03604288739497,0,19.98337271272984,1,2,2,4,0,0,0,2,1
40.86162991312186,0,28.539422572061156,2,1,3,5,0,2,0,0,0
79.22168186064778,1,23.096546554487947,2,0,3,1,0,0,0,0,1
50.16957768261912,1,25.128524410139537,0,2,2,3,0,0,0,0,0
74.88148163642617,0,26.174615252486053,2,0,3,1,0,0,0,0,0
33.89777485753693,1,26.565250244093598,1,2,3,3,1,0,0,1,0
63.78856301746974,1,30.732895306576854,0,1,2,3,0,0,0,0,0
43.94844796078567,1,19.50652092465734,1,1,3,4,0,0,0,0,0
33.77099212113718,0,27.85126361771812,2,1,3,10,1,0,0,0,0
58.27801063616418,1,28.775138967598238,0,2,2,1,0,0,0,1,0
70.14207682893954,1,29.92925889500753,2,0,2,5,0,0,0,1,1
42.325878421097556,1,17.935412002925638,0,0,0,4,1,1,0,0,0
32.51476059312398,1,26.27409609173499,0,2,0,5,0,0,0,2,0
53.62232853497567,1,33.580379731992586,2,2,2,6,0,1,0,0,1
53.68847006834228,0,24.504397404216885,1,2,2,3,2,1,0,0,0
63.22479441331748,1,27.417473509821455,0,1,2,3,0,0,0,2,0
69.24391857046733,0,28.901977972925923,1,1,3,5,0,0,0,0,0
54.10877228091259,0,19.872650778008698,2,1,1,5,1,1,0,0,0
82.83254972191395,0,34.16912364499987,1,0,0,9,0,0,0,2,1
58.36352116802938,0,27.497503984844517,0,2,2,7,2,0,0,0,0
49.803602409896506,0,27.59751407096713,1,2,0,6,2,0,0,2,1
30.826489613457582,1,16.689863109947325,2,3,2,2,0,0,0,0,0
51.06010719525749,1,28.972723991066566,1,1,2,9,0,0,0,0,0
49.95419581883296,0,27.532051706895686,2,1,2,10,0,0,0,0,0
69.40457194422206,1,33.12095663861032,2,2,1,3,0,0,1,0,1
61.937254361002815,0,23.443673928478233,0,2,0,7,0,0,0,0,0
37.30946317551074,0,20.06170835200779,1,2,1,8,0,1,0,0,0
57.58381579616556,1,21.588805026128334,0,1,2,9,0,0,0,1,0
65.0729675759358,1,22.475108824963506,0,2,1,5,0,0,0,1,0
77.92047039081748,1,19.40576740934313,0,0,2,6,0,1,0,0,0
68.31255951121089,0,31.450800118829967,2,1,1,6,2,0,0,0,1
66.41269981467217,1,31.638489314658333,0,0,3,5,0,0,0,0,0
55.90128991922745,1,24.021041494299723,0,2,3,7,0,0,0,0,0
60.824680081351744,1,23.03620038957903,0,1,1,1,0,0,0,0,0
73.74257351059238,0,15.922590433403439,0,0,2,5,2,1,0,0,0
35.00833903780526,1,28.479806276518023,1,1,0,10,0,1,0,0,0
49.75841009174566,1,33.26720054412922,2,0,2,6,2,0,0,0,0
43.41146876865639,1,21.814026413702216,0,0,1,3,1,0,0,1,0
60.68729678089186,0,24.41607737111801,0,0,2,2,0,0,0,0,0
73.45333263476181,1,27.171457306578652,2,1,1,4,0,0,0,1,1
46.045385699183896,0,33.62209180304953,1,0,3,3,0,0,0,0,0
20.0,1,25.99888110917547,2,0,0,6,0,1,0,1,0
48.81668882463295,0,25.977149580132593,0,0,3,6,0,0,0,0,0
68.7021059802611,0,25.896592505799017,2,0,0,4,0,1,1,0,1
63.064448544248194,1,17.874837465481633,1,0,1,4,1,0,0,1,0
61.42279371715864,0,17.766046730850675,1,1,2,10,0,0,0,0,0
50.8001004718828,0,20.96002415442564,0,1,3,10,0,0,0,0,0
35.8145389567032,0,30.064452870186862,0,3,2,10,0,0,0,1,0
62.72941482436701,0,23.323214647270035,2,0,1,2,0,0,0,0,0
42.485772849480625,1,22.351979755988538,0,2,3,7,0,0,0,0,0
87.76145100070684,1,22.264126979281162,0,1,2,9,0,1,0,1,1
63.55760812531774,1,24.311715607636614,1,1,1,9,0,0,0,2,0
46.29027546169073,0,33.5105396705082,1,1,2,10,1,1,0,0,0
45.829221289170576,1,24.24401307151439,1,0,2,2,1,2,0,1,1
53.60583690079618,0,21.06851297312571,1,1,2,9,0,0,0,0,0
51.407471169673755,1,25.126228145408163,1,2,2,5,0,0,0,0,0
71.75250663294932,0,33.775418028807685,1,2,3,6,0,0,0,0,1
57.7962425461607,1,22.48587640532192,2,3,3,1,0,0,0,0,0
44.02552391637208,1,19.094974957845274,1,2,2,7,0,0,0,0,0
83.35661027733674,0,22.495043651347913,1,1,0,8,0,0,0,0,1
55.73962497280334,0,25.643818681742165,0,1,2,5,0,0,0,0,0
66.53259513953346,1,28.441204754126698,2,2,3,6,0,0,0,1,0
45.87660238832861,0,30.03441789341123,0,2,1,4,0,0,0,0,0
60.44673441616785,0,19.77141363018836,1,0,2,3,0,1,0,2,0
59.666649867147925,0,20.24577332770465,0,1,2,3,2,0,0,0,0
26.655260618557705,1,23.38368870306255,1,1,2,2,0,0,0,0,0
85.2291266569096,1,28.42246512348448,0,1,3,10,0,2,0,0,1
74.35966691383821,0,18.699960511738723,2,2,1,6,1,0,0,1,1
49.04207025781019,0,21.963365447911514,0,1,2,9,0,0,0,0,0
38.465953893162165,1,22.03628135294026,1,3,0,3,0,0,0,0,0
60.21342420705328,1,29.708744276821854,2,2,3,1,0,0,0,1,1
56.300465491215945,0,27.641303803322188,0,0,1,10,0,0,0,0,0
60.33503422844844,1,29.5185918052496,0,0,3,1,1,0,0,0,0
57.87366094291134,0,31.693389871165273,1,1,1,4,0,1,0,1,1
62.593614839588895,0,23.471749524554596,2,2,1,1,2,0,0,0,1
76.7095854908771,1,19.062969225731592,0,0,1,10,0,0,0,0,0
63.52154807692969,1,19.0951819107649,0,1,2,2,1,1,0,1,0
39.25516751635088,0,15.8094621747058,1,1,1,4,1,0,0,0,0
75.43844279068678,0,22.706165851669034,0,2,1,4,0,0,0,1,1
79.60921845232431,0,23.07888692584131,1,0,2,8,1,1,0,0,0
90.0,0,28.93776703402524,2,0,3,4,0,2,0,0,1
38.14758950140603,0,25.08457108588302,0,0,3,3,0,0,0,1,0
58.64323019725413,0,22.54835777828697,2,1,1,4,0,0,0,0,0
23.76851945216519,1,24.420006369197072,1,0,2,5,2,1,1,1,0
63.29723734568814,1,19.80513258142618,2,2,2,5,0,0,0,1,0
46.776995527498414,1,30.127032853756432,2,1,2,4,2,1,0,1,1
83.8516869223743,1,21.07042218595246,1,1,0,10,0,0,0,0,0
43.38077544972127,0,19.30034364032052,1,3,2,2,1,0,0,0,0
29.662254430491075,0,29.08940983353735,2,1,2,3,0,0,0,0,0
47.9310438894622,0,27.87082104181926,0,0,1,10,0,0,0,0,0
25.36768343174294,1,16.381573107204943,0,2,1,10,1,0,0,1,0
66.26649181760965,0,29.27500817355111,2,0,1,3,0,0,0,0,0
24.02375430615519,1,21.29203680452972,1,0,3,5,0,0,0,0,0
55.42686371774738,1,23.129477362180403,0,1,3,2,1,0,0,1,0
23.83282270215705,0,25.935100538469687,2,0,0,2,1,0,0,0,0
50.19553293195037,0,27.93312441308411,1,1,2,10,0,0,0,0,0
79.65067233706802,1,27.227395873437633,0,1,1,2,0,2,0,1,1
60.409718371536925,1,24.750908345469988,0,1,2,6,0,0,0,0,0
42.04759592552599,1,22.876783355420446,0,0,1,8,0,0,0,1,0
54.53194766591374,0,27.061103467827238,2,1,1,10,1,0,0,0,0
55.2702530806667,1,24.40806081327886,2,0,3,6,0,0,0,2,0
62.08945518765108,0,34.02677229562962,0,0,2,4,0,0,0,0,0
34.4971245507876,1,27.93204504984951,2,1,1,8,0,0,0,1,0
63.88850910770996,1,20.382921875048226,1,1,0,4,0,0,1,0,1
20.0,1,22.612000243131742,1,1,3,9,0,2,0,1,0
45.551731714542846,0,25.24096088629915,0,0,0,8,0,0,0,0,0
47.67589236322683,1,31.497156075352272,1,3,2,4,1,0,0,0,0
64.49990239106857,0,32.05552504556068,0,0,1,7,0,0,0,0,0
55.339462790153036,0,23.01932639817218,0,2,0,10,0,1,0,1,0
33.9165541921557,0,20.331828917052785,0,0,2,9,1,0,0,0,0
40.225103112744776,1,19.69251179396906,0,1,3,6,0,0,0,1,0
57.98020014321111,1,26.2621437860789,2,1,0,1,0,0,0,1,1
53.813989872031655,0,36.51892154608747,2,1,0,6,0,0,0,0,0
46.313138355463806,1,27.69547052127551,2,0,3,8,0,0,0,0,0
47.78749315732031,0,17.030437366579964,0,1,2,9,0,1,0,1,0
65.44251995738934,0,21.369979483769995,1,2,2,1,0,0,0,1,0
47.23461140696178,0,21.880428990775435,1,2,1,5,0,0,0,1,0
53.6786313395639,1,20.889987399425458,0,0,1,5,0,0,0,0,0
87.54904882120815,1,23.060530875328897,0,1,1,8,1,0,0,1,1
33.64476044674116,0,26.84697430509971,1,0,2,7,0,0,0,0,0
27.222359026380122,1,28.409905846613235,0,0,0,5,1,0,0,1,0
66.7538449719791,0,30.45881745458322,2,0,2,6,0,1,0,2,1
44.82035408058845,1,27.62101286523589,1,0,2,8,0,0,0,0,0
50.226437083860695,0,15.229248798355796,0,2,3,6,0,1,0,0,0
43.28265432803329,1,19.713477062343433,1,1,3,10,0,0,0,0,0
51.10299788848731,1,24.209529815704045,0,2,3,5,0,0,0,0,0
78.97807168144512,1,25.736399278837396,0,2,2,10,0,0,0,0,0
67.0319268792718,0,29.307091799381286,0,1,1,1,0,0,0,0,0
67.93335267830466,1,25.215920881083864,2,1,1,8,0,0,0,1,0
33.75659416311032,0,25.25353626931837,0,3,2,8,0,0,1,0,0
37.73269395170696,1,26.188986815695298,1,1,2,6,1,0,0,0,0
20.0,0,23.72489130609399,0,1,0,7,0,0,0,0,0
42.859287683758694,0,25.43442569938906,0,2,3,7,0,0,0,0,0
69.35054779578488,1,30.629160895058753,0,0,0,2,0,1,0,0,1
62.754197736225564,1,24.580445506079986,1,1,2,6,0,2,0,0,0
51.67730105571814,0,24.848936366078583,1,0,2,7,0,0,0,0,0
54.665495744229204,1,24.832072976164053,2,2,2,8,0,2,0,0,0
44.66671686136892,1,31.488869068955843,0,2,2,2,0,1,0,0,0
58.07138323602676,1,19.459733365852788,0,1,0,10,0,0,0,0,0
66.48817419220921,0,33.879234473955975,1,1,3,8,0,0,0,0,0
30.76169818884291,1,19.118090727422434,0,2,3,2,0,0,0,2,0
59.49471531756022,0,21.728898693361206,0,1,2,9,1,0,0,0,0
68.98652306432001,0,28.723691348576597,0,3,1,2,0,0,0,1,1
48.773495665549454,1,30.151583477368355,2,1,0,3,0,0,0,0,0
65.51050918180876,1,17.98250491500756,1,2,0,8,0,0,0,0,0
90.0,1,19.53649068376457,0,1,2,6,1,1,0,0,1
53.43485810519662,0,26.38921404735924,1,1,1,9,1,0,0,0,0
60.89960575007986,0,36.72209693881898,2,0,1,8,0,0,0,1,0
43.92914374507913,0,31.231313904993403,0,0,2,10,0,0,0,0,0
57.718767439030756,0,23.75951475184095,0,2,3,6,0,0,0,0,0
61.904074374734556,0,15.0,1,1,0,3,0,0,1,0,0
57.92263510405207,0,25.408213672105795,1,1,2,3,0,0,0,0,0
39.70457020436715,1,26.81148401823277,0,1,2,2,0,0,0,0,0
58.09542656988176,1,23.08652429458598,1,0,3,8,0,0,0,1,0
76.93293908076456,1,20.746380047267024,1,1,2,10,1,1,0,1,1
61.72953646771791,1,25.79582630160694,2,1,2,5,1,0,0,0,0
69.42980783607761,0,20.288694030530195,0,3,2,9,1,2,0,1,0
51.444820449810585,0,34.362243304043616,0,1,3,5,0,0,0,2,0
66.24850359135566,1,32.58372398766909,1,2,3,5,2,0,0,0,1
59.18901757324789,1,28.289563157963805,1,1,0,8,0,0,0,0,0
40.73633905469152,1,25.44855284559658,0,0,2,8,0,0,0,1,0
59.77781507198311,0,21.6991795669322,2,2,2,2,0,0,0,0,0
40.12455004839534,0,24.896064080545493,1,0,2,8,2,0,0,0,0
45.50679587672812,1,33.19648567603638,2,1,1,7,0,0,0,0,0
57.83992460938561,1,29.343270292183142,0,0,1,6,0,2,0,1,0
59.45866410070186,1,26.018461392382296,2,1,2,3,0,0,0,0,0
37.161513023843064,1,29.619871670837977,1,1,1,5,0,0,0,0,0
70.80978656774315,1,27.72805331690414,0,2,1,2,0,0,0,1,0
63.580094174507096,1,26.981387699434357,0,3,3,9,2,1,0,0,0
44.429073465836744,1,29.902816294957677,0,2,1,5,0,1,0,2,0
31.93622805326237,1,27.58513822412379,1,1,2,8,0,0,0,1,0
52.82643131377853,1,29.292757350516894,0,1,3,5,0,0,0,1,0
48.3108442920826,1,25.806935248172547,2,2,2,10,0,0,0,0,0
56.69710685579534,1,23.729370884049484,2,0,1,9,0,0,0,2,0
49.5532500826665,0,22.259185605299255,2,0,0,1,0,0,0,0,0
24.88814708882485,1,21.663451972645206,1,0,2,6,0,1,0,0,0
49.17479592548263,1,16.974147787792337,2,1,3,8,1,0,1,2,0
50.415713333975305,0,20.44030026594168,0,2,3,7,0,0,0,0,0
64.50491537161088,1,20.295732352089093,1,1,2,2,0,0,1,0,0
44.527004880834255,0,22.46327402007982,0,1,1,2,0,0,0,0,0
80.1801201005885,1,32.81122105319146,0,2,1,10,0,0,1,1,1
26.325391740223644,1,24.212190222231115,0,1,2,1,0,1,0,0,0
74.66751246703936,0,26.20883444942155,1,1,0,1,1,0,0,1,1
51.63521543682843,0,26.366598222559634,0,0,3,3,2,0,0,0,0
67.89377308515334,1,32.937904564211834,2,1,1,3,2,0,1,0,1
56.197022260881,1,22.122072730773542,2,1,1,8,0,0,0,0,0
72.09333304038203,0,23.887389598709692,0,2,1,9,0,0,0,0,0
49.18957053170783,1,24.469003141129082,1,2,1,5,1,0,0,0,0
38.520693622332814,1,30.68267427887384,2,0,2,1,0,0,0,0,0
76.30756430906595,1,31.720528468772272,0,0,1,2,1,0,0,0,1
53.29779031176788,0,27.372919098469723,2,2,2,4,0,0,0,2,0
58.32337710436316,1,31.164546870309398,2,1,2,9,0,0,0,1,0
73.52127871067192,0,25.888304982344945,0,0,1,5,0,0,0,0,0
39.52067136858348,1,24.13698376191589,0,0,1,9,0,1,0,1,0
63.93236346458886,1,30.89362043292811,2,0,3,1,0,0,0,0,0
46.15157865305664,0,27.438088376168988,2,1,0,9,0,1,0,1,0
53.01745966533442,1,21.32234667046209,1,1,2,8,0,2,0,0,0
56.084184480764335,0,29.987104690621756,0,1,1,1,0,0,0,0,0
32.49667207829596,1,23.957536844898602,1,3,2,7,1,0,0,2,0
43.317444357693475,1,23.345882386378978,0,0,2,5,2,0,0,0,0
75.26609338619708,1,29.46502184099856,2,0,0,10,0,1,1,1,1
68.29286782877193,1,24.555839295775435,2,1,3,8,0,0,1,1,1
54.060406340091475,1,26.94479268020145,1,1,0,4,0,0,0,0,0
58.64685187769339,1,28.309697920353997,0,1,0,2,0,2,0,0,1
50.58636241545314,1,21.08528460363808,2,1,1,1,2,1,0,0,1
75.34875078741973,0,26.92425282341101,0,0,3,7,0,0,0,0,0
51.994711333087544,1,31.74736552630812,0,2,1,1,1,0,0,0,0
58.47763138202272,1,20.21766428130195,1,2,2,9,0,1,0,2,0
72.19045216213098,0,27.24954444415614,1,0,2,1,0,0,0,0,0
43.3394277273114,0,20.852661327098563,2,0,1,6,0,1,0,2,0
78.3818377674534,0,30.10698841920199,2,1,2,2,0,1,0,0,1
32.04307885384935,0,30.059527918748856,0,0,2,6,1,0,0,0,0
79.44463196669199,0,23.228388298754506,1,1,2,6,0,0,0,2,1
49.40986624072038,0,36.04814326095431,1,2,1,5,2,0,0,1,1
51.359518782620775,0,30.53312654568642,0,0,3,5,1,0,0,0,0
26.649847432255857,1,28.534644925680844,2,2,0,8,1,0,0,0,0
48.17807923933461,0,28.25305448053068,1,1,2,7,1,0,0,0,0
39.402902034596735,1,29.91963454603112,2,0,3,5,0,0,0,0,0
45.88530481939791,1,20.0217879637792,1,1,0,4,1,0,0,0,0
52.94033551316681,1,25.97303799230512,0,1,0,1,2,0,1,0,1
69.36687421709358,1,26.91595192688664,0,0,1,2,1,0,0,1,1
58.11405027100939,0,22.9993196834872,0,0,2,10,0,0,0,0,0
59.615149801016706,1,27.323976347219826,0,1,2,7,1,1,0,1,0
38.56720916731656,1,31.15847150217003,1,1,3,10,0,0,1,0,0
41.78868865595905,0,22.891154561170467,0,1,1,1,0,1,0,1,0
81.98087527526968,0,24.727878498143472,2,0,3,9,2,0,0,1,1
43.9719844785513,0,20.897073520730277,0,3,1,6,0,1,0,1,0
79.84312378085943,0,16.06505495094604,1,1,3,5,0,0,0,2,0
51.354082016787004,0,28.894660902602553,0,1,1,6,0,1,0,2,0
55.03431904215256,1,24.871331025803762,1,1,1,1,0,1,0,1,1
71.05547740344895,1,25.23789708576394,0,1,1,2,0,0,1,1,1
74.07838632907985,1,20.066131909132366,0,3,0,7,0,0,0,1,1
53.33781159581369,1,24.072482354819044,1,0,0,6,2,0,0,0,0
49.17635419717692,1,30.482968945910617,1,2,1,7,1,0,0,1,0
54.161193272166805,1,25.0041066838973,1,1,0,6,0,0,0,0,0
60.069362923481776,1,25.145918790277065,1,2,2,7,0,0,0,1,0
68.36955530304633,0,26.037641389317113,2,2,0,7,1,0,0,1,1
55.06344788491227,1,18.81808935796772,2,1,1,6,0,0,0,0,0
64.2832944703473,1,28.124602320511784,2,3,3,8,2,0,0,0,1
79.57539598406412,0,18.724009425420846,0,3,1,7,2,0,1,1,1
60.719644183971766,1,20.30192209360487,2,0,0,9,0,0,1,0,0
59.674792840071675,1,19.753926154964176,2,0,1,5,1,0,0,0,0
32.21633762364898,1,24.123875166847274,2,1,2,8,0,0,0,1,0
20.0,0,23.237736482310712,1,3,1,8,0,0,0,0,0
60.82563593845252,1,24.993874808458727,0,1,1,8,1,0,0,1,0
53.57763653078692,0,20.473719201117785,2,0,2,4,1,1,0,0,0
47.278259876278874,0,30.02747660153189,2,1,1,9,0,1,0,0,0
58.65295306279517,0,29.170137843631654,1,0,1,10,1,0,0,1,0
54.093944062046376,1,24.130932435541396,1,1,0,4,2,0,0,2,1
71.91670375950848,1,22.60816641706031,0,1,0,6,1,1,0,0,0
56.29166302388467,0,22.103212533274004,0,1,1,6,0,0,0,0,0
43.796150723947484,1,23.449275024946605,2,3,1,2,1,0,0,0,0
69.85249358438934,0,17.998773856244117,0,1,3,7,1,1,1,0,0
51.743033875806965,0,20.201963438940798,1,0,1,7,2,2,1,1,1
62.898050255084605,1,29.300601959924833,2,1,1,1,1,0,0,0,1
47.83883940710799,0,26.509062430379345,0,1,1,5,1,0,0,0,0
45.25259671753845,1,33.17137242988265,0,2,1,9,0,0,0,1,0
56.262523452785445,0,23.504024249153392,2,1,1,10,2,0,0,0,0
55.19242965315528,0,23.192433864465663,0,2,3,5,0,0,1,0,0
62.19740553050249,1,22.96050537728176,0,3,0,10,1,0,0,0,0
50.97031370035386,1,23.404177583909156,2,1,2,7,2,0,0,1,0
27.45460324344404,0,21.70022993426701,2,3,3,9,0,0,0,1,0
48.50839174617417,1,26.354941073436,2,0,1,1,2,0,0,0,0
66.90727700715723,1,25.145520335742056,1,1,2,9,1,0,0,0,0
50.5393588113534,1,22.450427490808636,1,0,2,4,2,1,0,0,0
51.30424896228178,0,31.25574456509451,2,0,1,1,0,0,0,0,0
69.79564758858905,1,34.482914612431536,1,1,0,8,1,0,0,0,1
44.32040159111616,1,30.832886027867,1,0,1,3,0,0,0,0,0
31.857951726356504,0,27.790620065416974,1,0,0,8,0,0,0,1,0
52.59053320711759,1,28.80884863131887,0,0,2,6,1,0,0,0,0
47.737390731268945,1,34.282077589131674,1,1,2,6,0,0,1,1,0
40.50630520370119,1,28.80159657879712,0,0,2,8,1,1,0,1,0
52.36932316151964,1,22.074070737003577,0,1,1,9,1,0,0,1,0
62.37258470870175,1,26.96136263325274,2,1,3,8,0,0,0,2,0
54.860671576482765,1,28.13122133031659,0,1,1,7,0,0,0,0,0
59.604716090293564,1,20.0264136298204,0,0,0,3,0,0,0,0,0
82.20111547773135,1,23.57534590678411,0,1,2,4,0,1,0,0,1
49.85681707663654,1,30.50195912027733,1,1,3,9,0,0,0,2,0
59.17522951967004,0,15.882536324752069,2,1,1,4,1,1,0,0,0
47.36179956101298,0,18.747857274797028,2,1,2,8,0,0,0,0,0
42.304604201695405,1,24.11796473185836,2,0,1,6,1,0,0,0,0
46.22638519873345,0,26.768397977528522,2,1,1,5,0,0,1,1,0
47.81862142717467,1,18.211837775255464,2,0,1,7,0,0,0,0,0
60.39213696320688,1,24.366053741670292,0,1,1,1,0,0,1,2,0
90.0,1,30.768842695442835,1,0,1,10,1,2,0,1,1
44.259348455862394,1,25.34325728537142,0,2,2,3,0,0,0,1,0
48.75062041576806,1,29.695444718155652,0,1,0,5,0,0,0,0,0
54.053154803331275,0,22.039429393324983,1,3,2,4,0,1,0,1,0
60.93698273064621,1,20.950415716054092,1,3,2,3,0,0,0,0,0
58.953262179321776,0,29.24436915142524,1,3,1,3,2,0,0,1,1
74.26143690922176,0,26.84632767328095,0,0,2,9,0,0,0,1,0
20.0,0,19.072019961127705,0,1,2,5,1,2,0,1,0
20.0,0,20.995795419186056,0,1,1,3,0,1,0,0,0
47.56182741984776,0,32.82290620528707,2,1,1,5,0,1,0,0,0
71.45950281315564,0,20.37722390265342,1,1,3,9,0,0,0,1,0
31.515279525916057,1,29.67164373362999,2,0,3,3,0,0,0,1,0
20.0,1,22.6090665138315,2,2,1,5,1,0,0,1,0
63.56769109328813,0,24.984120716164345,1,3,3,2,1,1,0,0,1
58.65485835554072,0,26.47296310471686,0,1,2,8,1,0,1,1,1
38.64687389800855,1,15.0,1,1,1,6,1,0,0,0,0
40.21690598918605,1,17.686413322863505,2,3,3,8,1,0,0,1,0
40.45384420547988,1,25.431665093935813,1,1,3,1,1,1,0,0,0
56.6580297621091,0,21.3784621810806,0,3,1,2,0,0,0,1,0
45.605270857254894,1,29.98290647637311,1,2,1,7,0,0,0,0,0
62.4109587846328,1,16.96939559565938,0,1,3,7,1,0,0,0,0
20.0,1,27.826275281289934,2,1,1,9,0,0,0,0,0
42.14722202308301,0,18.118893897978367,1,2,1,6,0,0,0,0,0
38.10919058633425,0,23.239475029277855,0,1,3,7,0,0,0,0,0
51.15488982441262,0,19.67811117881018,0,0,1,4,0,0,0,0,0
46.92928362264792,0,34.51214940235599,2,1,2,2,0,0,0,1,0
66.9676566984365,1,18.302539185149822,2,0,1,9,0,0,0,0,0
27.109948425099137,1,24.389701523154883,1,2,1,1,1,0,0,2,0
55.68237214496128,1,16.36581925989924,1,1,0,6,1,0,1,0,0
63.37504634817558,1,32.99785061035295,1,0,1,10,0,0,0,0,0
82.84971154842933,1,27.006412080886026,0,2,0,9,1,0,0,1,1
47.77351043359787,0,25.68486544799334,2,1,2,10,0,0,1,1,0
59.866879065287755,1,32.37156469645863,1,1,2,10,2,0,1,0,1
27.942058111564528,1,25.73711220711306,0,0,2,2,0,0,0,0,0
20.0,0,26.097856780705385,0,1,2,2,0,0,0,0,0
67.6716156367255,0,25.658626440325758,0,0,0,9,2,0,0,0,0
54.91659559527894,1,27.818171627215598,0,0,3,10,0,0,0,0,0
72.67769034697633,1,22.537793080393687,1,0,0,10,0,0,0,0,0
34.39895666545377,0,23.928563463183337,0,0,1,9,0,0,0,0,0
62.79853209293129,1,29.05167314228723,2,1,2,4,0,0,0,1,0
83.0322676081578,1,26.38686475778941,1,1,0,8,1,2,0,1,1
61.295584125358985,1,24.428780429489372,0,1,0,8,1,1,0,1,0
59.148722583865734,0,17.99738804484644,0,1,3,2,0,0,0,1,0
55.12834121236525,0,32.490251422682974,1,2,1,4,2,0,0,1,1
31.43677814311132,1,21.692729450246148,0,0,2,6,1,0,0,1,0
75.33359403565522,1,29.936186192096287,0,1,3,4,0,0,0,1,0
45.83713540292401,0,25.878768258440427,0,2,3,7,0,0,0,1,0
62.567248845745254,0,18.53274738635065,0,0,1,10,0,0,0,1,0
31.554485401431197,0,31.261377387653077,0,1,0,5,0,0,0,0,0
37.308105032383295,0,26.2727032319977,0,1,2,4,0,0,0,0,0
76.52631098833353,1,31.67672678368521,2,0,0,6,0,1,0,0,1
49.790465665632354,1,24.087956496320405,0,0,2,6,0,0,1,1,0
76.79913214063816,0,28.520256149835273,1,2,2,5,0,0,1,0,1
53.82654011412223,0,16.18736444327493,0,1,2,6,0,0,1,0,0
27.37153340563214,1,22.498920682031216,0,1,2,5,0,0,0,0,0
68.3810139959758,0,18.63503333884364,2,2,3,7,0,0,0,1,0
46.15161523366588,1,23.12608074980804,0,2,1,5,2,0,1,1,0
65.48033220275565,1,27.359058697530724,0,1,2,4,0,0,0,0,0
55.37816301310123,1,21.977099561729272,1,1,1,9,0,0,0,0,0
31.853226580856944,0,29.31921046819391,0,1,1,5,2,0,0,0,0
57.464421480558535,0,20.716936782249945,1,1,0,6,1,0,0,0,0
87.94334713229199,0,29.42618306824989,0,1,2,2,0,0,0,0,1
62.394796877716885,0,31.548785829370182,0,0,3,1,0,1,0,0,0
54.13723370491805,0,30.06763067545493,0,0,2,3,1,0,1,2,0
71.13015102935347,1,23.279054740851137,2,1,1,7,0,0,0,0,0
58.16002697804666,1,15.0,1,3,2,1,0,0,0,0,0
58.14301345394192,1,27.91083498368674,1,2,1,1,0,1,0,1,1
38.62562241761346,0,24.37382642642348,1,1,2,8,0,0,0,0,0
58.50772038684398,1,20.108035299363234,2,1,3,3,0,0,0,1,0
70.53165124625417,1,22.21860467564795,1,0,1,2,0,0,0,0,0
42.45906771849963,0,32.17212658222401,2,1,0,8,2,0,0,1,1
76.36743731870422,1,19.31329899694923,1,1,1,10,0,1,0,0,0
53.62440963782311,0,27.34154587810606,0,1,1,2,0,0,0,1,0
41.68345732692189,0,26.089790878187017,2,2,2,10,0,0,0,0,0
69.96448115380366,0,23.21306167668384,2,0,1,7,1,1,0,0,1
50.69808646392596,1,28.222663436565234,0,1,0,7,2,0,0,0,0
66.39272331229162,1,33.16122629449433,1,1,2,10,0,1,0,0,0
50.623620516121946,0,23.520142480569007,1,0,3,6,0,0,0,0,0
54.102607847051445,0,23.784095259614492,0,1,1,1,1,0,0,0,0
62.40340306501437,0,28.110324524951,2,1,1,1,0,0,0,0,1
59.36345586385009,0,29.591214107175006,1,2,0,3,0,1,0,0,1
25.067023293223922,0,24.361463964256824,1,0,1,4,2,0,0,0,0
38.181343898584124,0,23.47313131953176,0,1,1,9,0,2,1,0,0
68.94114977186223,0,15.0,0,3,3,7,0,1,0,0,0
53.01795116647679,1,21.109955438167233,0,1,0,1,0,0,0,1,0
47.144030458428674,1,19.303441639662246,0,1,1,4,0,0,0,1,0
34.621389771137885,1,28.423124981559457,1,1,0,6,0,0,0,1,0
38.803955180862275,0,23.78048525699579,2,0,3,6,0,0,0,1,0
24.67302040057079,0,23.584891972305357,1,3,1,7,0,0,0,0,0
53.480789219477,0,24.954718681885094,0,0,2,9,0,0,0,0,0
46.0234362912843,0,20.649117649373,0,3,2,6,0,1,0,0,0
40.50118163522027,0,32.76623593344377,1,0,3,1,0,1,0,2,0
53.9781486224807,1,31.490969558483055,1,0,0,3,1,0,1,2,1
60.45955946279107,1,33.09053391523844,2,1,1,1,1,0,0,1,1
86.39796898314917,0,28.417086156194458,2,1,2,6,0,0,0,0,1
32.321748706551794,0,24.852609424890314,2,2,2,7,0,0,1,1,0
72.39071564950783,1,33.073646515034426,0,3,2,3,2,0,0,2,1
69.59652341522607,0,21.595165820435103,2,1,2,10,0,0,1,2,1
43.31360890934949,1,20.643955104834937,0,0,2,9,1,0,0,2,0
58.04853931879047,1,21.992442426150703,1,1,3,1,0,0,0,1,0
48.13550125993577,1,27.614356334571493,1,2,3,1,1,0,0,0,0
57.785328706281085,0,21.189474033061636,1,1,0,7,0,0,0,0,0
77.63696520106825,0,24.223135058910007,0,0,1,5,1,0,1,0,1
64.0840934894697,0,16.99072353057612,1,1,2,5,2,0,0,1,0
62.62912559850163,1,27.40548832714122,0,1,1,5,2,0,0,0,0
48.54536020068036,1,17.414483164084455,0,1,0,5,0,0,0,0,0
32.73915002613497,1,20.339194725673188,1,2,1,2,0,0,0,0,0
51.87297684189388,1,31.08583567448322,2,0,3,1,0,0,0,0,0
73.09912232295872,1,30.90159158493055,2,2,0,5,0,0,0,0,1
32.09248215115529,1,26.87156544773249,1,0,3,10,0,0,0,0,0
39.173659477349574,1,26.378317908676152,0,1,0,9,2,0,0,0,0
56.89401604351102,1,22.345201764228705,0,1,2,8,0,0,0,0,0
40.23017822729106,1,21.135481681288994,0,2,1,9,2,0,0,2,0
43.112148293271815,0,23.1887915112131,2,0,1,3,0,0,0,2,0
48.64602127407734,1,17.431729127688413,0,3,3,2,0,0,0,0,0
34.51573893714776,0,26.262242774768318,2,2,3,5,0,1,0,0,0
40.38817230675448,0,25.244155624042047,2,0,1,7,1,0,0,2,0
65.55141875180963,1,20.332893666448665,1,2,2,4,0,0,0,0,0
35.38945326653554,1,32.84340959420679,2,1,2,2,0,0,0,1,0
31.031917982577436,1,28.034568551435243,0,2,0,9,1,0,1,0,0
45.54962530699159,0,28.459209020044284,1,3,0,6,1,0,1,2,1
65.97933253764768,1,22.563300369804175,2,2,2,3,0,1,0,0,0
52.046172880046655,0,24.993349609868382,1,1,1,1,0,0,0,0,0
48.03128382826573,1,28.136863350937112,0,2,1,1,0,0,0,1,0
55.6653819627341,0,25.763911835501176,0,1,3,8,1,0,0,0,0
28.81438850710522,1,33.00950392384936,2,1,0,4,2,0,0,0,0
62.420584806625484,1,23.981062152916245,0,1,1,9,0,0,0,0,0
60.75152547105466,0,22.477197338819447,2,3,3,5,0,0,0,0,0
48.86037288856418,1,28.17126438235713,0,1,1,5,2,0,1,0,0
70.08886767694625,1,18.67676363856744,1,1,2,8,0,0,0,1,0
38.087558515704416,0,29.62148466154056,1,1,0,7,0,0,0,0,0
71.91863489880353,0,18.496440997040086,1,2,3,8,0,0,0,0,0
57.31740498392877,0,28.19292333029275,1,1,0,4,2,0,1,0,1
49.951711151827396,0,21.758632229136687,2,2,1,10,0,1,0,1,0
54.701895469475325,1,27.382920734916965,1,0,0,2,0,0,0,0,0
53.391028512835874,1,29.536714730305086,2,2,1,6,0,0,0,1,0
73.30424344626576,0,25.767105977519595,0,1,3,7,0,2,0,0,0
38.8498130879348,0,19.0018952417966,0,1,1,6,2,0,0,2,0
43.56221141280103,1,20.51612377746424,0,1,0,3,0,0,0,0,0
70.5445433810872,0,21.35670429483109,0,0,1,3,1,0,0,0,0
46.06697597224211,0,15.52496553201113,1,1,3,5,0,1,0,1,0
68.50799615997387,0,30.637389293659645,1,3,0,7,0,0,0,1,1
80.49153974513064,1,25.550537928781644,2,2,2,2,0,0,0,1,1
48.973074595875495,1,19.322409774055025,0,1,2,4,0,0,0,2,0
65.22043489862958,1,32.27837428729178,0,3,3,8,1,0,0,1,1
37.69461577990212,0,21.493359499309182,2,2,2,3,0,0,0,1,0
66.32099947101713,1,26.252862445374358,2,1,0,7,0,0,0,0,0
57.99135978980151,1,20.873647274018992,2,1,1,10,1,0,0,0,0
62.09557423240323,1,15.0,2,1,0,3,0,1,0,0,0
45.31641891946907,0,18.177797205743698,1,0,2,8,1,0,0,0,0
30.083748766492413,1,22.757547845667844,2,2,0,7,0,0,0,0,0
62.54878097124257,1,29.491484356030238,2,0,0,1,0,0,0,1,1
24.048952712808184,0,26.732665734096226,2,1,1,4,0,0,0,0,0
50.23974261636198,0,25.701025630856225,0,2,3,7,0,0,0,0,0
69.11772799629955,1,15.0,2,3,2,5,0,1,0,0,1
57.87846603809554,1,31.350430738400476,1,0,0,3,1,0,0,0,0
84.22513967184719,1,26.11839848247778,0,1,1,2,0,0,0,0,1
70.3766372887266,1,24.4029116505392,0,1,0,9,0,0,0,0,0
45.191524175116356,1,30.662115549944478,2,2,1,10,1,0,0,1,0
55.409700697771584,0,31.23748361784137,1,3,2,6,0,0,0,0,0
54.28943946183346,0,30.772951238045955,2,0,2,10,0,1,1,0,0
31.26734854980809,1,23.764567516483563,0,1,3,1,0,0,0,0,0
40.8940162527347,0,19.982617196079023,1,0,3,5,0,0,0,1,0
46.588586395302094,0,29.944614585710365,0,2,1,7,0,0,0,0,0
24.45669245716095,1,18.174727784647914,1,0,3,8,0,0,0,1,0
55.712402023774644,1,34.73628369332141,1,2,2,5,2,0,0,0,1
51.26392233020439,0,25.139997725972815,1,0,2,10,0,0,0,0,0
29.906591480326387,0,19.69557872150208,0,2,3,10,0,0,0,0,0
61.06319297915998,0,18.840657229216948,0,0,3,1,1,0,0,0,0
65.7380911703644,0,18.6119758797197,0,1,3,2,1,0,0,1,0
58.405517182973334,1,25.701814533604214,2,1,1,4,0,0,0,0,0
50.13897737186545,0,24.968038399701065,0,0,1,10,0,0,0,1,0
63.87163227627782,1,18.820389132454036,0,0,3,1,0,0,0,0,0
65.20330540715037,1,23.21772106722049,1,0,1,4,0,2,0,0,1
59.61105354579533,1,18.16032306954329,2,0,2,6,0,0,0,1,0
42.630816243478584,0,27.946509029720865,0,0,2,6,0,0,1,2,0
59.14901148266771,1,24.72703366943643,0,1,2,2,1,0,0,1,0
72.93220976238219,0,23.10798747041276,1,2,0,1,1,0,0,0,1
46.05056412082405,0,18.559446349662366,2,2,1,8,0,0,0,2,0
86.46909008698647,1,23.499221998886174,1,0,3,9,0,0,0,2,0
47.115535990219236,0,22.926360593268367,0,0,1,9,1,0,1,1,0
55.486105200102045,1,26.588633506047984,1,2,2,7,0,0,0,0,0
44.91271605990496,0,25.835089890584804,2,1,2,4,0,1,0,0,0
58.34906253880391,0,28.96030051039671,1,0,0,2,0,0,0,0,0
28.866674610470874,1,22.57711728247469,0,1,0,7,0,0,0,0,0
46.80937301774918,1,15.697942489017528,0,0,2,6,1,0,0,1,0
38.61818199477149,1,29.9554643829902,2,0,0,7,0,1,0,0,0
57.03007521838436,1,20.319837434759098,2,2,1,1,0,2,0,0,1
69.91671063263361,0,19.465414734923723,1,0,3,4,0,0,0,0,0
64.69009280671827,1,24.784417274431238,0,3,2,1,1,0,0,1,1
20.0,0,26.511352564772583,1,2,3,7,1,0,0,0,0
85.6310447939182,1,22.345817971426587,0,2,1,6,0,0,0,1,1
59.429199109313025,1,22.306536592659366,0,1,2,10,0,0,0,1,0
43.35251289260499,1,23.044868411172224,2,0,1,8,0,0,0,1,0
57.35691878486411,1,32.08270175496572,0,1,0,2,0,0,0,1,0
57.64284733754039,0,24.98660956220934,0,1,3,8,2,0,0,0,0
44.99726924572654,1,20.160185802691018,2,3,0,8,2,1,0,0,0
57.96875001013113,0,20.211083215485164,0,0,0,2,0,0,0,0,0
45.88791568569539,0,23.745579102088154,2,2,3,7,0,1,1,1,0
48.934570109649655,0,26.189289670140038,1,1,3,3,0,0,0,0,0
44.705812963673736,1,27.419900809830953,2,2,3,5,1,0,0,0,0
33.50993065390521,0,25.62079301923608,2,1,0,8,0,0,0,1,0
57.18754705323076,0,20.790633245414554,2,1,0,1,0,1,0,0,0
63.77949154774507,1,22.880293502196086,0,3,1,1,0,1,0,0,0
62.723253941145586,1,28.66953940932312,1,0,2,10,1,0,0,0,0
67.29887878952852,0,19.26954019773452,2,0,0,8,1,0,0,1,0
59.86510315022302,0,22.671233034612687,0,1,0,6,0,0,0,0,0
47.00911752674645,1,27.98731428940676,2,1,2,3,0,1,0,0,0
67.59495796646783,1,29.37640713317588,0,0,2,8,0,0,1,0,0
34.63723690237097,0,24.035423144543085,0,0,0,8,1,0,0,0,0
41.4899292623128,1,22.94396594714592,0,0,3,9,0,2,0,0,0
40.53699892865133,1,18.3894102927813,0,2,1,10,1,0,0,0,0
71.20084088708965,1,27.628199613635473,2,1,3,10,2,1,0,2,1
69.14182771210113,1,31.593898425733947,2,2,3,6,1,0,0,2,1
62.309578555674925,1,37.825770292998456,1,1,1,7,0,0,0,1,1
71.07894797817696,1,26.932230917590232,2,2,1,6,2,1,0,1,1
41.810758263820176,0,24.745601741780096,1,1,1,3,0,0,0,0,0
60.22892679791471,1,20.400946934245464,2,1,3,9,0,0,0,0,0
53.12238357425254,1,15.605715431284253,2,1,0,1,1,0,0,0,0
67.70323155827371,0,25.884796248699168,0,0,2,5,1,2,0,0,0
53.271636511717034,1,36.75169560077151,1,3,2,6,0,1,0,0,1
49.22585667384878,0,31.354061148284565,1,2,1,6,0,0,0,0,0
63.11362777841485,0,30.58282134556899,2,1,3,1,2,0,0,2,1
68.1425375078685,0,26.228014085289576,1,3,3,8,0,0,0,2,1
44.97482207729797,1,26.797615801401612,2,1,0,1,0,0,0,1,0
54.08386492971436,1,15.0,2,1,1,3,0,0,0,0,0
39.123390495375205,0,28.812552903819984,1,2,1,8,1,0,0,0,0
20.0,1,22.103297152120923,2,1,3,8,0,0,0,0,0
58.00689447120593,0,21.491363267020564,0,1,1,1,0,1,0,2,0
64.13358034381947,1,23.383715234756963,0,1,3,1,0,1,0,1,0
58.93100213630088,1,23.214977552744926,2,1,1,8,2,2,0,0,1
25.756574233684493,1,21.411822040141686,0,0,1,2,0,0,0,1,0
49.73725854885288,1,25.06936036087988,0,0,2,5,1,0,0,1,0
21.72478359923378,0,22.208612018959734,1,3,0,8,0,0,0,0,0
75.54551661481277,1,25.50161477878073,1,1,3,5,1,0,0,0,0
38.70918126822871,1,17.564110927249835,2,0,0,7,0,0,0,0,0
73.83105414189845,0,23.929711146839914,2,2,3,6,0,0,1,0,1
69.18804465526219,1,19.518522051568745,1,0,3,5,0,0,0,0,0
41.49114471195907,1,21.79275340751067,1,0,3,3,0,0,0,0,0
38.008225730983824,0,25.716994215167652,2,3,1,6,0,0,0,1,0
60.25555324579507,1,16.98001192622521,1,3,2,9,0,0,0,0,0
42.33513944225393,1,20.887963113639312,0,0,1,7,0,0,0,0,0
56.53726963237311,1,27.84482192418167,2,2,3,10,0,0,0,0,0
47.757586137896226,0,17.934110790670996,2,2,0,1,0,0,0,0,0
28.2826237830155,0,33.88933570139404,0,1,1,5,1,0,0,0,0
21.542979713133114,0,31.022039780653234,2,1,3,7,0,0,0,0,0
58.40026372741896,1,22.527364577738602,1,0,1,7,2,1,0,0,0
46.576633805040615,1,21.06395156107468,0,0,1,7,0,0,0,0,0
46.703652746288014,1,26.009699516677408,1,1,2,6,0,0,0,0,0
65.43795758640678,0,17.762688714864204,0,2,3,2,0,0,0,1,0
72.60163414948667,0,15.0,0,1,1,2,0,0,0,0,0
50.91182917957286,1,22.703324379737168,2,0,3,10,1,0,0,0,0
49.89101939635208,1,24.329756167489045,2,0,1,6,0,0,0,0,0
62.50214549670826,1,25.47213612176765,0,1,3,1,0,0,0,1,0
34.64596645450637,1,21.92629691941058,2,1,1,6,0,1,0,0,0
58.347295821215454,1,31.369733647374737,0,0,0,5,2,0,0,0,1
63.27828957733231,1,17.524301707580584,0,1,3,1,1,0,0,1,0
65.20345312626444,1,19.308689325209507,0,2,1,5,0,0,1,1,0
25.948709462463025,0,27.433179780724057,0,0,1,4,0,2,0,0,0
43.57967095286589,1,19.191763071814293,0,0,1,9,0,0,0,0,0
41.826051207648,1,18.998397739013416,2,0,2,1,0,0,0,0,0
56.498304316138196,0,25.61677396103582,0,3,1,10,0,0,0,0,0
62.211168696519756,0,19.732386898419843,0,1,1,3,0,0,0,0,0
77.45065611168972,0,24.334577860396564,2,1,1,2,0,0,0,0,1
47.575517794478905,1,21.50071720171122,0,2,0,1,0,0,0,1,0
47.53641252536179,0,20.6916814831363,1,1,2,2,0,1,0,0,0
72.24508028318121,0,15.0,1,0,3,7,0,0,0,0,0
59.44865407795458,1,25.697815764106686,0,1,2,5,0,0,0,1,0
74.01477266781961,0,18.764050039435354,2,1,1,2,1,0,1,1,1
59.33092004514754,1,24.158788982347403,0,0,2,4,0,0,0,0,0
37.64325071930094,0,22.439475508257175,0,0,0,6,0,0,1,0,0
35.0030746783329,1,23.967459706500584,0,1,3,8,0,0,0,0,0
31.727316264116066,0,24.251623129933698,1,2,2,6,0,0,0,1,0
64.9307775213771,0,25.968141254591316,1,0,1,6,0,0,0,1,0
72.82895234630513,0,21.361203492542785,1,1,1,6,1,1,0,1,1
82.74043212079572,1,31.213482396366842,1,3,2,5,0,0,0,1,1
67.6465799848486,1,15.762999695722117,1,0,2,5,0,0,0,0,0
72.44257866302479,0,23.867044407363853,0,1,0,6,0,0,0,0,0
46.29975501019473,1,29.181154882054336,2,1,1,6,0,0,0,0,0
37.65376274884215,0,27.38386276501302,2,0,2,1,0,0,0,1,0
67.7511899862633,1,20.125822117357014,1,2,1,7,1,0,0,0,0
61.26521128359101,1,20.95877253505988,0,2,2,6,1,0,0,0,0
56.61166561511339,1,19.96603720336698,1,2,1,6,0,1,0,0,0
60.81057220949485,1,27.996138153321947,0,0,0,1,0,0,0,1,0
59.84778223687309,1,21.30038135742246,1,2,1,7,0,0,0,1,0
74.25725289780343,1,26.27561544061725,0,1,2,6,0,0,1,1,1
74.42478377225433,1,26.321507070379774,2,0,1,10,1,1,0,0,1
63.16330528510521,1,36.84196734117686,0,0,2,2,1,0,0,0,1
67.68704308844393,1,26.56625629900852,2,3,2,8,0,0,0,0,0
62.710938286371636,1,20.94427992624768,0,1,2,8,0,2,1,0,0
48.082454019480714,1,17.699248689668003,1,2,3,7,0,0,0,1,0
66.3484701236971,1,23.620736426811273,2,0,3,7,0,1,0,1,0
34.082573967111074,1,24.404570787863406,0,2,2,7,0,0,0,0,0
70.80837328443825,0,15.0,2,0,2,4,1,0,0,1,0
37.082155903509474,0,21.430729198534934,0,0,1,1,1,0,0,0,0
59.287049301920995,0,26.486762714137765,2,3,3,9,1,2,0,0,1
42.32269062360761,1,22.338221648669126,2,0,3,1,0,0,0,0,0
63.3008347461164,0,29.843118928529186,0,1,2,5,2,0,0,0,0
54.49112161108137,1,17.2082177763974,2,2,0,10,2,0,0,0,0
31.078660627550015,1,28.384414100766083,0,2,2,9,1,0,0,0,0
61.31049446527718,1,29.569448707629764,0,1,1,2,0,0,0,2,0
46.33118834750934,0,29.782482379207682,0,1,0,5,0,2,0,0,0
68.21720081220053,1,17.170718076728107,0,1,2,1,1,1,0,1,0
55.019885331016106,1,26.572763979286922,1,0,3,2,0,0,1,0,0
60.93131478082057,1,21.656229407392424,1,0,0,1,0,0,0,1,0
40.63646567477182,0,17.969287790085495,2,1,0,3,1,0,0,1,0
46.16001652858957,1,22.930661375131457,0,1,1,4,0,0,1,0,0
48.120420458483736,1,20.475110040495952,2,0,3,1,2,0,0,1,0
67.85053720363834,1,29.603752340819348,0,0,2,10,0,1,0,1,0
80.16065631708234,1,27.565316715067848,0,1,2,1,0,0,1,1,1
42.92242372385685,1,19.23777765945566,2,1,2,2,1,0,1,0,0
71.1527221698652,1,21.378893430845356,2,1,2,4,0,0,0,1,0
22.454838734114468,1,23.096512871916882,2,0,1,2,1,1,0,0,0
37.08715898361566,1,24.637974263410513,1,2,0,2,0,0,0,0,0
40.618323157198375,1,30.031891374018905,0,2,2,8,0,0,1,0,0
34.712369658389164,0,28.453911632403166,0,0,1,8,0,0,0,1,0
31.2461741531863,0,25.2569598448742,1,0,1,7,1,0,0,1,0
61.19498368206696,0,23.69675575052539,1,2,2,4,0,0,0,0,0
51.788984534082076,0,16.13322982696264,0,3,1,7,0,0,0,1,0
60.69108096407665,0,31.459988130630283,1,0,1,6,0,0,0,0,0
65.3570902918227,0,22.764517010671714,2,0,0,7,2,0,0,1,1
58.984254897588,1,32.77420120213129,2,0,2,1,0,0,0,1,0
64.86644764225561,0,25.980546460659177,0,1,1,5,1,0,0,0,0
53.95701570636596,0,35.12642104310722,1,3,1,5,0,0,0,0,1
37.19509917541383,1,28.031607666831583,0,2,2,7,0,0,0,0,0
70.86721271231194,1,17.839901843895607,0,1,2,4,0,0,0,1,0
46.1633180082831,1,21.92792259869394,2,2,1,1,1,0,0,1,0
40.966055518563614,1,24.154325196640176,1,0,0,3,0,0,0,0,0
52.331231862934025,0,20.63108556445838,2,1,3,4,1,0,0,2,0
41.3078362105523,0,23.11469591408978,0,1,0,5,0,0,0,0,0
48.73854427015851,0,18.165304207089452,2,0,2,8,2,0,0,1,0
60.160808823452,0,25.028606405495612,0,0,3,8,0,0,0,2,0
60.2251260886919,0,26.1870597450547,2,1,1,2,1,0,0,0,1
41.53254900361556,1,19.979452963969408,0,2,0,10,0,0,0,1,0
47.68441940576883,0,34.701271467409555,0,1,1,4,1,0,0,0,0
71.11499507155366,0,25.317566306402295,0,0,1,2,1,1,0,0,1
62.44600176600912,0,20.91629566938544,0,0,1,5,0,0,0,0,0
86.12597559022812,1,16.852303500173914,1,0,2,4,0,0,0,0,0
72.7019226061229,0,25.299714446985842,2,0,2,2,1,0,0,1,1
72.16439602839908,0,23.697557335933237,0,1,3,3,1,0,0,0,0
34.181971743162975,0,28.915204536432213,1,0,1,3,1,0,0,0,0
66.45790527450134,0,24.28314867514016,2,2,2,7,2,1,0,0,1
54.20339797454634,0,19.031406088656365,1,2,0,4,0,0,0,1,0
46.73527294692626,1,33.35359148088791,0,1,1,1,0,0,0,1,0
57.52023010798793,0,27.178124397535928,2,1,0,5,0,0,0,0,0
69.17817301917225,1,23.729456442008207,0,0,2,6,0,0,0,0,0
62.51247386506317,1,25.82319265724869,1,1,3,6,0,1,0,1,0
41.8228929798691,1,27.370209782808292,2,2,3,10,0,0,0,0,0
66.13688370388931,0,17.855716930532825,0,1,1,2,1,0,0,1,0
45.436186868860545,0,25.78847109981405,2,0,1,5,2,0,0,1,0
58.250246784464295,0,22.74938263353054,0,2,1,4,0,0,0,0,0
50.44974898784299,1,27.536499928148757,0,1,1,5,0,0,0,0,0
51.71700622396561,1,21.299090376968607,0,1,0,7,0,0,0,0,0
66.49364462560764,0,21.976490724514587,2,1,0,3,0,0,0,0,0
39.39709420276153,1,33.31435549282029,2,0,1,8,0,1,0,1,0
84.17792611415399,1,31.15456045441068,0,1,0,9,1,0,0,1,1
27.683708960582553,1,15.0,0,1,0,1,1,0,0,2,0
46.03498475117714,0,30.78380991232156,0,3,2,1,1,0,0,1,0
60.553178349126114,1,24.631739868711215,1,0,2,9,0,1,0,0,0
63.76471249652965,0,21.459089685504942,2,1,3,10,0,0,0,0,0
53.492864191424424,1,19.964126321461748,2,3,1,1,0,0,0,1,0
54.13913945497686,0,20.254411858600058,2,0,1,2,0,0,0,1,0
61.158251279914246,0,21.600320276207924,1,2,0,3,1,1,0,0,1
51.533957838134796,1,19.364337081590783,0,0,0,7,1,2,0,2,0
75.89771886902359,1,18.22700169463679,0,0,2,10,0,0,0,0,0
67.59023671347403,0,19.798099245780445,1,1,1,3,0,0,0,0,0
68.09236526508452,0,26.616969275328437,1,2,2,9,0,0,0,0,0
40.50764914944374,1,25.250450742853985,2,0,2,2,0,2,0,0,0
53.809173633914455,1,27.77928225775928,0,1,2,3,0,0,0,0,0
50.493010769189446,1,24.66815080394973,0,0,2,9,0,0,0,0,0
39.915979364658014,1,18.46660334677604,1,0,2,6,0,0,0,1,0
60.402462759186506,0,27.47220461746803,2,1,2,9,0,0,0,0,0
46.935313633302755,1,19.976553605625426,2,1,2,5,0,0,0,1,0
64.83105744775355,1,28.233071509944672,0,0,2,4,1,0,0,1,0
38.947126556585026,1,19.170399985215198,2,1,1,2,2,1,0,0,0
80.78560919262732,0,21.562616867982374,1,2,1,1,0,1,0,0,1
41.555010121119075,1,23.193041797160426,0,0,1,5,0,0,1,1,0
58.28953505800654,1,28.372024005284743,0,1,0,1,0,0,0,1,1
66.87788965582101,1,25.879986260636976,1,0,3,6,0,0,0,1,0
46.44039354699831,1,25.100006610754622,1,1,1,6,0,0,0,0,0
67.78702965149427,1,34.42834392527653,1,2,0,7,0,0,1,0,1
36.562246032993755,1,15.815084193874272,1,3,1,9,2,0,0,2,0
76.7817654877384,0,19.808111786497243,0,0,3,6,0,0,0,0,0
55.212238974486375,0,19.59405760980504,0,1,1,3,0,0,0,0,0
46.05382888046681,1,16.14673845038863,2,1,1,8,0,0,0,1,0
50.51227341358848,1,21.40240243556986,1,2,2,5,0,2,0,1,0
67.13378904089079,0,28.43884581898353,1,2,2,8,0,0,0,0,0
46.23317062224343,1,22.041763007421242,0,1,2,8,0,0,0,1,0
43.759634658658335,0,23.33498514006845,0,3,2,3,0,2,0,0,0
51.67695103624393,0,16.38722586059859,0,3,2,7,0,0,0,1,0
37.34556830845048,1,21.017372124198264,0,1,0,4,0,1,0,1,0
82.30815861912723,1,22.69150642206208,1,1,0,9,0,0,0,0,0
46.50408113177915,0,28.21200211273557,2,1,3,7,0,0,0,1,0
67.47425179270606,1,16.625418010408893,0,1,1,10,0,0,1,1,0
58.14205125471659,1,22.72495627139431,2,1,1,2,0,2,0,0,1
40.23198924277048,1,30.434090150344453,2,1,2,1,2,0,0,0,1
54.91067936180906,0,22.77458357188368,0,0,2,6,0,0,1,2,0
66.76004168966122,1,15.0,1,2,1,6,1,0,0,0,0
52.1760799737054,0,31.395878886740956,0,3,0,10,2,1,0,2,1
72.89669418776542,0,28.674484712691665,1,0,0,5,1,0,0,0,1
70.32273089172796,1,29.346985875393955,0,2,2,2,0,0,0,0,0
68.78372281987494,1,16.28108176627303,0,1,0,9,0,0,0,0,0
48.10514841590505,0,32.562278629236076,1,1,1,6,0,0,0,0,0
38.8023632832777,1,21.133619574444012,0,1,2,4,0,0,0,0,0
45.796185919558084,1,22.452805278898843,0,1,3,7,0,0,0,0,0
57.94361411000081,1,21.486114170039983,0,1,3,9,0,1,0,0,0
63.18680070298534,1,29.734685909776037,1,2,3,8,1,0,0,0,0
22.42642892859329,0,24.101008237473522,2,1,1,1,0,0,1,2,0
54.878301975823746,1,27.40870516293813,0,1,3,3,2,0,0,0,0
57.371338379847764,0,25.37950511442184,0,1,2,10,0,0,0,2,0
50.836836155266724,1,24.5247899815354,1,3,3,2,0,1,0,0,0
74.36910758523818,0,20.26607968126902,0,0,0,3,0,0,0,0,0
61.326701113763065,0,34.06070293653883,1,1,0,5,0,0,0,0,0
74.65287862121346,1,17.683031857473853,0,2,1,6,0,0,0,0,0
51.760592194746515,0,27.061269870173422,2,2,3,3,2,0,0,0,1
69.06216238760388,0,26.883282960536395,1,3,1,2,0,0,0,0,1
79.5259959179128,0,30.771781430762125,0,0,3,5,0,0,0,0,0
74.67540173908992,1,31.94045016189639,1,2,1,4,0,0,0,0,1
38.617876098569,1,24.31305700291612,1,2,0,5,1,1,0,0,0
51.194858836864285,0,27.651971529623765,0,2,2,10,0,0,1,0,0
49.822529418253055,0,33.82436855226255,0,1,2,4,1,0,0,1,0
62.338818026144914,0,24.67411616538874,0,0,1,4,0,1,0,0,0
65.295303325218,1,19.66783262467412,1,1,3,8,0,0,0,0,0
42.41660988961395,1,23.077659436502895,0,1,3,6,1,0,0,2,0
56.01757770875407,0,18.476770006927666,1,1,1,2,0,0,0,0,0
24.701090017657954,0,26.859084054973614,2,2,3,3,1,0,0,1,0
76.62917508702834,0,30.322281040703174,2,1,1,8,0,1,0,1,1
47.314386389849595,0,24.39479253966231,1,0,2,1,0,0,0,2,0
55.83795909766746,0,16.8951997527318,1,1,0,6,0,0,0,0,0
50.35525429017908,1,30.108254175288387,1,0,1,3,0,0,0,1,0
72.19041362520122,0,16.118505192171106,2,0,1,9,0,0,0,0,0
20.0,1,17.270226110384794,0,1,1,10,0,1,0,2,0
54.75084486511137,1,24.108308062526405,0,2,0,1,0,1,0,1,0
53.41271863753453,0,26.258926228377497,0,2,1,2,0,0,0,1,0
48.195454186124756,1,27.11123749379177,1,1,2,6,0,0,0,0,0
80.89339818453449,1,24.66930223976763,0,2,0,4,0,0,1,0,1
41.69005811716343,0,33.800218825674285,0,0,0,10,0,0,0,0,0
66.57694265853492,1,25.32584170541601,1,3,0,1,1,0,0,0,1
60.34379183059126,0,30.173340508764678,2,3,0,10,0,0,0,0,0
73.92278878803273,1,28.93477282047349,2,1,1,4,0,0,1,0,1
44.99216372833742,1,18.535631338977353,2,0,0,2,1,1,0,1,0
44.00546651314362,1,24.151347563572394,0,1,3,9,0,0,0,0,0
71.44104861216098,1,35.61660256640509,2,0,0,7,0,0,0,0,1
61.37981962495166,1,22.478245730298713,2,1,0,6,0,0,0,0,0
31.82593979984862,1,21.626897378216547,2,0,1,9,1,2,0,1,0
46.91042478305094,1,25.85287790738511,1,1,0,8,0,0,0,1,0
60.79573980772091,0,22.657400353699742,0,0,0,2,0,0,0,1,0
67.56646332319883,1,21.031477102488807,0,0,2,3,2,0,0,0,0
44.811540202105675,0,22.583583028512066,2,0,2,7,0,0,0,0,0
20.0,0,32.16004835684313,0,0,0,10,0,0,0,0,0
62.8483477860555,1,24.316906542612138,0,2,1,4,2,1,1,1,1
36.69518965084036,0,18.35962483622644,1,1,0,6,0,0,0,0,0
24.739918028163828,0,17.44126730955918,0,1,1,9,0,0,0,1,0
20.0,1,36.03402466027235,2,1,1,7,0,0,0,0,0
67.20971290296612,0,23.88332815282949,0,0,3,3,1,0,0,0,0
56.929261756074496,0,27.172892504827093,0,1,2,6,0,0,0,0,0
51.61515428931622,1,21.143113868301953,2,1,3,7,1,0,0,0,0
75.83536544444142,1,26.60492984635708,0,3,0,1,1,0,0,1,1
64.55987024534609,1,32.29664825800766,2,1,2,7,0,0,0,0,0
79.24450064082875,1,21.738684081281225,1,1,0,5,1,0,0,1,1
34.10896791749505,1,27.292933899742913,1,2,3,7,0,0,0,1,0
54.481740640690546,1,17.97126862054806,0,2,1,7,0,0,0,0,0
30.749299375779785,0,35.11433059183396,1,3,0,6,0,0,0,2,0
51.55926502216799,1,26.342679651222873,0,1,1,3,1,0,0,0,0
51.27076219349984,1,22.93603077823854,2,0,1,9,2,0,0,0,0
64.39920455894607,0,23.51062938356918,0,2,2,5,1,0,0,2,0
55.683458217128475,0,22.449809127428324,0,0,0,9,1,0,0,0,0
64.35110707419874,0,22.705474179382534,2,1,2,3,0,0,0,2,0
65.55160199708341,1,15.0,1,1,2,7,0,0,0,2,0
87.32393016074712,0,24.510171339516223,1,1,2,5,0,0,0,1,1
50.270550170708134,1,24.300606596971438,1,2,3,7,0,0,0,0,0
40.88465949000431,1,27.443307686302386,0,0,0,8,0,0,0,0,0
58.691254229746136,1,22.384281267792367,0,3,1,8,0,0,0,0,0
42.96579959290685,0,21.144818429294887,2,0,1,5,0,0,0,0,0
77.22941152654803,1,24.961125277735125,0,0,0,5,0,0,0,0,0
50.751729415821515,0,16.93815940954758,0,1,3,8,0,0,0,0,0
46.51635448189015,1,25.717115937672922,1,3,2,6,0,0,0,1,0
47.93026418273323,1,15.690903702391395,0,1,2,6,0,0,0,2,0
65.77626135207461,0,30.60409324415398,2,1,1,2,0,0,0,1,1
52.63379525152772,1,28.421349778303874,1,1,3,7,0,0,0,0,0
45.37499769804427,0,20.369070617879935,2,0,1,10,0,0,0,0,0
79.98027876435296,1,28.305690066690183,0,1,1,7,0,0,0,2,1
42.15745239007375,0,25.557571121269405,0,1,3,6,0,0,0,0,0
55.5334911104949,0,19.9549488445757,2,3,0,2,0,0,0,0,1
64.78459227415345,0,15.0,0,0,2,5,0,2,0,0,0
30.5299733437439,0,26.582178417132262,1,1,2,6,1,2,0,0,0
62.20390752108887,1,21.028590764324825,2,1,3,4,0,1,0,0,0
39.17338486779326,1,30.474847848480398,1,1,0,10,0,0,0,1,0
67.34174171251004,1,25.070168669409256,1,1,3,6,1,0,0,1,0
40.56023482121536,0,21.502086517513415,0,1,0,5,2,0,1,1,0
65.3915354777329,0,33.98919366545236,2,0,1,10,0,0,0,1,0
71.58749599442069,1,27.882232463015026,0,2,0,9,0,0,0,0,0
67.92154788449207,0,15.0,2,1,0,6,0,0,0,0,0
58.769749723571536,1,22.568041156045666,0,1,3,1,1,0,0,0,0
51.53048585605451,1,18.079555039937883,2,1,2,10,0,0,0,1,0
46.35370635497734,0,21.001010311398456,1,1,2,10,0,1,0,0,0
77.06552036225656,1,24.276338005407318,0,2,0,1,0,0,0,0,0
44.50757169748535,1,26.77024254293773,1,1,2,2,2,0,1,0,1
39.44400889645006,1,26.306828710567867,0,0,1,2,1,0,0,0,0
64.98053402549245,0,30.38936538282401,0,1,1,4,0,0,0,0,0
43.05794795220257,0,28.182991887543334,0,0,2,10,0,1,0,0,0
40.74904753800809,0,27.873734645627525,2,1,2,2,0,0,0,0,0
33.34593606745352,0,26.007461615666372,0,1,1,8,0,0,0,0,0
47.75635240809223,0,31.433994263629508,2,0,1,8,2,0,0,0,0
53.7592746415526,1,23.418617284045414,0,2,2,2,0,0,0,0,0
58.64637591491048,1,23.548483656324045,1,0,0,9,0,0,0,0,0
69.26959366449225,1,15.472133235137349,2,3,3,9,1,0,0,0,0
62.903468854986905,0,30.280820219050177,2,0,3,9,0,0,0,0,0
52.1369167067023,1,24.615371221104226,0,3,2,9,1,0,0,0,0
52.0270648543042,0,39.66802853085636,1,1,0,7,1,1,0,1,1
62.652362033727755,1,22.972336541187712,0,0,2,9,0,0,1,0,0
74.08855244392853,1,25.442890647083676,0,0,0,8,0,0,0,0,0
56.894712992248,1,27.73252476804207,2,0,2,10,0,0,0,0,0
47.96303718684386,1,19.490500135056436,0,0,1,8,0,0,0,0,0
40.10700998371682,1,26.79273856939614,0,0,1,7,0,0,0,0,0
33.32192103381662,0,25.173307160285926,0,1,3,2,2,0,1,1,0
64.99404508065285,0,23.48155905161581,0,0,1,2,0,0,0,1,0
63.66967785459336,0,30.863019793715033,0,1,2,8,0,0,0,0,0
63.66045287659992,0,20.481256410446722,2,1,2,2,0,0,0,0,0
53.07010830471916,1,26.374510565411107,0,1,1,2,2,0,0,1,0
76.10402118837627,0,32.27332145692523,1,0,0,7,0,1,0,0,1
47.73822258122773,1,21.466891220218507,2,3,2,7,0,1,0,2,0
69.32903855810808,0,23.515570086538503,1,1,2,1,1,1,0,2,1
54.41885657515685,0,36.72652281735914,2,1,0,7,2,0,1,1,1
45.87473852980994,1,27.371955325780284,1,0,1,5,0,1,1,0,0
63.887954609766425,0,22.469012616786912,1,1,2,5,0,0,0,1,0
61.14454178025991,1,29.01312380039239,0,1,3,2,0,0,0,0,0
60.35459138900389,1,22.15953224204487,2,3,3,6,0,0,1,1,1
56.219176330842984,0,17.175420379199643,2,2,2,4,0,0,0,1,0
54.431603774247534,1,31.86181972632585,1,1,3,7,0,0,0,0,0
90.0,0,19.48470367934493,0,2,1,2,1,2,0,0,1
72.7638496779426,1,37.25856312498645,1,1,0,8,0,0,0,0,1
65.84240342478267,1,22.553338122688974,1,0,1,5,0,0,0,1,0
56.67698737305082,0,35.66632340780927,2,2,3,8,0,0,1,2,1
70.10735800895003,1,18.15664465739971,1,0,3,7,0,0,0,0,0
62.769921645871776,0,30.127467931331264,1,1,0,3,1,1,1,0,1
55.39307129161053,1,27.49863136492325,1,0,2,9,0,0,0,2,0
50.44653512101127,1,29.18873112777576,0,1,0,9,2,1,1,0,1
53.786239935059676,1,29.840113533381302,2,1,2,2,0,0,0,0,0
20.0,1,22.51127428859414,0,1,1,3,0,0,1,0,0
58.15901258946462,0,18.455780789985006,1,1,3,10,1,0,0,2,0
47.672858798344606,1,24.74541134830391,0,1,0,10,2,0,0,0,0
78.89004997424325,0,26.11515128792567,0,3,2,1,2,0,1,2,1
55.29016106217632,1,22.640776894222476,0,1,1,1,1,1,0,0,0
37.16554870697557,0,26.38776985079931,2,2,1,3,2,0,0,1,0
54.251797688078234,1,26.6481276558737,1,2,2,3,1,1,0,0,0
39.30818372406244,1,20.449867767280672,0,0,1,5,0,0,0,0,0
62.101111235687,1,26.97485640845233,2,2,1,6,1,0,0,1,0
59.36421046509228,0,23.663939881526773,1,1,2,4,0,0,1,0,0
69.36759446662401,1,21.500095498983143,1,0,2,10,0,0,0,1,0
43.13677312458152,1,28.936875691119965,1,0,0,7,0,0,0,0,0
55.5101214434222,1,21.115043941532278,0,2,2,3,0,0,0,0,0
34.52467306860047,0,22.71666205047637,0,0,2,4,0,0,0,1,0
65.52242172887071,0,25.36025425093328,0,0,0,5,1,0,0,0,0
62.78306770660183,0,31.871558103271195,1,1,2,8,0,0,0,0,0
62.437075315413566,0,25.96392038862149,0,1,3,9,0,0,0,0,0
55.024285470354116,0,27.64144166237334,1,1,3,3,0,2,0,1,1
61.221593361831864,0,23.51178732001752,0,0,0,1,0,1,0,0,0
79.06508662462895,0,24.607551878118297,0,0,2,2,1,0,0,1,1
50.72358614436979,0,24.75561383240203,2,1,2,2,0,1,0,1,0
57.07967775565127,0,26.466531180085124,2,1,1,3,0,0,0,0,0
38.70810551227885,1,23.5201621347587,0,2,2,2,0,0,0,0,0
41.976085576025014,1,31.699999427381048,2,1,1,1,0,1,1,1,1
56.46719939639961,0,23.13416880748929,1,3,1,6,0,0,0,1,0
71.55900320052861,1,16.46379432397316,2,0,2,7,0,0,0,1,0
51.155787636226414,1,38.7139830218501,0,1,0,1,0,0,0,0,1
51.46125206031814,1,23.36315654528124,0,1,1,9,2,0,0,0,0
48.89672133243438,0,31.565848935456735,2,2,1,7,2,0,0,0,0
46.978649937335156,0,32.023954209798795,2,3,1,4,1,0,0,1,1
59.42457183563232,1,29.72607156125191,1,1,1,3,1,0,0,0,0
32.54113532232033,0,24.009863902012988,2,1,3,6,0,0,0,0,0
74.2140936500009,0,26.433424099371713,1,2,1,3,0,0,0,1,1
45.018665528058094,0,18.627448953475366,0,0,2,4,0,0,0,0,0
65.82855228157212,0,34.95073886909138,0,0,1,9,1,0,0,0,0
35.950021039091865,1,20.740970009086652,0,1,0,5,0,0,0,1,0
65.03260195819327,0,23.730495186295624,2,0,3,10,0,0,0,0,0
65.07916911721746,1,25.494932435201253,2,1,2,5,0,0,0,0,0
60.763031080088446,1,24.4628012258152,1,3,0,9,0,0,0,0,0
40.08357217300312,1,21.71563358853303,1,1,2,2,1,0,1,2,0
58.743222843971154,0,31.971695260273442,2,2,0,7,1,0,0,0,1
37.25415722898417,0,29.7513964174414,0,0,3,7,1,0,0,0,0
51.20855117355722,0,26.610236021628467,0,1,1,6,0,0,0,0,0
70.44119651432989,0,23.00223472001625,1,0,3,4,1,1,0,0,0
66.95052890606112,1,30.321379359222355,1,1,0,7,0,0,0,1,1
55.227744138106495,0,22.677656836112174,2,0,2,3,1,0,0,2,0
40.37790136115737,1,32.85195920168908,0,2,3,9,0,0,0,0,0
64.6838156826129,1,25.556104577417138,1,1,1,1,0,1,0,0,1
55.29071856547038,1,31.148907634863576,2,1,0,6,0,0,0,1,0
20.19526602654365,1,24.430898369082083,0,0,2,1,0,2,0,1,0
66.73944739474777,0,25.357665910204723,1,0,0,6,2,0,0,0,1
54.63650749195462,0,31.127105307293334,0,1,2,5,0,0,0,2,0
73.03676871974608,0,35.96962575902222,1,2,2,5,0,0,0,0,1
38.57094221735793,0,32.801834087524405,2,1,1,10,0,0,1,2,0
20.0,1,29.38567309688925,0,1,2,6,0,1,0,0,0
59.18625787517778,0,27.94641716478798,2,2,1,8,0,1,0,1,1
59.37345515022959,0,22.46525654870187,0,0,3,9,0,0,0,0,0
29.63992558590322,1,26.476148705527162,0,1,1,3,0,0,0,1,0
40.3225068120009,0,20.43475408001634,1,1,2,5,0,0,0,2,0
90.0,1,26.87891066842387,2,0,1,6,0,0,0,0,1
50.41584078769295,0,27.200253303467868,0,3,2,1,0,0,0,0,0
65.96438464564324,0,15.195774292659042,0,1,0,1,0,0,0,0,0
45.24010258947425,1,25.193693045958536,1,0,1,1,0,0,0,0,0
23.64545651720265,1,27.074374495445525,0,0,0,2,0,0,0,0,0
52.446126298061415,0,24.58145071430489,0,1,1,4,0,0,0,0,0
51.01593159570842,0,26.790244194282852,0,1,1,6,0,0,0,1,0
49.00182641997443,0,18.29138878321843,2,3,1,3,2,0,0,1,1
53.28038746740411,0,21.120678472198705,2,1,3,9,1,0,0,0,0
58.964024074684545,0,30.174690815819663,0,1,1,3,0,0,0,1,0
52.7482457311929,1,25.002858328228886,1,0,2,4,0,2,0,0,0
36.039907480789545,0,26.699394906574543,0,0,1,4,1,1,0,0,0
62.29277187342908,0,22.267394196457104,1,1,1,5,0,0,0,0,0
25.759423670163653,1,25.097470116384283,0,2,1,5,1,0,0,0,0
24.244638140736996,0,15.0,0,1,2,2,1,0,0,0,0
66.08770742052351,0,29.230059692103833,2,1,1,6,0,0,0,0,0
62.60530408203035,1,34.03966419476235,0,1,3,9,1,0,0,0,0
54.13906952388946,0,19.674912253926795,0,1,3,5,0,1,0,1,0
34.06827242867392,1,20.298339062452158,2,0,1,1,0,0,0,0,0
44.381335889888874,0,27.204399491187413,2,2,0,9,0,0,0,0,0
51.05879878470244,0,32.36939645253373,0,1,1,7,0,0,0,0,0
31.0615904713883,0,24.989513413085277,1,1,1,7,0,0,0,0,0
43.91457012965151,0,18.85340989593748,1,1,1,6,0,0,0,0,0
64.78495507265019,0,23.956913816810633,1,0,3,1,0,0,0,0,0
76.40958046433825,0,19.85033959844104,2,1,2,7,0,0,0,0,0
48.70847871012174,1,21.65576853565612,2,1,3,4,1,0,0,0,0
66.34732531474148,1,23.479794504233418,2,0,1,5,0,0,0,1,0
26.28909894118799,0,20.353377058791864,0,2,1,7,1,0,0,0,0
64.89176861670417,1,21.110471379127176,1,1,1,3,2,0,0,0,0
42.940773779087785,1,25.372670001111217,1,2,2,2,0,0,0,0,0
59.610184250619554,1,26.07517906068615,0,2,2,1,0,0,0,1,0
51.28371372640436,0,17.880098330895166,0,1,3,8,1,0,0,1,0
74.80621014675751,1,26.981908612546686,0,0,1,8,1,0,0,1,0
41.883465274901226,0,23.09033068434301,0,2,1,7,0,0,0,1,0
64.41409446342746,0,28.601307617763045,0,1,1,10,0,1,0,1,0
50.807388050552,1,28.902487603439297,0,1,2,9,0,0,0,0,0
52.625417829855046,1,22.277294095224757,0,0,2,10,0,0,0,0,0
52.242191602611854,1,28.070738470188665,1,1,1,1,0,0,0,1,0
42.31490343258831,1,20.81521980150585,1,1,1,3,0,0,0,1,0
54.78851551139993,0,31.61881031417645,0,1,3,5,0,2,0,2,1
54.060276668172676,1,21.004318995717675,2,3,2,2,0,0,0,1,0
58.61860372610094,0,26.763748043127567,1,1,0,7,1,1,0,0,0
56.26757718539294,0,24.0619542767786,2,1,1,6,1,0,0,0,0
66.96991824418355,1,19.915527428811995,2,1,2,10,0,0,0,0,0
68.85262924071053,0,29.504578808926546,0,0,1,2,2,0,0,0,1
39.24065017258298,1,21.929340955666046,1,2,1,8,0,0,1,0,0
68.03158750886156,0,16.49963917510847,1,1,2,3,1,0,0,1,0
37.20495359335219,1,15.0,0,2,0,4,0,1,0,1,0
63.817838322066024,0,20.624776527860146,0,1,1,5,0,0,0,0,0
64.29608177054303,0,31.879542096494866,2,1,1,6,1,0,0,0,1
26.33024662506244,1,31.2886923375183,0,1,0,9,0,0,0,0,0
56.39468869794114,0,21.40700798826234,2,2,1,9,0,0,0,0,0
47.97255829959526,1,23.127725426493104,2,1,0,9,0,0,0,1,0
43.61852113096938,1,22.675434622219885,1,1,1,8,1,0,0,0,0
75.26278496048508,1,18.332839272752157,0,0,2,5,2,0,0,0,0
45.19481289043871,1,20.255840641883285,1,2,3,5,1,0,0,0,0
42.904346063229255,0,29.905747597003923,0,1,2,4,2,0,0,0,0
56.1354241000764,1,27.519439356897003,0,1,1,7,2,1,0,0,1
65.28384619447624,0,26.365444292649446,2,0,1,4,0,0,0,1,0
52.875271209848094,0,18.324266941695708,0,1,1,5,0,0,0,0,0
72.49555818503879,0,25.503516070169887,1,1,0,9,0,0,0,1,0
62.964634929461354,1,15.0,2,0,0,7,0,0,0,1,0
22.326830204028546,1,29.214013456302666,0,2,0,9,0,0,0,1,0
47.057995547394874,1,26.29287450368571,1,1,2,8,1,0,0,0,0
46.57236850972451,1,18.27383773950085,1,2,2,3,0,0,0,0,0
62.190414301441336,1,33.082127787450204,1,1,2,3,0,0,0,0,1
20.0,1,16.019176704157093,2,0,3,2,0,1,0,2,0
90.0,0,27.651530911248013,2,1,0,3,0,0,0,1,1
62.96539142341315,1,27.77585884489331,1,1,3,10,0,0,0,0,0
57.23315205876537,1,18.801647803237596,1,1,1,3,0,0,0,0,0
72.72351574628719,0,24.810746545949417,1,1,1,3,0,0,0,0,1
90.0,1,16.815860789235686,2,2,3,6,0,0,0,0,0
68.06119966882605,0,15.0,1,0,1,9,1,0,1,1,1
69.2321964470743,1,19.660618865341707,0,2,1,7,2,0,0,0,0
56.960350366965734,1,21.916875288690015,0,1,1,7,1,0,0,1,0
52.87711369949577,1,28.22128090405396,2,1,1,7,2,0,1,2,1
47.863068339926485,1,25.3370404253041,0,0,3,1,2,0,0,0,0
42.60832012428187,1,25.46772729693073,1,1,1,4,0,0,0,0,0
44.69478850450754,1,19.927891883582074,2,2,3,9,1,0,0,1,0
34.74166053485526,0,22.34994347979307,0,2,1,4,0,0,0,1,0
53.86192823972465,0,20.350366950654195,1,1,1,7,0,0,0,0,0
29.729986341604196,1,18.87512996485096,0,1,0,2,1,0,0,2,0
57.86374786215566,1,22.031502865063715,2,0,1,6,0,0,1,1,0
54.45504087936487,1,25.37256192548167,0,2,1,5,0,0,0,0,0
57.20402947580032,0,22.136807402878983,1,1,2,10,1,0,0,0,0
47.168026449700115,1,23.382486652875137,1,2,1,2,0,1,0,0,0
90.0,1,28.474574054556953,2,1,3,3,0,0,0,1,1
75.40173850270469,0,22.496227906546483,0,0,3,3,1,0,0,0,0
36.33186249872916,1,18.330166845060543,1,1,1,3,0,0,0,0,0
58.493021311403474,1,27.817267608006198,0,1,2,5,1,0,0,0,0
45.87990785594015,1,26.32924824254142,0,1,3,10,0,0,0,1,0
39.78280409938879,1,26.64329749086157,2,0,2,9,1,0,0,1,0
34.898918933140976,0,28.129193287678547,0,2,1,7,0,0,0,1,0
61.48325036138881,1,27.283207636539725,2,0,1,6,0,0,0,1,0
44.77929647395639,1,25.143643462356522,2,2,2,4,0,0,0,2,0
69.51739036037806,0,36.957263314260466,2,0,1,5,1,0,0,0,1
69.90673321795659,1,18.57515626849023,1,3,1,6,0,0,0,1,0
75.60871577817174,1,22.06791360755721,0,3,0,8,1,0,0,1,1
42.214198508888444,0,29.836671823390834,1,1,1,9,0,0,1,1,0
62.130484160380156,0,25.712931460477872,2,3,0,2,1,0,0,0,1
64.48681324963451,0,28.789615170056194,2,2,1,8,0,0,0,1,1
47.88732737344053,1,25.848782147684357,1,0,1,8,0,2,0,0,0
43.42342063910687,1,31.870282755799906,2,3,1,7,1,0,0,0,0
79.14280998663959,0,19.96244572183377,2,0,0,4,1,0,0,2,1
58.41243813598081,0,31.712299447033548,2,0,2,9,0,0,0,1,0
64.53951626067607,0,30.854982466021333,1,1,3,7,0,2,0,1,1
42.66885982258109,1,18.948554428848098,2,0,1,5,0,1,0,0,0
36.71073300216709,1,28.153327049438364,2,0,1,4,0,0,1,1,0
46.458253382618345,1,24.784800338817053,0,3,1,6,2,0,0,2,0
53.139679189150044,1,21.96708990440468,2,3,3,6,0,0,0,0,0
39.036699897739766,1,15.556904051411403,0,2,2,9,0,0,0,0,0
54.85232787024425,0,19.945931644413417,1,1,0,7,1,1,0,1,0
29.6724221789725,1,28.540560700922946,2,3,2,1,0,0,0,1,0
38.199288662951915,1,29.069206346302785,1,0,0,4,2,1,0,0,0
65.06366872415313,1,23.946447597119143,2,3,0,4,0,0,0,0,0
64.05685780416842,1,29.084925715716423,1,1,1,5,0,0,0,0,0
49.121848519197,1,29.726300389470687,0,2,0,5,0,0,0,0,0
39.733535363845704,1,25.773199793131738,0,1,2,10,0,0,0,0,0
39.588946727109835,1,21.38833188074898,1,3,1,4,0,0,0,2,0
49.40097631088029,1,27.205270564078223,2,2,2,3,1,2,0,0,1
64.66777737467937,1,27.434923538294317,0,2,2,6,0,0,0,0,0
68.92368537016486,0,28.36972195175155,1,1,1,2,0,0,1,2,1
47.55202396777047,0,29.3270163500112,0,2,2,9,0,0,0,0,0
37.697613610228245,1,18.18917714039389,2,2,1,6,1,0,0,1,0
59.017654567995,0,22.45035377317129,0,0,0,5,0,0,0,2,0
42.64697544061226,0,15.506893271560902,2,1,2,3,1,0,0,1,0
47.226210417081965,0,28.734980191776735,0,0,3,4,0,0,0,2,0
74.87914135655556,1,23.93844276009792,0,2,1,6,0,0,1,0,1
67.40673142848652,1,27.154070353487075,2,0,1,3,0,0,0,0,0
57.36961468377177,0,17.62160625904921,1,3,0,10,0,1,0,2,0
35.921214983309156,0,32.00490424846525,1,1,3,7,1,0,1,0,0
58.17094851205988,1,19.028304176903625,2,0,3,5,0,0,0,1,0
70.93985936181289,0,28.872816521912295,1,3,3,10,0,0,0,0,0
49.36549501351696,0,25.589750854462707,2,0,0,1,1,0,0,1,1
75.26671134980073,1,24.052786112369105,2,1,3,9,2,0,0,0,1
74.3911793427731,1,23.64919946693913,1,2,0,9,0,0,0,0,0
79.9559924821521,0,21.80968495341935,0,1,1,1,0,0,0,2,1
59.578646897970295,1,31.47598088450384,0,1,2,4,0,0,0,0,0
63.81087549709018,0,25.063064171761212,2,2,3,4,0,1,0,0,1
76.21280932496634,1,18.6538923482339,2,3,2,10,1,1,1,2,1
61.71090905603464,0,23.0801989898258,0,0,2,8,0,0,0,2,0
47.48148838314681,0,25.641695136014693,0,0,3,2,0,0,0,1,0
48.27185745208208,1,29.48902640722663,0,1,1,7,0,0,0,0,0
58.578324306606085,1,21.976901397413965,1,1,2,8,0,0,0,2,0
35.64157867080672,0,22.311117220977263,0,1,0,3,0,0,0,0,0
52.85111626953711,0,25.117160635737026,2,0,1,10,0,0,0,1,0
71.4482067734538,1,29.36712409973663,2,1,0,3,0,0,0,1,1
22.13119223252078,1,18.156227322019852,2,2,3,9,0,0,1,1,0
78.01723152691773,0,27.52677315495873,0,0,3,8,0,0,0,1,0
71.83561328054739,1,22.67968734935672,2,0,0,1,0,0,0,1,1
48.10353076254285,0,23.377837091257568,2,1,2,2,1,1,0,0,1
63.150862418077146,1,35.007878725648744,0,0,1,4,1,0,0,0,0
55.047215903594896,0,24.017653877242374,1,1,1,6,1,0,0,0,0
73.44985552658025,0,28.7734687515429,2,1,1,3,0,0,0,0,1
69.74024714154912,0,28.59456918601674,2,1,0,4,2,0,1,1,1
33.99893915225486,0,19.099880429507465,0,1,0,4,0,1,0,1,0
63.80893620196265,0,15.773028373885479,0,1,2,10,0,0,0,0,0
51.915582195351284,0,29.104910462084554,1,2,0,7,1,0,0,0,0
56.2424885577715,0,19.582269037757406,2,3,2,7,0,0,0,0,0
44.07742148545277,0,16.679085227144864,2,1,1,7,0,1,0,0,0
81.22205603681253,1,30.13081107422099,0,1,3,4,2,0,0,0,1
70.60092729853864,0,19.902866331122034,0,0,2,5,1,0,0,0,0
43.90343254040549,1,21.13741262157803,2,2,2,4,0,0,0,0,0
34.98084089634651,0,34.87186577544648,2,1,0,9,0,0,0,1,0
49.21491053533228,0,16.701323193092144,2,0,1,4,0,0,0,0,0
61.517539691369585,1,18.718569792965372,2,0,3,1,2,0,1,2,1
58.60308765919334,1,22.701509287630397,0,0,1,8,1,0,1,0,0
73.79699237152366,0,23.79871580082789,2,0,1,6,0,0,0,0,0
66.84879583271278,0,20.531273589411732,0,1,3,2,2,0,0,2,0
69.5435353862936,1,19.206724513385417,2,3,0,1,0,0,0,0,1
59.90283100915656,1,32.54997162215965,1,2,2,10,2,0,0,1,1
34.16051904683515,1,26.314930620523576,2,1,1,7,0,1,0,0,0
52.064522032796475,0,27.92584372104594,2,1,1,8,1,0,0,2,0
70.90134609862999,0,24.31387411720732,0,1,0,10,0,0,0,1,0
54.227156072130306,1,26.447274744295683,0,1,0,9,0,0,0,1,0
62.546355529356205,1,29.664508305547955,1,1,1,4,0,0,0,1,0
50.218775271308004,1,20.018504927273327,2,0,2,7,2,0,0,0,0
39.55282227187232,1,26.32417998258991,2,1,3,5,0,0,0,0,0
53.14983903930835,1,28.480211567039454,2,1,2,2,0,0,0,0,0
59.635711645489806,0,32.7239867319213,1,0,1,3,1,2,1,0,1
45.16468420807834,0,34.739454899008805,0,0,2,8,0,0,1,0,0
51.46433132714997,1,25.349298984908806,0,0,2,10,0,0,0,2,0
40.90805137021026,0,30.693194748435673,0,1,1,5,1,1,0,0,0
71.78867376346145,0,15.0,1,1,0,3,0,0,0,0,0
50.58316363617949,0,32.76141454688357,2,0,2,8,0,0,0,0,0
76.79133317689275,0,21.370581691395984,0,0,2,7,0,0,0,0,0
77.93121775811363,0,23.794512755060545,2,0,3,7,2,0,0,0,0
53.784310529173844,1,27.205522421835106,0,3,3,7,0,0,0,1,0
39.87326901178976,0,24.23278816342243,0,1,1,5,0,0,0,0,0
23.711531833999942,1,25.982266897840674,1,0,2,4,0,0,0,0,0
32.919443904598126,0,32.93846484113072,1,1,1,6,0,0,0,2,0
34.3924776265201,0,23.078899773270145,2,0,0,6,2,1,1,1,1
75.67704441192257,1,19.565380917497233,1,1,2,6,1,0,0,0,0
56.73736880840419,1,34.067319286492754,0,0,3,8,0,0,0,1,0
60.84406786137982,0,27.63382108502339,2,3,3,6,0,0,0,2,1
21.69368486597311,1,34.61119487656732,2,3,2,10,0,2,0,0,0
37.03050356174107,0,29.31814955289452,1,1,1,4,0,0,1,1,0
68.3061966466943,1,18.382028039932816,0,2,0,10,0,1,0,0,0
59.30161168573879,0,28.226923358784408,0,1,1,10,0,0,0,1,0
52.79192081971604,0,20.08025967058723,0,3,3,4,0,0,0,1,0
63.47263537900184,1,25.037159012198334,0,1,2,5,1,0,0,1,0
79.53696709203723,1,24.62142798196121,2,0,2,7,0,0,0,1,0
51.68436304694424,0,16.911680976834717,0,0,2,1,0,0,0,1,0
56.04054703987104,1,20.935947552191067,1,0,2,1,1,0,1,0,0
57.88895378096958,0,36.025936500795495,1,1,2,5,0,1,0,1,1
90.0,1,26.191887024205823,2,0,1,5,0,0,1,0,1
23.509656033714617,0,24.122019326685237,0,1,1,1,1,0,0,2,0
65.24834522183212,1,34.06445109970463,1,1,3,7,0,1,0,0,0
53.277966268614044,0,23.018823449654157,0,2,1,7,1,0,0,0,0
63.501575892762695,0,24.5428981901544,0,1,3,4,1,0,0,0,0
45.139411690079136,1,29.95401428061425,0,1,3,2,0,0,0,1,0
54.26552453712325,1,22.99632100691825,1,1,2,2,0,0,0,2,0
65.67115869198243,1,21.267396303237494,0,2,0,4,0,0,0,0,0
90.0,0,15.0,1,0,0,2,1,0,1,0,1
67.12054284103107,1,20.317508433086193,0,0,1,1,1,0,0,0,0
42.27901602954237,1,20.269861270051933,2,2,3,1,0,0,0,1,0
48.643604769659454,1,25.79283347734305,1,2,3,8,1,0,0,0,0
48.19878837424219,1,21.94770867136112,2,1,0,2,2,1,0,0,1
28.065352410549774,0,35.79009505428598,0,1,1,9,0,0,1,0,0
50.04864712447844,1,19.71185534882597,2,0,3,2,0,0,0,0,0
65.99243622732618,1,32.003233434287026,1,0,1,4,1,0,0,1,1
35.88651821384808,0,26.098764775637747,0,3,3,7,0,0,0,2,0
70.72723976575888,1,29.033870178561944,2,0,1,7,0,0,0,0,0
62.316622316265075,1,28.73009797367935,2,1,3,10,1,1,0,0,0
43.98650017043443,1,15.0,2,2,1,8,2,0,0,0,0
52.87705543993229,0,24.942236605117213,2,0,1,3,0,1,0,0,0
78.9748271146155,1,23.68885931383084,0,0,1,1,0,1,0,2,1
66.00321720258799,0,19.33510952654366,0,1,3,4,0,0,0,0,0
55.131754823472214,1,27.29813018607934,1,1,1,3,0,0,0,0,0
51.434750245585235,1,33.58270157938736,0,0,2,4,1,0,0,0,0
56.14913605677489,1,15.0,2,0,1,6,0,0,0,0,0
47.32354663086545,0,22.327651620791396,1,0,3,1,0,1,0,0,0
23.42875741421478,1,18.771169179431887,2,0,0,1,0,0,0,0,0
85.63266865802096,1,25.358889131188466,1,0,1,2,0,0,0,2,1
57.32987498799102,0,23.37189358425002,1,1,0,10,0,0,0,0,0
60.972208976838054,1,21.97161393621411,0,0,2,10,0,0,0,0,0
54.13138375184637,1,28.447534141645292,0,2,1,3,0,0,0,0,0
43.97324798913118,1,33.18090650528549,2,0,0,5,0,0,0,0,0
52.21113278576844,0,38.30659325878918,2,1,3,9,1,0,0,1,1
31.009078567085332,0,21.30185475765706,1,1,1,6,0,1,0,1,0
89.15629747079956,1,15.895622240909654,2,2,1,5,0,0,0,1,1
36.48232002366406,0,27.7959821703917,1,0,1,8,0,0,0,0,0
39.52050574229231,0,33.052423676616016,2,0,1,1,0,0,0,1,0
48.396111934203994,1,29.06844983520364,0,2,0,7,0,0,0,0,0
74.32113587278566,0,33.03173519765156,1,2,3,8,0,0,0,1,1
55.217634988939814,1,23.872566646989405,1,0,1,9,0,2,0,2,0
36.45796305954306,1,21.95212780113436,1,0,2,9,0,1,0,0,0
73.81507541136008,1,25.57717953700656,0,2,0,8,0,0,0,0,0
65.96500940178223,1,23.34723406316556,1,0,2,10,0,0,0,0,0
63.076524358246786,0,28.31547010670172,1,2,3,3,1,0,0,0,0
65.7360136175626,0,29.848838890017454,0,3,1,6,1,0,0,1,1
90.0,1,30.24041832285943,2,0,0,5,0,0,0,1,1
87.77642342554168,0,27.552963354021948,2,2,0,3,0,0,0,0,1
44.69926985495057,1,26.229111633376498,2,1,3,2,2,0,0,1,0
79.35827489216729,1,28.97213344625424,1,2,1,2,0,1,0,0,1
60.747522846383504,0,15.185040461736394,0,1,3,10,2,1,0,0,0
62.486437242066245,1,26.05285376166971,1,0,1,10,0,0,0,0,0
29.61593752535007,0,25.262390285852256,0,2,1,10,0,1,0,0,0
52.44421351917706,0,26.065401979857775,1,0,1,4,2,0,0,0,0
42.807646144951526,1,24.561882268728844,0,3,0,9,0,0,0,1,0
67.42088222339964,1,27.15927746730808,0,1,2,2,0,0,0,1,0
71.06620750604208,1,22.126985392329924,0,0,2,5,0,0,0,1,0
23.88270473475533,0,30.64761714726815,0,0,2,8,1,0,0,1,0
54.66947703993594,0,27.36824888706737,2,2,2,10,0,2,0,0,0
71.82792257191377,0,25.753429289419305,2,1,3,2,0,0,0,0,1
52.19981556529832,0,21.512417146819402,1,2,2,7,0,0,0,0,0
65.93595467503546,0,29.076584426039524,0,0,0,6,0,0,0,0,0
60.26748201440626,1,26.033298492472454,2,1,1,1,0,1,0,2,1
60.124903479289394,1,21.222583032315416,2,2,0,7,0,0,0,1,0
50.93027532897554,0,24.716692287933807,2,0,0,10,1,0,0,0,0
36.751287937964356,0,28.145413096206198,1,1,2,9,2,1,0,0,0
38.17704778862459,1,27.757867694099126,0,3,2,1,0,2,0,1,0
65.64028771682976,1,27.435044839040778,0,1,2,2,0,0,0,0,0
55.291873832783246,1,25.462656958705384,2,2,2,7,0,0,0,0,0
52.922316330891626,0,30.129097666509484,2,2,1,1,0,0,0,1,1
48.64164936516471,0,31.18898251905805,1,1,1,2,1,2,0,1,1
50.42216731778872,1,28.686613078377704,0,2,2,3,0,0,0,1,0
70.7036769173221,1,22.062743625721463,1,1,0,2,0,1,0,1,1
49.971338771979596,0,19.70969141354741,2,1,3,2,0,0,0,0,0
34.88402930047647,1,22.28030116514203,2,0,1,2,0,1,0,0,0
66.1547766331026,0,34.768283739883614,1,3,2,7,1,0,0,0,1
51.926850042029244,0,26.408479569136766,0,2,3,10,2,0,0,0,0
55.47093798299165,1,35.632209137631925,0,0,1,4,0,0,0,2,0
79.11367459599265,0,24.399008282062816,2,1,1,4,1,0,0,2,1
54.69159163974239,1,23.705931647535394,2,1,1,8,0,0,0,0,0
59.33775509678088,0,24.629717316779633,0,1,0,5,0,0,0,1,0
37.31614763052512,0,24.53912959973348,0,3,2,1,0,0,0,2,0
51.7049582147356,0,21.13174544066138,1,0,1,2,0,1,0,0,0
64.14289067812902,0,19.255758659166617,0,3,0,10,0,0,0,0,0
31.669393992381366,0,27.506683135904314,1,0,2,3,0,0,0,0,0
58.01267639673564,1,30.274503587986818,1,1,1,4,1,0,0,0,0
56.5118660896721,1,37.22490650333201,2,1,2,9,0,1,1,2,1
55.619311833811594,0,22.83143546654489,2,0,1,10,0,0,0,0,0
70.55738347987365,0,23.236722565679624,0,1,1,10,0,0,0,0,0
60.016577722727824,1,21.143853527744913,1,2,1,5,2,1,0,1,1
77.17107847534666,0,30.62863714686784,0,0,1,6,0,0,0,1,0
40.096157266089456,0,29.074937273981323,2,0,3,3,0,0,0,0,0
57.03886850827522,0,20.615327090627368,2,1,0,2,2,0,0,0,1
56.26700179584921,1,20.489009565135284,0,2,0,2,0,0,1,0,1
38.9611825936738,0,29.762573792979488,0,3,1,6,0,0,0,0,0
69.34442503137019,1,26.91598075604204,0,0,0,6,0,0,0,0,0
89.87009958779227,0,28.791943565055718,1,3,2,7,0,0,0,1,1
54.744908882742536,0,20.586157608305435,0,1,1,9,0,2,0,1,0
62.5753163241065,0,15.611375680448967,1,0,1,3,1,0,0,0,0
56.267777137229906,1,20.62517491659915,1,3,1,7,0,0,1,0,0
44.29622995139236,1,28.438833650056136,1,0,1,7,1,0,0,0,0
27.688595832969757,0,35.555289893174454,2,2,1,8,0,0,0,1,0
44.41339775356953,0,22.852680052361958,0,2,2,5,0,0,0,0,0
34.120624285724034,1,36.379279409384324,2,1,3,3,0,0,0,0,0
80.56153117088677,1,29.14909883745844,0,1,1,2,0,0,0,2,1
53.27335459115141,0,18.03483849145587,0,1,1,4,0,0,0,2,0
49.81121006429244,1,26.070169189055157,1,0,2,8,2,0,0,0,0
68.33730737181709,0,29.319871392059305,1,2,0,5,0,0,0,1,1
38.17373345716168,0,15.0,0,3,1,1,0,0,1,1,0
43.49703942993172,0,28.22225578956691,1,1,1,3,0,0,0,0,0
56.02108403872931,1,30.863605899115562,0,3,2,5,0,1,0,0,1
70.43153487135221,0,26.994340620655716,2,1,0,6,0,0,0,0,0
62.52527567753182,1,24.691393946592882,1,1,1,2,0,0,0,0,0
58.72487713773823,1,24.135367084992964,1,1,2,8,0,0,0,0,0
56.17176602854025,1,23.84338836154089,2,0,2,7,1,0,0,0,0
61.00353783290163,0,19.120100981164455,2,3,2,7,0,0,0,1,0
58.02479357693882,0,21.562380840475164,1,2,2,7,0,2,0,0,0
39.550415878345966,1,22.9170297717392,1,2,1,5,1,0,0,0,0
55.69118832449727,1,25.567471731128713,1,1,0,2,0,0,0,0,0
38.89467011623371,1,22.215926211714667,0,2,0,8,0,0,0,1,0
56.216238143512356,0,20.65435378751035,0,1,3,3,0,0,0,0,0
47.79028087767638,0,28.798854295629226,0,1,2,3,1,2,0,0,0
90.0,1,26.85306985973928,2,3,2,2,0,0,0,2,1
54.40158424372432,0,22.303852316052165,0,1,3,2,1,0,0,0,0
33.93640650607617,1,27.531392357437937,0,1,2,2,0,0,0,1,0
52.98729683984613,0,22.734210531570326,0,0,2,6,1,0,0,2,0
62.79038118456832,0,25.3153251474406,1,3,2,8,2,0,0,0,1
80.10045919228786,0,29.875220273614335,1,0,1,3,1,0,0,0,1
46.15821400091922,0,21.981294534168683,1,0,3,6,0,0,0,0,0
31.2635803896454,0,19.137941960831284,0,0,2,3,0,0,0,1,0
67.25255517146472,1,24.27432708489329,2,1,1,9,1,0,0,2,0
34.29101941150523,0,18.18267491907269,1,0,1,1,0,2,0,0,0
48.457668377387726,0,23.612757453245123,1,2,3,7,0,0,0,0,0
51.13569271733509,1,23.596812603432717,2,1,1,8,0,0,0,0,0
53.955498200498376,0,15.0,2,2,0,9,1,0,0,2,0
65.33746685611503,0,27.65317581872255,1,0,1,5,1,0,0,1,0
44.74548576570419,1,24.0865511665934,2,0,3,6,1,0,0,2,0
50.89406121749859,1,30.90948226385968,1,2,1,5,1,0,0,0,0
54.78594470575917,0,26.077659898970413,0,1,3,10,1,2,0,0,0
57.24396936278182,0,28.678042851577743,0,0,3,5,0,0,0,2,0
56.46740762061884,1,30.950193766035216,1,3,3,7,1,0,1,0,1
61.5400866283387,0,24.341414586146268,1,0,2,4,2,0,0,1,0
67.65759264462606,1,24.99588405568049,1,0,2,6,1,0,0,0,0
60.88951173476452,1,17.132283883048842,2,1,1,4,0,0,1,0,0
61.80378285263828,1,31.197688726171208,1,0,0,2,2,2,0,2,1
31.266652498802834,0,24.271513001392226,0,0,2,2,0,1,1,1,0
55.753415487485206,0,19.97134724826009,0,2,0,4,0,0,0,0,0
62.19261322002413,1,28.698612432437137,2,0,1,5,2,0,0,2,1
65.93411791855675,0,15.0,2,0,0,1,0,0,0,0,0
44.61473838649309,0,22.85362888563411,1,2,0,3,0,0,0,0,0
45.11441087667033,1,29.541555206059204,2,1,3,5,0,1,0,0,0
46.38848987074603,0,22.811390740170474,2,0,2,8,1,0,0,0,0
63.04620849837015,0,21.41039024525709,2,1,2,4,1,1,0,0,0
70.50821582386313,1,22.919226014435246,0,0,1,6,0,1,0,1,0
48.88809839062598,0,15.0,1,1,1,4,0,0,0,1,0
68.61943470440573,0,28.577392158915167,0,1,1,5,1,0,0,2,1
56.85219713746891,0,24.385569790115433,2,3,1,7,2,0,0,0,0
53.135713342563456,1,23.63837695002619,2,1,2,8,0,0,0,0,0
51.829236552730464,0,23.656656917954795,2,2,0,10,0,0,0,0,0
66.19917046903235,0,25.07039899232292,1,0,1,10,0,0,0,1,0
59.88366725180605,1,28.267186853360332,1,1,1,8,0,0,0,0,0
89.13738141471455,1,24.739682294003757,1,0,1,7,0,0,0,1,1
42.21663035504014,0,18.191817259100937,0,1,3,4,0,0,0,0,0
62.77152553044964,1,27.877580607720336,1,1,3,4,0,0,0,1,0
47.06198485282731,0,27.492848455021132,0,3,1,2,0,0,0,0,0
41.960695195170345,1,26.0276349910823,2,3,1,9,0,0,0,0,0
54.83699294447542,0,30.376206534806595,1,1,3,6,2,2,0,1,1
57.06028719110554,0,25.151893382064795,2,0,3,3,0,0,0,0,0
90.0,1,30.55688044494628,2,1,1,3,0,0,0,0,1
52.23781276475197,0,32.03605510739198,0,2,1,1,0,0,1,2,1
38.04731905772975,0,27.911564427622412,0,0,0,2,0,1,0,0,0
59.09516076241579,0,21.260331890610313,2,1,2,5,0,0,0,0,0
23.880399436804474,1,24.346071407487795,2,0,1,9,0,0,0,0,0
53.620648260936015,0,31.19428017029187,0,0,2,3,0,2,1,0,1
55.24037923442741,0,17.511860669652464,0,0,2,7,1,0,0,1,0
66.91900574417818,0,23.040231659106958,1,3,3,6,0,0,0,1,0
69.6043337414177,0,23.28517581776628,0,0,1,3,0,1,0,0,0
47.446455716384236,0,20.67394699823133,0,0,1,4,1,0,1,1,0
52.740789780551005,0,29.364394749593934,2,3,3,5,0,0,0,0,0
43.508187540839934,0,26.884075355203883,1,1,1,2,0,0,0,0,0
38.079061677884596,0,21.44470821699754,1,2,3,8,0,0,0,0,0
59.64842169070952,1,28.027564601179197,2,1,0,7,1,0,0,0,0
35.896216771051016,1,24.20791882665891,1,1,3,9,0,0,0,0,0
48.78059649142205,1,20.549027133888288,2,0,1,8,0,1,1,1,0
40.07239060151144,0,21.435407948785663,0,1,0,7,0,0,0,2,0
63.245247794353894,1,27.1802553738797,0,1,2,9,0,0,0,0,0
82.02145148899731,0,29.695049392609192,0,1,3,10,1,0,0,2,0
35.476180257950034,1,22.56615883522607,0,1,1,5,0,0,0,1,0
27.204722756536462,0,27.72220666834506,2,2,0,3,1,0,0,1,0
53.12669671974899,0,32.90877078788741,2,1,2,6,0,0,0,0,0
55.235466939366376,0,18.705647218148734,2,1,3,9,1,2,1,1,1
58.279889601359464,0,26.77834936419312,1,0,0,6,0,0,0,0,0
48.30519227148483,1,29.15327845647704,2,2,0,3,1,2,1,0,1
51.99041051761852,1,24.524250917005848,1,1,0,2,1,1,0,0,1
60.51265615810903,1,31.191416054278235,0,1,1,5,0,0,0,0,0
70.60646338967258,1,35.99418519130642,1,1,0,8,0,0,0,1,1
25.674268445225756,0,26.716776741931515,1,2,1,8,1,0,0,1,0
49.465908414528066,0,23.832051338610004,0,3,2,1,0,0,0,0,0
58.20713190911595,1,29.884914038309784,0,0,2,3,1,0,0,1,0
41.23035843083896,1,29.210344301889506,0,2,2,5,1,0,0,1,0
80.96754447650949,1,15.0,1,0,1,1,0,0,0,0,0
45.46885179656894,0,24.986322219544434,0,0,2,6,0,0,0,0,0
54.38060969489076,1,23.02700266630443,2,2,2,4,2,0,0,0,0
63.34033145263436,1,26.983528457569584,1,0,3,9,1,0,0,0,0
46.13072816797158,0,24.031708598531047,0,0,1,2,0,1,0,1,0
27.301404282933742,0,24.574119538644993,2,1,0,10,0,0,1,0,0
48.570182096252,0,20.683936202694593,1,2,2,5,1,0,0,1,0
70.44160833890561,1,28.672646092122438,0,0,0,5,1,0,0,0,0
49.94657309822292,0,33.27521110734366,2,0,3,6,2,0,0,1,0
42.30348547811532,0,20.761640253924824,0,0,2,5,0,0,0,0,0
68.88508314254082,0,18.014724884265135,2,0,2,10,0,0,0,1,0
50.03837655965421,1,25.10001609913732,1,0,2,10,0,0,0,0,0
47.34758779524674,0,24.85672169482368,0,3,0,9,1,0,0,0,0
57.24184134494964,0,30.854663930601802,1,0,1,1,2,0,0,0,1
66.5612531442818,1,18.85402523810734,0,1,2,8,0,0,0,0,0
90.0,1,22.31022412487951,0,3,1,6,0,1,0,0,1
67.40854161486135,0,15.0,0,1,2,9,0,2,0,0,0
72.39759949582516,1,31.874918181059115,0,0,3,10,1,0,0,1,0
47.41050701518217,1,26.25272314161682,2,1,1,7,0,1,0,0,0
39.61197841045785,0,22.682835430096016,2,3,0,3,1,0,1,0,1
55.934970244286845,0,18.38864260704412,2,1,3,8,0,0,0,2,0
56.607548728893946,0,18.847619709113744,0,1,0,10,0,0,0,1,0
38.82230887953104,0,27.071334498956958,1,0,1,3,0,1,0,1,0
52.370582051439804,0,19.46287477199645,0,1,1,3,0,0,1,0,0
60.98976402578696,1,25.520027115742845,1,0,2,4,0,0,0,1,0
60.405900925271204,0,35.214724305675155,2,2,3,3,2,0,1,0,1
62.56431780076409,1,23.262061885275898,0,1,1,6,0,0,0,0,0
59.364470952061644,0,20.192777780128104,2,1,3,7,1,0,0,2,0
47.394870110949164,1,26.910036027263814,2,2,1,3,0,0,0,0,0
47.29149060026735,0,18.871041296091363,2,0,2,3,0,0,0,1,0
37.01572903009186,1,33.59992265164702,1,2,0,7,0,0,0,0,0
81.77162558777643,1,32.01809834264168,2,1,1,10,0,1,0,1,1
55.201755469289395,1,24.17914190523178,2,1,3,9,0,1,0,0,0
51.627204163077224,0,20.5135340928789,2,0,1,3,1,0,0,1,0
41.06811877821312,1,22.871150636123197,0,1,0,6,0,0,0,0,0
90.0,1,23.521671939572858,1,1,2,5,0,0,0,0,1
38.90007951665657,1,26.917835658535324,0,1,1,8,0,0,0,2,0
48.5672811159089,0,30.198161646505582,2,1,1,9,1,0,0,0,0
61.23755254429091,1,19.817436846207052,2,0,3,8,1,0,0,1,0
64.00319448616416,0,30.054547826713723,1,1,2,1,1,0,0,1,1
69.36898082823527,1,28.08842806405649,2,1,1,7,0,0,0,0,1
82.11412761653895,1,22.461052545966968,2,1,3,8,0,0,0,0,0
62.592364831910686,0,19.56644052161495,0,1,0,5,0,0,0,0,0
39.159538000499985,0,25.58116358646284,1,0,3,4,0,0,0,0,0
51.14582312317328,0,19.70205758148958,1,0,1,7,1,0,0,0,0
59.61748558770827,1,30.11840424581303,2,1,1,6,0,1,0,0,0
86.02339062258736,0,19.380586139338977,0,1,1,2,0,0,0,1,0
34.03291782363554,0,27.73853096581572,2,1,2,9,0,0,0,0,0
73.03864757837842,1,24.59691817592459,1,2,2,3,0,0,0,1,0
57.69871554319625,0,22.196875578123993,0,2,0,1,1,0,0,2,0
67.56745802844222,0,24.485842468403547,0,0,1,3,1,0,0,2,0
53.47007925046102,1,30.39991584817101,0,1,2,1,0,0,0,1,0
42.363510548105104,0,19.038712955031052,0,1,3,10,2,0,0,1,0
66.26309169101998,0,22.939217224040917,1,1,2,7,0,1,1,1,1
64.81646540658431,0,21.24128217656406,1,3,1,6,2,1,0,1,1
69.58085448609583,1,24.806914332256426,0,1,2,8,0,0,0,0,0
54.80043046932047,1,21.576595537436727,1,2,2,4,0,0,0,0,0
46.00266965020226,0,16.15959378806693,1,3,0,6,0,0,0,0,0
31.618195074642376,0,19.724312265338188,0,0,2,3,2,0,0,1,0
67.2905990220911,0,33.18877509269056,1,0,1,4,0,0,1,0,1
61.358342236659794,1,26.233641056431363,2,1,1,6,0,0,0,2,0
40.51326050704061,0,26.061810269040386,0,0,2,5,0,1,0,0,0
46.92139490055064,1,23.58693804995681,0,0,2,2,2,0,0,0,0
47.99861782072839,0,24.741872879454153,2,3,3,9,0,0,0,1,0
32.75523352026373,1,22.8509403858431,2,3,1,2,0,0,0,0,0
42.73476405092299,1,27.634642655205326,1,1,2,8,0,0,1,0,0
37.99254464790469,1,25.504044271296866,1,2,0,5,0,0,0,0,0
48.81281482168095,0,19.143658949206923,2,0,2,7,0,0,0,0,0
43.919537525056555,1,26.268622515520963,2,1,0,6,0,2,0,0,0
30.59492618699877,0,15.0,0,0,0,2,0,0,0,0,0
85.33885345854222,0,27.069295998388927,1,1,0,4,2,1,0,1,1
73.78811096543846,0,17.953215715817393,1,1,2,9,0,0,0,0,0
43.314708677200215,1,24.51972456914962,0,1,2,7,2,0,0,0,0
59.08632094980415,1,19.026861984019057,2,0,2,1,0,0,0,0,0
61.261976347319425,1,25.014115997665485,1,0,1,4,0,0,0,0,0
72.86628782160216,1,27.89139259638111,0,1,1,10,0,0,0,0,0
42.72092460009882,0,32.514135426247904,2,1,0,3,0,0,0,0,0
71.38160175973638,1,17.29321172494261,0,1,2,1,0,1,0,0,0
46.78142043689597,1,29.877364778355677,0,0,0,5,0,0,0,0,0
34.9620639374708,1,25.65576352688736,1,2,1,9,0,0,0,0,0
65.86204838971746,0,22.746664235876878,0,0,0,4,0,0,0,0,0
74.36137636183642,1,28.799282525297297,2,2,2,2,0,0,0,1,1
90.0,1,23.820375744573965,0,0,2,7,1,0,0,1,1
37.004121023646796,1,28.587652582003397,0,1,2,8,0,0,0,1,0
65.48379527621184,0,20.038651434360027,0,1,0,2,0,0,0,0,0
48.85298134309701,1,21.83501483851854,2,2,2,10,0,0,0,1,0
66.75038065786048,1,29.718000263972996,0,1,2,9,1,1,1,0,1
32.942656731531244,0,32.42700261785211,1,0,0,10,0,0,0,0,0
36.05845336452154,0,24.824840504235752,2,2,1,8,2,0,0,0,0
43.36187765250274,0,15.0,2,1,0,4,0,1,0,1,0
56.184460685021264,1,24.004753586957726,2,2,2,4,0,0,0,0,0
45.38378100192467,0,25.16213058911215,1,2,1,5,1,0,0,1,0
64.88581515870129,0,23.83613311653414,1,1,1,1,1,0,0,0,0
70.40341927386872,1,26.681692808327654,1,3,0,7,1,1,0,0,1
63.99366311868034,1,22.61545036201339,2,1,1,4,0,0,0,1,0
79.28181459491302,0,29.194354303390135,2,1,0,1,2,1,0,0,1
61.23739944183014,0,19.16643363634479,2,1,3,4,0,1,0,1,0
36.74654934489749,1,31.184243536770705,2,1,0,4,0,0,1,1,0
75.45064770307509,1,32.75039411980546,0,1,0,1,0,2,0,0,1
45.92265646591004,0,20.43470130969846,2,2,2,9,0,0,0,0,0
68.65627749528355,1,20.432000871984688,2,1,3,8,0,1,0,2,0
78.60601324832659,0,27.05347656888764,2,1,3,9,0,0,0,0,0
61.85032016095599,1,19.063897951285554,2,1,0,7,0,0,0,0,0
32.55761780253025,0,22.5369856444884,1,0,1,5,0,0,0,0,0
41.22681750235313,0,30.512634782280074,1,0,2,7,0,0,0,1,0
74.84116700327704,0,28.688033822384813,0,0,0,2,0,1,0,0,1
52.463159715357754,0,34.900981708447944,1,1,2,10,0,0,0,0,0
56.193603024132486,1,25.85392073800104,1,2,1,7,0,0,0,0,0
66.38236624245414,1,21.94580998860907,2,1,2,4,0,0,0,1,0
65.44484293120485,1,25.256217558265103,2,3,3,5,0,0,0,1,1
59.18199718578191,0,24.247058302956827,2,0,1,7,2,1,0,0,0
51.86997443169301,0,24.317214453984324,0,2,2,2,0,0,1,1,0
50.30997331401464,0,24.880981459521337,1,1,1,5,0,2,0,0,0
67.86848237937015,0,20.341166455768818,1,0,1,2,0,0,0,0,0
63.3035429660169,1,26.411088774853216,0,2,2,10,0,0,0,0,0
51.140499990733154,0,17.956683661207045,0,0,3,6,0,0,0,0,0
71.23168469489711,1,21.41586696045943,2,0,3,10,0,0,0,1,0
53.06448827305324,1,24.405606184300915,0,1,2,8,1,0,0,1,0
42.2250673849841,0,15.0,0,2,1,7,0,0,0,1,0
43.615439516449825,1,28.844957681724587,1,1,1,5,1,0,0,0,0
40.31888745535351,0,15.0,2,0,2,3,0,0,0,1,0
50.91384975094469,0,28.34793845449089,2,0,1,4,1,0,0,0,0
73.50586417504289,1,18.53595355035919,2,0,2,2,2,1,0,2,1
42.92357228454237,0,22.975406546482503,2,0,2,6,0,0,0,0,0
57.827136415271546,0,27.595653234747147,1,2,2,8,1,0,0,1,0
45.149659815588805,1,35.990697597397414,2,3,0,8,0,0,0,1,0
51.09536438092844,0,25.582259888536747,1,3,2,9,1,0,0,0,0
32.34938182022122,1,15.08686835900246,0,2,2,5,0,0,0,0,0
51.691926562651936,0,29.76847566317887,1,2,0,10,2,0,0,0,0
52.09441930292557,0,23.84040797570491,2,2,1,6,1,0,0,2,1
63.10431916053543,1,25.349533272294117,2,3,2,2,1,0,0,1,1
58.34921369883056,1,27.78931514943807,0,2,3,10,0,0,0,1,0
37.02411812571932,0,15.0,1,1,0,4,0,0,1,1,0
71.26297366065315,0,25.03268423867598,2,1,0,3,0,0,0,0,1
58.15454560332993,1,22.951530550236523,0,1,0,9,1,1,0,0,0
57.9759027576623,0,31.109174530027595,2,1,3,6,1,0,0,0,0
54.86226469922292,1,28.635568816693713,1,1,2,6,0,0,0,0,0
47.23363829166671,1,16.864990386092263,0,2,2,4,0,0,0,0,0
58.26703509623089,1,31.313129261745242,1,1,0,6,0,0,1,1,1
62.13382653892874,1,27.247625440801055,1,0,1,1,0,0,0,0,0
28.796564629816675,1,17.26379201273391,2,0,2,9,0,0,0,0,0
46.91858743980856,1,25.278765517463864,2,2,3,3,0,0,0,0,0
51.17579544394616,1,30.174130569279278,1,1,1,5,0,0,0,1,0
58.84255908541417,1,18.929780637133028,2,1,3,7,0,0,0,0,0
72.89966508890689,0,31.887886679227087,2,2,0,2,2,1,0,2,1
43.423887781048265,0,17.436856129362372,0,0,1,4,0,0,0,0,0
47.53057229773237,1,21.04386411676508,1,1,3,6,1,0,1,2,0
47.31198834030175,1,20.28564582305154,1,0,2,1,2,1,1,2,1
42.97708614843188,0,31.88466865794331,0,2,3,6,0,0,0,0,0
49.79220257331606,0,22.544919317254017,0,2,3,5,0,0,0,1,0
66.56203329981957,1,19.18591498669501,2,1,2,2,0,0,0,0,0
39.19246756953481,1,27.22605439457031,1,3,1,6,0,1,0,0,0
61.41721592729355,0,28.305904952963594,0,3,2,5,1,0,0,2,1
29.471466549724965,1,28.337680473970657,0,2,2,1,2,0,0,1,0
46.57993005336691,1,23.64330417386995,0,2,2,6,1,0,1,0,0
50.05766049673021,1,26.27267150518474,1,2,2,7,0,0,0,0,0
80.12289509371098,1,21.74883456885357,0,1,3,9,0,0,0,0,0
50.87796542870968,0,33.37400838967865,0,1,3,2,0,0,0,1,0
21.981347898236223,1,30.72102579328966,0,0,2,6,0,0,0,0,0
25.016666397081252,1,30.414784145203377,1,0,2,6,0,0,0,0,0
55.51044379520022,1,28.97057967286773,0,2,2,1,0,0,0,0,0
64.20656283684863,0,27.598666529975006,0,0,1,8,0,0,0,1,0
60.631837864408794,0,18.77818757925106,0,1,3,5,1,0,1,1,0
57.51355158701485,0,28.16650618127824,0,0,2,2,2,0,0,2,0
72.433893962585,0,25.5713261503166,0,1,3,5,0,1,0,1,0
46.90613168894303,1,31.316820424754596,1,1,2,4,0,2,0,1,1
68.42365834040238,1,29.03709591191214,1,2,2,7,2,0,0,0,1
30.51977672460374,1,27.751902350765107,0,3,2,10,0,0,0,1,0
41.42578250592901,1,16.57887601234922,2,3,2,8,0,2,0,2,0
27.894379076022755,0,24.554997316957646,1,1,1,1,0,0,0,1,0
50.877320489953114,1,22.21053870048172,0,3,1,1,0,0,0,0,0
54.30608174100486,1,26.261829620915368,0,1,1,8,0,2,0,1,0
56.7115223833978,1,22.92225864278678,2,1,1,4,2,0,0,1,1
55.92825029330703,1,23.62027111953347,2,0,1,8,1,0,0,1,0
41.08670003782408,1,27.29516952453352,0,2,1,7,0,0,0,0,0
52.14638733380176,1,22.83930943215612,0,0,3,9,0,0,0,0,0
32.53829997091377,0,25.607957697870063,1,1,3,7,0,2,0,2,0
75.44843462698375,1,17.402940545628468,1,2,2,4,0,2,0,2,1
50.44560890652998,1,20.837992616199706,1,1,0,5,0,0,0,2,0
47.66670821434463,0,28.280217836014803,1,0,1,7,0,0,0,2,0
78.83410492666124,1,18.849039416517627,0,1,2,2,1,0,0,0,0
36.366301996761564,1,31.228625388014986,0,2,1,3,0,1,0,1,0
38.11619328952047,1,29.871996776506606,1,0,1,3,0,0,0,1,0
38.55669512697152,1,23.658850323301067,2,2,1,9,1,0,0,0,0
53.98192927450777,1,39.99367052751232,0,2,1,2,0,0,0,0,1
61.47447444456396,0,31.215517889241468,2,3,1,4,1,0,0,0,1
66.09513202176751,0,20.253602466471325,1,1,1,8,0,1,0,0,0
90.0,1,28.73087026850024,0,0,3,1,1,0,0,0,1
21.258513186988544,1,25.329315331598785,2,1,2,9,0,0,0,0,0
64.13103383686625,1,21.116439545702946,1,1,0,6,0,0,0,0,0
46.64304141141653,0,19.650454284168955,1,2,1,4,0,0,0,1,0
46.2037727666684,0,29.974466674441896,1,3,2,5,0,0,0,0,0
45.70341807619184,1,22.01027267687933,0,3,0,7,0,1,0,1,0
41.3684549378804,0,24.49061822481474,1,1,2,8,2,1,0,2,0
80.26787251905178,1,20.394870358867358,1,1,1,5,0,0,0,1,1
67.63445990520854,1,21.259210313507047,0,0,1,7,0,1,0,0,0
55.347939678360625,1,24.36535399964264,1,1,1,3,1,0,0,0,0
75.265236287305,0,26.940911463620758,0,3,1,2,1,1,0,1,1
32.31206552051687,1,15.0,0,1,3,2,0,0,1,0,0
35.039423030036104,1,25.08459899583375,2,1,2,10,0,0,0,0,0
22.330484017079684,0,21.26939493707482,0,0,3,3,1,0,0,1,0
44.50878189815069,0,32.01181326725113,1,0,2,6,2,0,0,1,0
57.425477900571295,0,39.71376323002718,2,1,2,10,0,0,0,1,0
56.54287866898501,0,23.203604825231423,0,2,1,1,0,1,0,1,0
57.240128665898204,1,16.388857196434028,1,0,2,3,1,0,0,1,0
33.83414753400877,1,25.584384849592833,1,0,3,3,0,0,1,1,0
67.04732113921033,1,23.972853352533974,1,1,0,2,0,0,0,1,1
58.59441277358497,1,34.85675324500645,1,0,1,1,0,0,0,0,0
65.99581422198997,1,33.332946716877714,1,0,0,1,0,0,0,0,1
26.60856733614922,0,29.326874852982822,0,0,3,1,2,0,0,0,0
59.67236288196685,1,22.066529593936707,0,1,2,8,0,1,0,1,0
37.1835214012371,1,28.38883283090402,2,1,3,6,0,1,0,0,0
49.04015121172957,1,26.32503179534152,0,3,0,9,0,0,0,2,0
63.01547347954575,1,26.206616016496955,2,1,3,3,0,0,0,1,0
56.366404093838696,1,17.208850757160647,2,1,0,7,0,0,0,0,0
42.22690030331022,1,30.30897669226823,0,0,1,6,1,1,0,2,0
55.094097342766275,1,25.539041641556175,0,2,0,9,0,2,0,2,0
32.026970271345355,0,24.495793262277125,0,1,0,9,0,0,0,1,0
72.25401093847444,1,21.999217524955863,1,0,0,9,0,0,0,1,0
51.92073970755623,1,21.031917501733112,2,1,1,7,0,0,1,0,0
71.77824916382988,0,26.58629290639491,0,0,2,9,1,0,0,0,0
47.10202469355936,0,16.25418599070959,0,1,3,7,0,1,0,1,0
47.14636017390126,1,28.947493798250214,0,1,2,9,0,0,0,1,0
43.5371982004323,0,19.729472815021573,0,1,0,2,0,2,1,0,0
68.14260897539613,0,15.0,1,3,0,2,0,0,0,0,0
44.358532640072866,1,34.109476579630105,1,3,1,7,1,0,0,1,0
64.66893148622765,1,20.709564753272108,0,2,2,10,0,1,0,1,0
49.26321403496065,1,21.38920419239152,1,2,2,6,0,0,0,1,0
25.360550501625706,0,30.672691655040374,0,0,2,6,0,0,0,0,0
46.44528898320301,0,34.272154502583206,0,1,0,5,0,0,0,0,0
37.31337678455728,0,17.33499210698285,0,0,1,1,2,0,0,0,0
55.50854085523506,0,20.21915969874665,1,0,2,7,0,0,0,0,0
37.14388396488265,0,20.586605889197017,1,1,2,2,0,0,0,1,0
68.88962651071925,1,29.67400831347827,0,2,0,8,0,0,0,1,0
53.63386209470459,1,33.19566063964767,0,1,0,10,0,2,0,2,1
52.336060078618914,0,19.598737192109606,0,1,3,7,0,0,0,0,0
64.83838206681374,0,32.0737266898411,0,1,2,2,1,1,0,1,1
69.45860401113794,1,21.45482944235649,1,1,2,2,0,2,0,0,1
54.69851872345522,1,26.68061451472786,0,2,1,10,0,0,0,0,0
43.43199550676064,0,18.64273150286091,1,1,2,8,0,0,0,2,0
28.39045575831806,1,24.39034793209001,0,3,1,5,1,1,0,0,0
44.7092536444723,0,24.44443642963642,1,0,1,8,0,1,0,0,0
45.741816300280576,0,23.424208468423632,2,3,1,1,0,0,0,0,0
56.605861794884454,0,26.924854906598487,1,0,1,9,0,1,0,2,0
49.82279678292959,1,19.964845675737372,0,1,1,8,0,0,0,0,0
65.31899458077142,0,20.58138350906579,0,3,1,6,0,0,0,0,0
45.80525093093966,0,27.189360724746777,0,1,2,8,1,1,0,0,0
54.144382497205875,0,31.710176654878644,1,1,1,1,0,0,0,0,0
72.75981164795334,1,24.885931529760384,0,1,1,8,2,0,1,1,1
60.1273782093245,0,27.518353867310864,0,0,2,1,0,0,0,0,0
54.09943687467153,0,28.7904000514867,2,0,2,4,0,0,0,1,0
45.97083337097234,0,29.152525943167458,0,0,3,10,0,0,0,0,0
45.50152904927535,0,20.23237637081681,2,0,2,3,0,0,0,0,0
42.240801205720786,1,21.11494884897548,2,3,1,3,0,0,0,0,0
46.884897013256506,0,21.549627030282327,2,2,3,10,0,0,0,0,0
66.33498758116471,0,34.643169004469826,2,1,1,9,0,0,0,0,1
51.67167593061597,1,27.540964695859522,0,2,2,8,0,0,1,0,0
34.753403959281535,0,27.316578601925084,0,0,0,10,0,0,0,0,0
81.52253939589676,0,26.831178765918693,0,0,2,8,0,0,0,0,0
59.799477867177444,0,18.396032981902504,0,2,3,7,0,0,0,1,0
33.89584899230246,1,34.690952353885194,0,1,2,8,0,0,0,0,0
48.372266091387644,1,27.3959376539348,2,0,1,8,0,0,0,0,0
56.66329574242627,1,28.615800563274764,0,2,3,10,0,0,0,0,0
80.56888139946065,1,16.17239355542099,0,3,0,6,0,0,0,0,0
38.378313126116964,1,28.89821926180759,1,1,1,8,1,0,0,0,0
69.6406107903392,1,23.218937749361867,0,0,3,2,0,0,0,1,0
75.99229640458515,1,18.386085126368812,0,1,2,7,0,0,0,2,0
45.57018542388145,0,20.231181670641014,0,1,2,3,0,0,0,1,0
50.837295717096495,0,18.675528957733167,2,2,2,8,0,0,0,0,0
39.455361289393444,1,18.591079024426946,1,2,1,5,0,0,0,0,0
51.94808288379543,1,25.30273910182105,1,3,0,5,0,0,0,0,0
54.451150384856035,0,23.066186056341746,0,2,1,3,1,0,0,0,0
64.89474997123556,1,26.670346810806937,2,1,1,1,0,0,0,0,1
71.3527520653067,0,33.37987935534002,0,1,1,2,0,2,0,0,1
43.7785590306753,0,24.352481431863314,2,1,1,2,0,0,0,1,0
25.490124036610084,0,15.0,2,1,2,7,0,1,0,0,0
54.681328310856365,1,23.790208942260918,1,0,0,2,0,0,0,0,0
59.403062949529605,0,30.96697218198936,1,1,0,7,0,1,0,0,0
58.741265315275626,1,24.57030263751585,0,0,1,1,0,0,0,0,0
50.09990128736434,1,32.64665326845851,0,2,1,2,2,0,0,1,1
56.87128149495902,1,27.264707965689094,2,1,1,7,1,0,0,1,0
77.73167212528372,0,15.808651328013054,0,2,2,7,2,1,0,1,0
60.726012534437636,1,25.547911252191792,2,1,1,2,1,0,0,0,0
49.399473624953735,0,26.485006471323643,1,2,0,10,0,0,0,0,0
47.49703274356006,0,30.40177900636822,1,0,3,7,0,0,0,2,0
52.45221463483404,1,34.09818285805784,1,2,1,9,0,0,1,1,1
79.5510994274596,0,29.538627598543496,0,0,3,8,0,1,0,0,0
52.25048935710704,0,27.202398986936085,0,1,3,6,0,0,0,0,0
54.70308483218938,0,28.380941357891732,0,0,2,4,0,0,0,0,0
47.765296435955456,1,24.159965967752164,0,1,2,3,0,0,0,0,0
71.48475036162947,0,17.685610815962853,2,2,2,8,0,0,0,1,0
84.39755882117012,1,25.207480431114302,0,2,3,3,0,1,0,0,1
61.759195741470826,1,26.82645163729453,1,0,2,5,0,0,0,0,0
56.24159355678139,1,18.981711870440385,0,1,0,3,0,0,0,1,0
55.551742497613525,1,31.63310819749971,2,2,0,9,2,0,0,1,1
20.0,0,30.027055077412157,1,1,0,7,2,0,0,1,0
66.17726296427226,0,18.141192923560652,1,0,0,3,0,0,0,1,0
57.012496239937654,0,31.829161443949374,2,1,0,10,0,0,0,0,0
61.42513075991087,0,23.458428153950763,2,1,2,7,0,2,0,1,1
44.328067088744426,1,21.10754217440826,1,0,2,4,0,1,0,0,0
49.23314681534362,0,30.39638846373263,2,1,2,1,0,0,0,1,0
48.834625952452406,0,24.74472793619971,1,1,1,4,1,0,0,1,0
70.32434476109559,1,34.49592660418435,2,0,0,10,0,1,1,1,1
49.3186024509536,1,20.735559780566245,1,1,2,8,0,0,0,1,0
86.23990483164697,1,16.341712380136727,0,2,1,6,0,0,1,0,1
61.46293628522556,1,23.597808594169294,2,1,2,1,0,0,0,0,0
35.864760100064025,1,28.946112495302366,0,0,1,1,1,0,0,0,0
53.071805601220646,1,20.364285072322282,0,2,2,4,0,0,0,0,0
45.22487316765377,0,18.349498086000605,0,0,2,6,1,0,0,0,0
22.08426295269964,1,26.14463701351377,0,2,2,4,0,0,0,1,0
78.99206410170684,1,17.681563949162417,0,3,0,9,1,0,1,0,1
65.54713813330005,0,26.533463498067068,1,3,3,2,0,0,0,0,0
62.99810976848969,0,23.296884743859113,2,1,1,6,1,0,0,0,0
57.481054904495565,1,27.472332441761868,0,1,0,7,0,0,0,2,0
34.269736469613434,1,18.08085598037699,2,2,2,4,0,0,0,0,0
47.74574290666845,0,31.49081575721952,0,0,1,5,0,0,0,0,0
67.6267116217602,0,24.08482757503155,0,0,0,5,0,0,0,0,0
39.23169955326246,1,28.817613339524115,1,1,2,2,1,0,1,1,0
20.0,1,29.799377306424446,2,2,1,5,0,0,0,1,0
51.59340988328611,0,19.21277523817022,0,1,2,10,1,0,0,1,0
52.873636689586924,0,29.41128754804038,0,1,2,5,0,0,0,0,0
57.033451246220636,1,17.87466612427837,0,1,0,5,1,0,0,0,0
65.92777965271804,0,18.149311286200536,2,1,2,4,0,1,0,2,0
64.56408718346813,1,34.81999617994217,0,0,1,10,0,0,0,0,0
58.881547078658826,0,30.559266843983124,1,1,2,4,0,0,0,2,1
72.93297082130064,0,35.36832087716878,2,1,0,7,1,0,0,2,1
32.21545328780028,0,23.148929846960446,1,1,2,6,0,1,0,0,0
62.568727217160856,0,25.51214332039004,2,2,2,8,1,1,0,0,1
64.39807545005414,0,27.636773733761817,2,1,3,1,2,0,0,0,1
36.40656570879641,0,24.93902216703053,1,3,1,10,0,0,0,1,0
32.45694086976416,1,21.26931989652048,1,1,0,2,2,0,0,1,0
43.81086810286598,0,20.519576510599755,0,1,1,2,2,0,0,0,0
45.07687836227062,1,26.069311164144747,2,2,0,2,0,1,0,1,0
66.30129195253646,0,19.665700791688476,0,2,1,3,0,1,0,0,0
45.78191824463357,1,19.52568253816574,2,1,3,6,0,0,0,0,0
42.15477222578194,0,26.967860055772963,0,0,0,3,0,1,0,0,0
45.82549394958161,0,24.524203242571925,0,1,1,7,0,0,0,1,0
71.77948501231317,1,29.686031352908426,0,0,2,3,1,1,0,1,1
55.19565061565428,1,22.87544294958579,1,0,0,6,0,0,0,0,0
52.31123461964632,1,22.093720250122324,0,1,1,2,0,1,1,0,0
53.34991751948423,1,27.117766980177354,0,2,3,2,0,0,0,0,0
74.38090501489785,1,20.939875627230865,0,1,1,3,0,1,0,2,1
43.76242410095137,0,21.709361372216573,0,0,2,8,2,1,0,1,0
74.73262436410155,1,21.907728048102925,1,0,0,9,0,0,0,0,0
58.15744448382255,1,23.951489468522237,0,1,2,2,1,0,0,0,0
52.593709270369786,1,33.86218271647951,0,2,1,7,0,0,0,1,0
90.0,1,18.116055875214215,1,2,1,1,1,0,0,0,1
39.165407653021056,0,31.477537910587294,2,3,0,4,1,0,0,1,0
49.69471360649491,0,28.688933781449585,1,2,0,6,0,0,0,0,0
36.51353141254,1,32.83489423684996,2,1,3,7,1,0,0,0,0
69.28692955804254,1,40.0,0,2,1,3,2,0,0,0,1
80.33783400477519,1,32.157265103939274,2,0,2,3,0,0,0,0,1
80.04884172106958,1,29.628334739539305,1,0,3,5,0,0,0,0,0
73.35923129719006,0,18.437518241874912,1,0,1,3,2,0,0,0,0
52.035692983060514,0,19.068888692444787,1,0,3,9,1,0,0,0,0
49.521385337652305,0,26.800950921826107,0,0,2,2,0,0,0,1,0
29.932453412589023,1,16.509619260402175,0,2,2,10,0,0,0,2,0
85.53810302772689,1,28.077196256456098,1,1,3,7,0,0,0,1,1
62.034671172227014,0,15.0,0,2,0,7,0,0,0,1,0
47.620646426957755,1,30.761166927823076,1,3,1,3,0,0,0,0,0
74.92085333480452,0,23.391498440332008,2,3,0,8,2,0,0,0,1
40.40853224859999,0,25.632984727350944,0,3,3,3,1,1,0,1,0
61.099330513340114,1,21.25813851789759,0,2,0,5,0,0,0,0,0
52.41056298563748,0,15.507367948887138,0,1,3,1,0,0,0,0,0
64.58015709820451,1,31.17347639597131,0,1,0,10,0,0,0,0,0
54.04639691220818,1,31.67850697477357,0,2,2,4,0,0,0,1,0
33.23608163333164,1,23.24256117398151,0,2,2,2,0,0,0,2,0
56.13364559005057,0,28.30964782367004,0,3,3,5,0,0,1,1,0
70.73296212813042,0,23.045542898947982,0,2,1,4,1,0,0,2,1
54.56175391219022,1,26.44244922133123,0,1,1,4,0,0,0,0,0
66.6267268238363,1,28.79569599460055,2,3,3,4,0,1,0,0,1
39.3170577148892,1,27.775424622869366,2,3,3,5,0,2,0,0,0
54.60608810095222,0,31.704848067046726,0,1,0,9,2,0,0,1,0
45.63234317367134,0,27.59440337852668,0,1,2,9,0,2,0,0,0
66.20471260157065,1,25.140423085192978,1,2,1,4,0,0,0,1,0
55.47237343392994,1,21.192905160612888,0,1,2,9,1,0,0,1,0
65.35110514504919,0,22.607473098380396,1,2,2,8,0,1,0,1,0
71.315656392368,0,29.050256983625083,0,0,2,5,0,2,0,1,0
65.37427862682082,1,17.490867405429405,0,1,1,8,0,2,0,1,0
59.09677651440467,0,30.529036517063982,2,1,0,7,0,0,0,1,0
40.026816122328924,0,23.594281369927334,2,1,2,2,0,0,0,2,0
54.95820833999648,0,20.90697047796055,2,0,2,10,0,0,0,0,0
47.00364396976251,0,19.506379116092663,0,0,3,8,0,0,0,0,0
49.8390406494366,1,28.371838928241935,2,3,1,9,0,0,0,1,0
49.38198773874624,0,24.92679323098341,1,1,1,2,0,0,0,0,0
40.30111637826633,0,32.9438261161491,1,1,0,2,0,0,0,0,0
25.639921162990152,0,18.684621747370393,2,2,2,10,0,0,0,1,0
44.9778542750835,0,22.109181884690685,2,1,2,9,0,0,0,1,0
57.90069177886239,1,24.538894209362933,2,2,2,1,0,0,0,0,0
34.77734431858765,0,21.24071628015033,0,1,0,3,0,0,0,1,0
55.235233547074365,1,25.030593320709016,1,2,0,3,0,1,0,0,0
83.50402636466447,0,26.597503832077596,1,1,3,6,0,0,0,1,1
70.34584832878359,0,27.4224211956487,2,3,3,7,0,0,0,1,1
79.65312263680794,0,32.530835654422305,1,1,1,3,2,0,0,1,1
60.866918153990895,0,18.482637856092097,0,1,1,8,1,1,0,1,0
72.51264734479669,1,26.688801599676555,1,3,3,2,0,1,0,0,1
44.14052904298319,0,21.76528590205917,0,2,1,3,0,2,1,0,1
45.334895994670234,1,27.150066900117924,2,2,3,10,0,0,0,0,0
20.0,0,27.156660931765234,0,0,0,2,0,0,0,1,0
72.79218211063449,0,20.065403083838344,1,1,3,2,0,0,1,1,1
78.1048596972983,0,20.494238286829564,2,1,2,6,2,1,0,0,1
46.702341319790946,1,27.558215317347873,1,0,1,3,1,0,0,1,0
51.190724404041475,0,25.117022553720652,2,1,2,3,0,0,0,2,0
43.692068294635575,0,23.901890796341977,2,3,0,9,0,1,0,0,0
60.739803272162376,0,28.289934148874867,0,0,0,1,0,0,0,0,0
71.8739881795486,0,28.658592379310658,1,0,1,9,0,0,0,1,0
28.858420391784385,1,22.351849436491484,1,0,2,2,0,0,0,0,0
61.141577959633786,1,20.7397343117875,1,2,0,2,0,0,0,0,0
50.84992342421282,1,18.690405115811792,1,1,1,5,0,1,0,2,0
56.70091587950034,1,25.167270601007424,1,1,1,6,1,0,0,0,0
61.884910025114365,1,17.884198614257176,0,2,2,8,0,0,0,0,0
52.17696341840768,0,25.49714229114517,1,0,3,1,0,0,0,0,0
53.44619719891329,1,31.084183957122196,0,1,0,5,0,0,0,1,0
51.79187248668042,0,23.23270114856858,0,0,0,10,0,0,0,0,0
69.55474302682423,0,22.318978597299182,1,0,2,8,0,0,0,0,0
61.28139940191245,1,34.989223868135724,1,0,1,2,0,0,0,0,0
58.30875306606041,1,32.54850909593823,0,1,2,10,0,0,0,1,0
35.93572418361576,1,21.17701064722293,2,1,1,9,0,0,0,0,0
49.32130385180269,1,25.695065905294875,0,0,2,10,0,1,0,0,0
68.48003740508761,0,26.643391211740415,2,0,1,4,1,0,0,1,1
55.56544859685884,0,26.01830211363089,0,0,1,7,0,0,1,0,0
64.89297204383708,0,34.07336723856394,0,0,2,1,0,0,0,0,0
81.49767700491451,1,25.436149462097102,2,0,2,2,0,0,1,0,1
70.57909103813225,1,26.186174378155084,1,0,1,1,0,1,0,0,1
56.397375065496135,0,28.44331147573208,0,3,2,8,0,0,0,1,0
47.33516244706409,0,30.949598580238337,0,1,0,1,0,0,0,0,0
20.0,0,29.68449597152053,0,2,2,9,2,0,0,0,0
52.474226162907215,1,27.690423931558197,0,2,1,7,0,0,0,0,0
50.109812562747265,1,17.206500973030458,0,1,0,5,2,0,0,1,0
60.85549291593063,0,22.55931137970787,1,2,3,1,0,0,0,2,0
52.69142159537969,1,29.097106036026354,2,1,1,4,1,0,0,1,0
50.19422410844808,1,26.25199348639653,2,1,2,3,1,0,0,1,0
28.30901604239169,0,29.13064316911476,0,3,3,7,0,0,0,1,0
40.900482562749005,1,34.43583030835624,2,0,2,1,0,1,0,1,0
62.149765612008366,0,19.115183974703378,1,0,2,10,0,0,0,0,0
80.73861446699041,0,30.68955087402292,0,0,1,4,0,0,0,0,0
53.537119243815646,0,23.348182687531846,2,2,3,5,2,0,0,0,0
59.91716610361185,1,29.676749096373662,0,1,0,3,0,0,0,1,0
69.28717235429208,1,24.793896283159413,0,3,3,5,2,0,0,0,1
42.836590956996254,0,35.63502269446498,0,1,2,4,0,0,0,0,0
60.502210649281636,1,25.650434681308692,1,1,2,5,0,1,0,2,0
43.892648405017624,0,21.7974288782201,0,1,1,9,0,0,0,0,0
67.97236657736516,1,27.099373113958837,2,1,0,8,0,0,0,0,0
57.27104571927599,1,26.61971390359135,1,2,1,8,0,0,0,1,0
59.4767772097216,0,30.69048547055224,1,1,2,2,0,0,0,1,0
43.26102103872117,0,27.240263993024627,0,1,2,3,2,2,0,0,0
65.60548539416178,1,37.37532319584652,2,0,2,4,0,0,1,0,1
86.27069381846525,0,24.442979322988638,1,1,3,10,0,0,0,0,0
39.88132456857691,1,24.50190025109763,1,1,3,1,0,0,0,0,0
49.90361488528714,1,21.980569749734727,2,2,1,9,1,1,0,1,0
58.474112112521375,1,25.428341691770886,0,2,0,2,0,0,0,0,0
66.79609317993724,0,26.15529560541477,0,1,1,2,0,1,0,1,1
46.60680572065797,0,26.40605264977939,1,0,3,8,0,0,0,2,0
20.0,0,25.335938377469997,1,2,1,10,0,0,0,1,0
75.38784241246037,1,21.950893916363505,0,0,1,9,0,0,1,0,0
66.40759179376214,0,20.591674359588225,0,1,2,1,0,0,0,0,0
28.855787042700022,0,23.12413137582222,0,0,2,2,0,0,0,0,0
45.88646812330666,1,30.707688301175565,2,1,3,10,1,0,0,0,0
78.52273644290989,1,31.783998427457398,0,1,2,5,0,0,0,1,1
76.71694627686799,0,24.615177317797826,0,1,3,9,1,0,0,0,0
69.07960034018417,1,20.292085167662876,2,3,1,10,1,0,0,1,0
52.35831349060206,1,24.594131948416045,1,1,3,5,0,0,0,0,0
56.24481128218765,0,35.458327176350394,1,1,1,7,0,0,1,1,1
53.0361129231081,0,29.994839176583103,1,1,3,6,0,0,0,1,0
71.92359674903255,1,27.753713457662737,1,0,3,6,1,1,0,1,0
41.86236390257335,1,29.813424585262847,1,2,2,2,0,0,0,0,0
42.91300517673693,0,32.70283305670657,0,2,2,10,1,0,0,0,0
70.15411880254024,0,19.2356689922644,2,1,3,8,0,0,0,0,0
54.334578167326576,0,23.039800656514387,0,1,1,6,0,0,0,2,0
75.67701033180712,1,22.35639183581592,0,1,2,4,1,0,0,0,0
44.92731689529182,0,27.935571985354915,0,2,3,7,0,0,0,0,0
54.178324594917626,0,25.800554453197986,2,2,2,9,0,1,0,2,0
41.1638052273407,1,28.78155645344704,1,1,3,7,0,0,0,0,0
55.11044022135351,1,22.465563250663887,2,3,2,6,0,1,0,0,0
32.82179594501802,1,31.85976025339578,1,1,2,2,0,0,1,0,0
47.685498685675554,0,24.65333145925349,0,0,0,3,0,1,0,0,0
33.456192026078234,0,28.472727759790914,0,1,1,7,1,0,0,0,0
65.40884849786887,0,30.977032494614697,1,1,2,1,0,0,0,0,0
65.74884009639477,1,30.57562157747484,0,0,1,1,0,0,0,1,1
29.046059042734825,1,26.804142042008984,0,1,1,3,0,0,0,0,0
75.00828618250858,0,29.096734531912727,2,1,3,5,1,0,0,2,1
90.0,0,33.708303319861436,2,2,2,3,0,0,0,1,1
55.69009580104512,1,27.568006169873478,0,2,0,9,1,0,0,1,0
45.38328609663033,1,21.3517679896921,2,2,1,7,0,0,0,0,0
90.0,0,27.915253654819423,1,0,2,2,0,0,0,0,1
35.21547252546234,1,24.81359390990205,0,1,3,10,0,2,0,0,0
55.30159700303648,1,15.0,0,1,2,10,0,0,0,1,0
57.69433408947885,1,27.309990118515465,0,1,2,3,2,0,0,0,0
75.17721430678623,1,25.583253250078034,0,0,1,3,0,1,1,0,1
60.396084626901825,1,30.782088857487192,0,0,3,9,1,0,0,0,0
47.52049156317323,1,21.24953171255847,2,0,2,7,0,0,0,0,0
40.73223444418066,1,17.471451688103464,1,2,1,3,0,0,0,0,0
49.872672696307966,0,25.843404297052547,2,0,1,1,0,0,0,0,0
39.896089585822835,0,26.90088693802723,0,0,1,4,0,0,0,0,0
55.717379796770246,1,25.469164726927843,0,0,3,5,0,0,0,0,0
46.537057302092705,1,25.103543418427016,2,2,2,9,0,0,0,1,0
32.589433100653736,1,19.65636522896837,1,0,1,4,0,0,0,0,0
73.82718682562356,0,24.305414315125383,2,0,0,10,0,1,0,0,0
47.53491214856441,1,23.257970852477925,0,1,0,2,0,0,0,1,0
35.977947925370316,0,30.363543703837202,2,1,1,1,0,1,0,0,0
52.47611298268688,1,26.89662682015307,1,1,1,5,2,0,0,0,0
56.02557348951488,0,23.610014391274024,0,2,1,3,1,0,0,0,0
28.802999116314496,0,33.61942438211383,1,0,3,9,1,0,0,0,0
59.97471500688644,0,23.655461618924953,2,0,3,3,0,1,0,0,0
39.292636469646034,1,27.788933619430814,0,0,1,3,0,0,0,0,0
80.66543213786181,0,24.16539333205359,2,2,1,2,0,2,0,0,1
62.85940768115102,0,33.15576257514002,1,0,2,3,1,0,0,1,1
49.00150014836025,0,25.434298879068056,0,3,1,9,0,0,0,0,0
43.82248344523974,0,25.58207113945337,0,2,1,7,0,0,0,1,0
53.42548438654564,1,24.300648206136433,0,1,0,2,2,0,0,2,0
64.19186112374935,0,25.982559630006072,0,2,1,3,0,0,0,0,0
54.617588071222,0,30.997689193239545,1,1,0,8,1,0,0,0,0
51.74261789294715,1,29.22921922342344,2,1,3,10,0,0,0,0,0
55.87555436226843,1,25.140380905580855,1,1,1,8,0,0,0,1,0
45.94211603144568,1,33.506625532283266,1,1,0,10,0,0,0,0,0
49.85191109735443,1,29.364928206712847,0,0,0,1,1,1,0,1,0
23.71311341642494,1,22.809094404013255,2,1,1,1,1,0,0,0,0
69.60589346278552,0,18.09825823133031,0,2,2,8,0,0,0,0,0
59.48196670482643,1,22.92493099101715,0,1,2,8,1,0,0,0,0
43.39816233949855,1,27.066743892751266,1,3,1,2,0,0,0,0,0
83.48102472032858,1,27.986001853157134,2,0,3,8,0,0,0,1,0
56.3052472058858,1,31.795688416510096,2,3,2,1,2,0,0,1,1
39.45784642037205,1,19.527270124405,2,1,3,5,0,0,0,2,0
67.85106132205688,0,22.80422333026595,2,1,1,10,1,0,0,0,0
60.97072324763894,0,19.111786650627437,1,2,1,5,0,0,0,0,0
60.91869978226329,1,18.306003942102773,0,2,2,8,2,0,0,2,0
48.61366593022614,1,21.860906270233407,1,1,1,8,0,0,0,0,0
61.75743585667052,0,26.833061221470103,0,2,1,10,0,0,0,0,0
51.07362564668358,1,28.85697217445158,0,0,3,4,0,0,0,1,0
63.339121774687634,1,20.258229466891628,0,1,3,2,0,0,0,0,0
26.425833189840418,0,20.953620403063802,0,3,1,6,0,0,0,1,0
48.49189805531216,1,16.10088412338283,1,0,3,4,0,1,0,1,0
80.83232646712293,1,26.071761041384978,0,0,2,2,0,0,0,0,0
43.49398816899549,0,21.33930549014631,0,1,0,9,1,0,0,1,0
45.942425537602205,1,33.31515689105924,2,1,1,9,1,0,0,0,0
48.28057992325037,0,27.049043998247974,1,1,0,7,1,0,1,1,1
36.77790796167035,0,24.142771282716126,2,1,0,2,0,0,0,0,0
21.875788356576216,0,21.79443786227774,1,1,0,3,0,0,0,0,0
51.541204022145806,1,17.526648899028853,0,1,1,9,0,0,0,0,0
57.03789136122485,0,18.160641115272846,0,1,1,8,0,0,0,0,0
54.21242397192022,0,21.889295227139325,1,3,0,10,0,0,0,2,0
52.826821570781696,1,21.505485589878475,2,3,1,2,0,0,0,0,0
55.645613062755814,0,20.004140785770026,0,2,1,5,0,0,0,2,0
70.34262207326147,1,26.88547363721172,2,0,1,2,0,0,1,0,1
52.143307211061746,1,27.571327962074296,1,1,0,1,1,0,0,1,1
46.38876134369096,1,22.70683801349136,0,2,2,9,2,1,1,0,0
50.783117726678704,1,34.675761341326584,1,1,0,7,1,0,0,0,0
63.69020139635164,0,16.26635316741954,1,3,1,4,1,1,0,0,0
76.18040317814874,0,25.290819494861317,0,1,3,3,0,0,0,0,0
45.57784391246233,1,23.907098979560374,0,2,1,3,0,0,0,0,0
56.48400680543325,1,22.24649559016372,2,0,1,7,0,0,0,0,0
60.07536162903939,0,21.511685769934704,1,1,0,10,0,0,0,1,0
40.111329899067655,1,24.96520058543821,0,2,2,9,0,0,0,1,0
55.306257508193774,0,23.872360863391357,2,2,3,7,0,0,0,0,0
33.01489213986858,1,23.040617364437203,0,1,1,2,0,1,0,2,0
28.464245443909018,1,18.506401825053125,0,0,1,6,1,1,0,0,0
60.50119611838385,1,16.909440910947506,0,2,2,8,0,0,0,0,0
49.24187888003826,1,23.55741762402217,2,1,0,7,0,0,0,2,0
58.03420611431829,1,22.989519477517348,1,0,3,2,1,1,0,0,0
54.73157534487475,0,24.014815698615863,1,1,1,7,0,0,0,0,0
40.35399927004304,1,24.456891010552457,2,1,0,9,2,1,0,0,0
54.32118547053495,1,22.38748829058591,2,1,1,3,0,0,0,1,0
36.50348042477717,1,23.937962880908973,0,2,1,3,1,2,0,1,0
75.86458537002102,1,20.732358459482526,2,1,1,5,2,0,0,0,1
34.66044482710054,0,32.61972904581641,2,1,2,9,0,0,0,1,0
52.06322093547128,1,21.001299259250157,0,0,1,1,0,0,0,0,0
39.36592617929127,1,23.145096452673297,0,1,1,7,1,0,0,0,0
63.55631760041193,0,21.381056054430598,2,0,1,7,2,0,0,1,1
50.02852943077745,0,21.297092298975485,0,0,2,4,0,0,0,0,0
47.219999205681845,1,25.123207833189735,0,0,1,6,0,1,1,0,0
67.79802317577332,0,24.48882895058494,2,0,0,1,1,0,0,1,1
55.441458875163285,0,22.70269804812395,2,0,1,10,0,1,0,0,0
62.74966668903951,0,23.58262004222844,0,1,1,4,1,0,0,1,0
40.280110952238026,1,21.400932245033648,1,0,3,3,0,0,0,1,0
33.9277458410874,1,27.0086281886308,1,0,1,5,0,0,0,1,0
56.608119430602,0,35.27596371295357,1,3,1,8,0,0,0,1,0
50.21730466757903,1,20.625793613833906,2,1,3,5,0,0,0,0,0
64.39652008680916,1,26.969816118673023,1,1,1,1,0,0,0,1,1
53.801373210061755,0,25.22474478510355,1,0,2,2,0,1,0,1,0
58.07613008851945,0,28.343148790662948,2,1,2,2,2,0,0,0,1
30.649262050881347,1,28.483964802480358,0,1,1,9,1,0,0,0,0
83.32655409421385,0,26.027063486093304,0,1,1,10,1,0,0,1,1
52.53637022451952,1,24.8008971194245,1,1,3,7,0,0,0,1,0
65.46380455508799,0,22.827749001757766,0,2,1,4,0,1,0,0,0
42.458624946705605,0,21.175198234456822,0,3,1,9,1,0,0,2,0
59.620148533260114,1,24.515771695241078,0,2,1,9,0,0,1,0,0
35.457328547128824,0,18.577055842911598,1,0,1,7,0,1,1,0,0
61.78101757389506,1,22.030720049412658,2,1,1,9,0,0,0,0,0
49.66038873421251,0,30.534268122362842,0,0,0,9,0,0,0,0,0
55.43785755903351,0,25.492561105398455,1,1,0,7,0,0,1,0,0
65.46961045195147,0,29.46332209467775,0,1,2,5,0,0,0,0,0
36.5118953316958,0,32.34821943329212,1,1,1,9,0,2,0,0,0
44.73262404080805,0,24.114852720425915,1,1,0,3,0,0,1,0,0
61.85986421630148,0,26.036629170968208,2,2,0,4,2,0,0,0,1
86.4733221182012,1,23.490770529236222,0,2,0,6,1,2,0,2,1
52.92876498007777,1,20.93697119762197,1,0,1,7,0,0,0,0,0
63.86704176885899,0,20.235158703337977,0,2,1,10,0,1,0,1,0
53.3954279521228,1,29.215751862982458,1,2,0,8,0,1,0,2,0
84.1336839213445,0,26.04313640242824,2,0,2,4,0,0,0,2,1
28.791674995521166,0,34.23301536040526,2,1,0,9,0,0,0,1,0
56.41931567004037,1,29.860260064619453,0,2,0,3,0,0,0,0,0
30.616839496569085,0,21.34393505231816,2,1,3,3,1,0,0,1,0
20.0,0,29.201710901133858,0,1,1,5,0,0,0,0,0
59.46193079676725,0,23.474622304488722,0,1,0,2,0,0,0,0,0
57.092466942211885,1,31.084298545645005,2,3,3,1,0,0,0,2,1
50.72744593386698,1,22.568330613784898,0,3,1,9,1,0,1,0,0
53.407088649403704,0,19.737870198786638,0,0,3,8,0,0,0,1,0
90.0,0,21.02122461469295,0,1,0,3,0,0,0,0,0
51.127372929528484,1,21.27667548792543,0,1,3,5,0,1,0,0,0
62.65186541875112,1,20.79874117690668,0,0,0,8,0,2,0,0,0
45.25952770579178,0,22.136958621974465,2,1,3,2,0,1,0,0,0
59.42848862560905,0,29.28345935162619,1,2,2,7,0,0,1,1,0
51.42649487416574,0,33.98022104133092,1,2,0,9,0,0,0,0,0
48.84222275905405,1,18.349052422232482,0,2,3,4,0,0,1,0,0
82.28347798300487,1,31.317565214165747,1,0,1,2,0,0,0,0,1
72.65777444776509,0,22.611481420127856,2,2,2,9,1,0,0,0,0
57.05119971098846,0,26.73941265601117,2,1,2,10,0,0,0,2,0
20.4368209608405,1,16.729269847133516,2,0,2,1,0,0,0,0,0
49.584861651211455,1,27.62017508672428,1,1,1,6,0,0,0,0,0
90.0,1,15.0,2,2,3,8,0,0,0,0,0
51.54007500040438,0,26.56967536155083,0,1,2,2,1,1,0,0,0
71.54826358080487,1,26.286280235146684,0,3,0,10,0,0,0,0,0
76.62913602928901,1,25.955038171477337,2,1,0,7,1,0,0,0,1
58.28445873783963,0,21.325449246835355,0,1,2,7,0,0,0,1,0
42.37267552197771,1,27.74763337214822,0,0,3,3,0,0,0,0,0
20.0,1,26.955407547083585,2,0,2,10,0,0,0,1,0
65.26244812913431,1,23.9502360817944,2,1,1,4,0,0,0,0,1
42.77865995764678,1,28.35925153587597,0,1,1,8,2,0,0,2,0
57.642256778315385,0,24.521979267172473,2,1,2,6,1,0,0,0,0
36.25269490615953,0,27.64388579454381,2,1,0,2,0,1,0,0,0
51.021436892946966,0,24.37060336302955,2,2,1,6,0,0,0,0,0
55.5057858235158,1,26.083509955547704,1,1,2,7,0,1,0,2,0
59.02890371566447,0,27.873614705376312,2,1,1,8,0,0,0,0,0
38.27766718971378,1,23.010437131909825,2,1,1,8,0,0,0,0,0
72.95366423142028,0,18.830817068729022,1,0,1,8,0,0,0,1,0
46.046578229020426,1,26.38039502774077,1,3,1,8,0,0,0,0,0
29.88295809320132,1,30.946956893064648,1,2,2,6,0,1,0,0,0
53.364648700548045,1,26.49575486478723,1,0,2,1,0,0,0,0,0
55.5156296353969,1,26.59071157348186,2,2,2,4,1,1,0,0,1
57.4088414975764,1,24.789119467516798,0,3,0,2,0,1,0,1,0
75.43198605527618,0,28.695593263866005,0,2,3,10,0,0,0,0,0
51.45326744896211,0,24.070322919310314,2,1,2,7,0,0,0,0,0
53.20570563446843,0,22.73050609436569,0,3,3,1,0,0,0,0,0
38.45223428150359,1,30.52649126437433,1,0,3,5,2,1,0,1,0
67.30830254331846,0,22.34730840853659,0,1,1,10,1,1,0,0,0
57.76463596117155,1,29.447354732258745,1,0,3,8,0,0,0,0,0
48.699584090587564,0,30.529677309788546,2,1,1,4,0,0,0,0,0
26.429879598018044,1,27.834084660310303,2,3,1,7,2,0,0,0,0
76.66618292582632,1,18.753822402136837,0,2,0,5,0,1,1,0,1
36.58480053315914,1,25.135774546112486,2,2,1,1,1,2,0,0,0
46.130829859454415,1,23.990000014706915,0,1,2,2,0,0,0,2,0
60.37516766614005,0,22.520003723323434,1,3,3,5,0,1,0,1,0
37.05163107074971,0,25.713757936732136,1,1,2,7,2,2,0,0,0
32.59735332620285,1,28.846031737487742,2,0,2,7,0,0,0,2,0
23.140786259490028,0,22.70723669934401,0,1,3,9,1,0,0,0,0
65.81495429358453,1,24.14308662863163,1,1,2,3,0,1,0,1,0
46.82220632910517,1,23.794705330840063,0,0,0,4,2,1,0,0,0
90.0,1,30.81935522772156,0,3,3,3,0,0,0,0,1
40.0846740155369,0,23.714496910947066,2,1,2,8,0,0,0,1,0
41.17823464856618,1,18.827971711191275,1,3,2,9,0,0,0,0,0
46.51910544571898,0,17.132825805047432,2,1,2,8,0,0,0,0,0
58.64701982707734,0,26.813647832829847,0,0,0,2,1,2,1,0,1
47.94694991822033,0,21.19659130057049,2,0,0,10,1,0,0,1,0
64.18498321003769,0,28.34362252636239,2,3,1,1,0,1,0,0,1
40.32117415017019,0,18.343900057464342,1,0,1,5,0,0,1,1,0
34.27612422304628,0,22.30543916694696,1,1,3,2,0,0,0,1,0
28.02677890886339,1,18.34715575239926,2,0,2,3,0,0,1,0,0
21.646387480942046,0,27.173053577744618,2,1,0,9,1,0,0,0,0
47.22896470787415,1,28.24423770312325,1,0,1,3,0,2,0,2,1
50.48529531410167,0,26.693125788183,1,0,2,1,1,0,0,0,0
45.52844458775225,0,19.570318397980785,2,2,1,9,0,0,0,0,0
73.65108695780742,1,21.27118127944667,0,1,0,2,1,0,0,0,0
73.42045314412202,1,26.17156994305777,1,1,1,10,0,0,0,0,0
49.97795518833247,0,16.56129295937818,2,2,1,6,1,0,0,2,0
28.091183302120555,0,23.794325278060484,2,2,3,7,0,0,0,2,0
46.49942337917421,0,32.5845267666794,2,1,3,9,1,1,0,1,0
46.002679091244076,0,24.100222254098124,0,2,2,8,0,0,1,0,0
45.14297556582913,1,17.557276804840242,2,3,1,6,1,0,0,1,0
44.534216441526326,1,21.962953761619325,1,1,2,4,1,0,0,0,0
45.198056564127896,0,21.84653837161212,0,2,1,4,1,0,0,0,0
49.2018757615336,1,35.70154389918281,1,2,1,4,0,0,0,1,0
45.46688351776665,0,33.32839540256948,2,2,0,10,0,1,1,0,1
58.12483762938388,1,28.654677170507888,0,1,0,2,0,0,0,0,0
60.405530738572914,1,23.28462034629301,2,3,0,7,0,0,0,1,0
41.34032369226265,1,31.003148304898616,2,0,2,1,0,0,0,2,0
74.0659798901055,0,19.332701804747707,0,3,1,5,1,0,0,0,0
40.29906547239079,1,30.382876576221296,2,0,0,4,0,0,0,0,0
30.732990792769943,0,29.63986768710022,2,1,2,2,0,0,0,0,0
60.711671070475774,1,24.243271326753597,0,2,2,9,2,0,0,1,0
42.7388779837849,0,30.69593156675386,0,0,0,1,1,0,0,0,0
59.81937206136082,0,22.76389435268075,0,0,2,4,1,0,0,0,0
20.0,1,18.674572009508832,0,1,2,6,0,0,0,1,0
75.88683912224602,0,29.889825064999606,2,2,1,4,1,0,0,0,1
65.08440112060603,1,24.573785354302704,0,0,3,10,0,0,0,0,0
32.49285176255498,1,28.00890301649334,2,1,0,10,0,1,0,0,0
32.818343142305714,1,34.10443295779703,2,1,2,4,0,0,1,0,0
80.08398856146292,0,21.388729638018518,0,0,0,2,0,0,0,1,0
43.939301447530625,0,24.283102475800124,1,1,1,10,0,0,0,0,0
42.487227269010646,1,32.84817252288857,1,0,0,9,0,2,0,0,0
21.009218587760756,0,28.343658654276418,1,1,2,9,1,1,0,1,0
49.738326915976685,1,21.50108627897702,0,2,1,1,1,0,0,0,0
51.58420577746371,1,20.22491148230261,0,2,3,1,2,0,1,1,0
65.73239645154229,1,22.35959679948327,0,1,2,8,1,0,0,1,0
34.01382357723287,1,21.30792647598561,0,0,3,9,0,0,0,0,0
32.19569811639086,1,26.186740597447653,2,1,1,3,0,0,0,2,0
61.764439521647155,0,25.392172535988,0,2,1,3,0,2,0,0,1
70.10095106840598,0,26.396188771376757,0,1,1,2,0,0,0,0,0
31.432714733231755,0,20.795935992201088,1,1,3,9,0,0,0,0,0
71.22271129449612,1,24.645830462373723,0,3,1,2,0,0,0,0,1
55.563127622302325,1,15.0,0,1,3,7,1,1,1,0,0
71.37708008611969,1,25.725031586806832,1,2,0,2,1,0,0,0,1
53.94669457723575,1,30.877203224779326,1,1,3,10,0,1,0,1,0
20.0,1,17.8762704532691,0,0,1,10,0,0,1,0,0
52.72048926525942,0,27.417141153237306,1,0,2,6,0,0,0,0,0
70.90215728006905,0,21.944928241197182,1,1,3,3,2,0,0,0,1
41.593809713744285,0,29.012505768466845,1,1,3,1,0,0,1,0,0
49.18052546638822,1,25.793237256061396,2,1,3,6,0,0,0,0,0
52.357997446735325,0,27.023520563302203,0,0,2,2,0,0,0,1,0
20.0,1,25.324119493777204,1,2,3,7,1,0,0,0,0
80.07021363156214,1,31.641659031921762,2,2,2,9,0,0,0,1,1
41.47936480154238,0,26.73705238847551,2,1,3,1,2,0,0,0,0
62.58603148709199,0,21.472881429987744,2,2,2,4,0,2,0,2,1
53.699482957776866,0,25.493575261605017,1,0,2,5,0,0,1,1,0
73.8642858453904,0,23.155594785169754,1,1,2,9,0,0,0,0,0
61.09084183642121,1,25.811999532597945,1,1,2,3,0,0,0,0,0
51.47613592718538,0,22.901151438165936,2,1,1,6,0,0,0,0,0
41.5972736122108,1,21.615946322268428,2,1,2,5,1,0,0,0,0
66.96776052073209,1,25.996361063742228,0,1,1,5,0,0,0,0,0
26.89838044068075,0,25.27894814308277,0,0,2,2,0,0,0,1,0
64.68835630413838,1,30.319779225229237,0,0,2,10,0,1,0,1,0
38.51432872667691,1,22.925220604335934,0,3,3,5,0,0,0,0,0
73.7842549293496,1,15.095730762523464,2,0,2,3,0,2,0,1,1
57.41949313994043,0,23.180646007683436,0,0,2,2,0,0,1,1,0
64.66185651775163,0,16.867846205417116,0,1,1,6,0,0,0,0,0
56.22983220737079,0,27.07835987048288,2,1,3,1,0,0,0,0,0
28.71434357288505,0,16.63051035825606,0,1,0,6,0,1,0,0,0
42.08906254906992,1,20.05814468792949,0,1,3,8,0,0,0,0,0
65.08584006417074,1,23.188327708625685,1,0,2,3,0,0,0,2,0
57.49983726039766,1,32.71975302380572,1,0,0,10,1,0,0,1,0
72.71484857958508,0,19.635549421425413,0,0,3,7,0,0,1,0,0
61.049118445557575,0,25.06202491573293,1,1,1,3,0,0,1,0,1
40.499471639460104,1,27.899882884786294,0,2,0,6,1,0,0,1,0
43.05903793419049,0,32.42030276610349,1,0,1,7,2,2,0,0,1
56.54376085784856,0,28.888973758607047,1,1,3,3,0,1,1,0,1
20.28933900999842,1,30.469534758162325,2,2,2,5,1,0,0,2,0
80.10162828434477,0,29.321535294257707,1,0,3,3,0,0,0,0,0
61.62620104566336,1,18.954385143019305,1,1,1,4,0,0,0,1,0
73.40551895573309,0,26.798460521585234,1,1,0,5,0,0,0,0,1
31.290940887862465,1,29.243304760861115,0,2,2,7,0,0,0,1,0
73.66847740532884,1,20.2174985516299,0,2,1,4,0,0,0,1,0
88.47248366541623,0,22.101200616379888,2,1,2,4,1,0,0,1,1
35.18682466934024,1,20.98403852436472,0,0,2,2,0,0,0,0,0
66.5710269235565,1,28.863114929840165,1,1,1,5,1,1,0,0,1
55.0166491703094,1,24.65359439835434,0,0,0,3,1,0,0,0,0
31.833492276276335,0,23.395770528324515,2,1,1,4,2,0,0,1,0
62.393259577778046,1,18.591650416735064,2,2,0,8,1,0,0,1,0
67.50404807256022,0,24.663028734031037,0,1,3,4,1,0,0,0,0
45.9831017099673,1,22.162058225076255,1,1,3,6,1,0,0,0,0
72.48874780382835,1,26.21669782632081,1,0,3,3,0,0,0,0,0
29.998548898162035,0,19.285164006772746,2,0,0,1,0,0,0,0,0
32.57865780325534,1,25.889531297531004,0,0,0,4,0,1,0,0,0
57.04896093383128,0,22.805246147505898,1,2,2,6,0,0,0,0,0
55.38077916958407,0,18.75351537132427,1,3,2,9,1,1,0,0,0
44.25139767363842,1,18.363579810609266,0,1,3,5,0,0,0,1,0
67.14391653957829,1,19.114898059886528,0,0,3,7,0,0,0,2,0
62.96341471323924,0,23.96800471279729,0,2,0,1,0,0,0,0,0
67.87208606401023,0,25.604977171817502,2,2,3,8,0,1,0,0,0
53.15295346971599,1,26.349118161885904,0,3,0,4,1,0,0,0,0
64.03870401967511,1,26.53776458864224,1,1,3,8,0,0,0,1,0
48.31524545455008,0,21.207383695104,0,1,2,9,1,1,0,1,0
85.80728035129894,0,30.292014540475876,0,1,2,3,0,0,0,1,1
42.81181344817021,1,22.788872369959236,1,0,2,4,0,0,1,0,0
86.57946144187468,1,27.25074880029866,2,1,3,6,0,0,0,0,1
55.52331920634113,1,24.179222832530915,1,2,2,3,0,0,0,0,0
34.367336656468865,0,26.87810615851521,2,2,3,9,0,0,1,1,0
75.52119025732901,1,23.92835966927543,1,1,0,3,0,0,0,1,1
56.88852082592439,1,26.96817438287283,1,2,3,7,0,0,0,2,0
67.76686147570356,0,24.96305565059838,1,1,3,7,0,0,0,0,0
73.3578387781389,1,29.069202853253444,2,0,2,5,0,0,0,1,1
60.06933331217538,1,20.90657478394401,1,2,3,6,1,0,0,0,0
46.11638732780778,0,16.150543320547108,1,1,1,1,0,0,0,1,0
69.63570066503875,1,20.133212902829516,1,2,3,3,0,0,0,0,0
55.011332611818936,1,30.344592076190168,0,1,0,3,0,1,0,0,0
65.28786727912629,1,24.2272059005613,0,3,2,2,1,0,1,0,1
22.69404139312808,1,25.460311477732812,0,1,2,1,0,0,0,1,0
61.70472575514778,0,19.731816929768065,2,1,2,9,2,0,0,1,0
45.42121262282455,0,25.327768625751393,0,3,2,4,1,0,0,0,0
79.79964455767796,1,19.885936779636516,0,3,1,8,0,0,0,0,0
64.34631021833643,0,20.621093624736226,2,1,3,7,0,0,0,0,0
58.59786618773945,0,22.987581585880598,1,0,0,6,0,0,0,0,0
62.294649900253326,1,27.22548628921073,0,3,2,1,0,0,0,0,0
40.02338720684923,0,27.75923790321255,2,3,3,3,0,0,0,0,0
79.34885035792081,1,27.895224489689184,0,0,3,5,0,0,0,0,0
84.87055627625357,0,17.05957942477813,1,1,2,1,2,0,1,0,1
60.89370265822325,0,24.966677498048693,1,1,2,1,0,0,0,0,0
78.85605352860458,1,24.01609083308632,0,0,1,10,0,0,0,1,0
46.462777019912,1,17.33908791959272,0,0,1,9,2,1,0,1,0
43.04329650662529,1,25.079918833610993,0,1,1,1,0,0,0,0,0
55.613871230933846,1,23.747863912816193,0,3,2,4,0,1,0,0,0
61.52411557551848,1,27.557628360589437,0,0,2,8,1,2,0,0,0
49.09019978135319,1,25.40623538119901,2,3,2,9,0,0,0,0,0
63.06652285552725,1,22.253397348583736,1,2,2,6,0,0,0,1,0
59.59584223110121,1,29.628812252284888,2,2,2,8,2,1,0,1,1
40.02539837063418,0,15.0,1,1,0,6,0,1,0,0,0
62.781895261775816,1,24.67867435785195,1,1,3,8,0,1,0,0,0
67.95292363782282,0,16.18374534004032,0,1,3,7,0,2,0,0,0
57.57203976385586,1,20.439033643969402,0,3,1,9,1,0,0,0,0
72.28972154892539,0,27.624068515046748,1,1,2,9,0,0,0,0,0
36.73894309754572,1,18.629012597795985,2,0,2,2,1,0,0,1,0
62.01925633197778,1,17.881410906480326,0,0,0,5,0,0,0,1,0
37.44578940404838,1,36.90972491707812,1,1,1,2,1,1,0,0,0
38.28877962650368,1,18.20355474289918,0,3,0,6,0,0,0,0,0
45.53603749393315,1,33.25260451543987,1,1,2,4,0,0,0,1,0
40.869097246386325,0,24.138989177103696,1,1,0,8,0,1,0,1,0
46.78006271888293,1,22.375854392805124,2,0,0,10,0,0,1,0,0
51.78774533933217,0,27.833931952941025,0,2,1,4,0,0,1,1,0
67.55731729497077,1,31.682970377722498,0,1,1,6,1,0,0,0,0
50.18261441941446,0,19.269660289458358,1,3,2,1,1,0,0,0,0
31.21561439845611,1,22.44875105135735,2,1,2,4,0,0,0,0,0
72.10101769742741,1,29.234348673421263,0,1,0,4,1,0,0,1,1
42.443647995774406,1,26.439971562135,1,1,2,6,1,0,0,0,0
54.119193593430566,1,30.509589153206914,1,0,1,8,0,0,0,0,0
61.69804760411067,1,27.575559772158897,0,0,1,4,1,0,0,0,0
57.99415627604174,0,34.04112004574574,2,0,0,4,0,1,0,1,1
71.41269321282213,1,25.89294299416825,0,1,2,3,0,0,0,0,0
62.185047150891386,1,26.10905574165481,2,1,1,8,0,1,0,1,1
42.08035630454338,0,26.608606860078993,1,0,2,6,0,0,0,0,0
87.67843260987493,0,24.28755574136721,1,1,1,4,0,0,0,0,1
57.915001950073496,0,29.240435794004622,0,1,0,5,0,0,0,0,0
52.78989660067741,1,26.18520611931513,2,1,2,2,0,0,0,0,0
69.45888134583356,0,28.94090004572572,0,0,2,9,2,1,0,0,0
58.74176418895108,0,29.7224992681208,1,1,1,8,0,0,0,1,0
60.98842289408991,0,27.14227340780164,2,1,1,2,0,0,0,1,1
90.0,1,27.508581621170983,1,0,2,8,0,0,0,0,1
50.8731785761743,1,19.94835106201733,0,1,1,6,0,0,0,0,0
50.23358658973906,1,22.248232060900893,2,0,1,1,0,0,1,0,0
56.74867768018696,1,29.216917264953658,0,3,0,10,0,0,0,0,0
71.07273903371558,0,32.118155909092565,2,3,2,4,1,0,0,0,1
32.40198954714401,0,15.297848872458198,0,1,0,5,1,0,0,1,0
25.51666162785242,1,22.160684263742926,0,1,3,2,1,0,0,0,0
46.193270940697786,0,25.11810301207325,0,1,3,10,0,0,0,0,0
30.491155614110692,0,20.60362768959661,0,1,3,5,0,0,0,1,0
48.62752978711542,1,20.887401779091586,0,1,3,1,0,0,0,1,0
62.537495441939356,0,27.374599368969022,0,0,3,2,1,1,0,1,1
41.63876704671605,1,32.90687984585717,2,0,3,1,0,0,0,1,0
33.597601348279866,0,15.0,2,0,0,2,0,0,0,0,0
56.04005742573022,1,24.14761925509152,0,1,1,2,0,1,0,0,0
67.93815226922756,0,27.31640170895194,0,2,0,7,1,0,0,0,0
29.57539842225081,0,28.901069861001208,1,1,2,7,0,0,0,2,0
67.30348597458976,0,26.595636715345194,0,0,2,7,0,0,0,1,0
67.25959305607489,1,33.807012749680574,2,0,3,2,0,0,0,1,1
69.31127653234942,1,25.14453296662897,1,1,3,3,2,0,0,2,1
73.2772032230753,0,31.559963951960487,1,0,1,2,0,0,0,1,1
88.03020886989424,1,21.768161648270155,1,1,2,5,0,0,0,1,1
49.65861927071417,1,25.28991473294425,1,0,1,3,0,0,0,1,0
56.643573701167874,1,18.936424621005745,0,1,2,10,0,0,0,0,0
48.75342350127961,1,29.504322202744973,0,1,2,6,0,0,0,1,0
55.02965267133716,0,24.39778568679412,0,3,3,6,1,0,0,0,0
77.99310033454468,1,26.78910531259949,1,1,3,5,2,0,0,0,1
34.82478274103997,1,23.433156843574633,1,0,0,2,0,0,0,0,0
42.08425491751637,0,27.93214250829508,2,2,1,8,0,0,0,1,0
75.65771404756842,0,26.98716986927876,0,0,2,6,0,2,0,0,0
70.30054760353134,1,20.026742850143968,1,1,2,2,0,0,0,0,0
49.55302529774383,1,20.316162837084946,0,0,2,1,0,0,0,1,0
67.8160300168108,1,24.861156348293243,1,0,3,6,0,0,0,0,0
60.118237637380496,1,28.297869787033285,2,1,1,2,0,0,0,0,0
77.50411913501482,1,34.31447776556924,2,0,2,4,2,0,0,0,1
56.117643907401586,0,26.514954283328645,2,1,3,4,0,0,0,1,0
70.38448170808874,0,30.0376570124427,2,1,2,9,0,0,1,0,1
90.0,0,16.93574532617916,2,2,2,10,0,0,0,0,0
63.97148732571199,0,35.06477924716991,0,1,0,10,1,0,0,0,0
55.73992248692265,0,28.028431055645964,0,1,1,7,0,0,0,1,0
65.8367047783147,1,24.7519774442061,1,2,1,9,0,0,0,1,0
49.52078712694173,1,24.176519762710374,2,0,1,6,1,0,0,1,0
90.0,1,19.464001010705008,1,2,1,1,0,0,0,1,1
57.70106556543972,1,20.893566021399145,0,2,3,10,0,0,0,0,0
50.906000196617306,1,34.55217816066707,2,3,0,8,1,0,1,2,1
42.464664924699456,1,20.054977808569937,0,1,1,4,2,0,0,1,0
71.45830287409657,1,19.958661210668275,1,1,0,10,0,1,0,1,0
68.00781119241609,0,21.488897569622104,2,2,2,8,0,0,0,1,0
47.539684428788604,0,19.00909623519364,2,0,3,3,1,1,0,2,0
63.64677017683634,1,25.07653287422755,2,0,3,6,0,0,0,0,0
32.37166047680715,0,30.444552563326194,2,1,2,4,0,0,0,2,0
57.774558626097345,1,21.947538368639833,1,2,0,10,0,0,0,0,0
61.79134528115042,0,18.133378601195894,1,0,1,4,1,0,0,1,0
80.60994714338834,1,26.45930656507327,1,1,3,2,1,0,0,0,1
43.43771795906966,1,24.721128311600935,2,0,2,4,1,1,0,0,0
35.824710567965134,0,30.013622750408125,0,1,1,1,0,0,0,0,0
41.56858058612438,1,22.72745850348865,0,1,1,1,0,0,0,2,0
34.9514724952762,0,23.699216101866625,0,0,0,5,0,0,0,0,0
75.04986036638475,0,24.252348177283654,1,0,2,1,2,1,0,0,1
78.22958942536056,0,25.44502055276741,0,0,3,3,0,0,1,0,1
59.80324866923243,1,23.037191613212052,2,0,0,3,0,0,0,0,0
73.31942418527723,0,22.226779459769958,0,1,2,10,0,0,0,0,0
57.00937570870353,1,15.748111575590793,0,3,1,4,0,0,0,0,0
53.57332528448851,0,22.173063954399414,0,1,3,1,0,0,0,0,0
50.004435714193576,0,28.57611634040876,1,2,0,7,0,0,0,1,0
50.34413512933652,1,29.25122759684443,0,3,2,4,0,0,0,0,0
31.782976655364532,0,22.644434882043498,0,1,1,7,1,0,0,1,0
58.96382145411009,0,31.49742999090881,2,0,3,5,0,2,0,1,1
54.39499134678935,0,24.856479641498225,2,3,0,1,0,0,0,1,1
66.18041086116814,1,18.31076814092026,2,1,1,4,0,0,0,0,0
56.402852446579146,1,16.738079717728723,1,3,0,5,0,0,0,0,0
52.559444476463625,0,31.09128961309863,2,1,2,4,0,0,1,0,0
41.93210454988554,0,23.134981373694632,2,2,1,7,1,0,1,0,0
56.08229855232642,0,18.929677384637102,2,2,0,1,0,0,0,0,0
66.07355846224243,0,15.0,0,2,2,9,0,0,0,0,0
37.84991513374209,1,23.021419445624286,0,1,3,6,0,0,0,1,0
56.31210630521109,1,27.023754294981806,0,1,1,8,2,0,0,0,0
58.49564427294226,1,21.511544279768977,2,2,1,8,2,0,0,1,0
44.229028245726035,0,19.733774199330643,1,2,2,9,1,0,1,0,0
46.18215542637999,1,22.253121156966362,1,1,2,5,0,0,0,1,0
58.459162731493215,1,31.215960095724277,1,1,2,8,0,0,0,1,0
37.99868472561066,1,18.035091911624047,2,1,1,8,0,0,1,0,0
60.248855728740885,1,21.791494847887414,2,0,3,6,0,0,0,0,0
41.569684395112,1,31.053788698087953,2,0,1,10,0,0,0,1,0
70.94280539549824,1,27.470881447118767,2,0,1,8,0,0,1,0,1
90.0,0,25.89563906889478,0,2,1,5,2,0,1,1,1
42.08864797447271,1,21.757769322918755,1,1,3,10,0,0,0,0,0
63.013117935620116,0,25.15252407250214,2,1,3,8,0,0,0,1,0
44.09887142676971,1,22.310854657733497,2,2,3,10,1,0,0,0,0
70.61431260696685,1,20.703069344646245,1,0,0,3,0,0,0,0,0
36.021123863721776,1,19.5997126234913,0,0,2,4,1,0,0,2,0
62.20880137641569,0,28.920477981862494,0,3,1,3,0,0,0,1,1
41.905165496659706,0,24.69796933891932,0,2,3,5,0,0,0,0,0
51.89523116352447,0,26.572568719013482,1,0,2,5,0,1,0,0,0
39.5346208727904,1,25.75836592900702,1,2,2,5,0,0,0,0,0
67.3352570634363,1,27.204594139041795,2,2,1,2,0,0,0,0,1
42.445294683406196,1,23.72640605007054,1,2,2,9,0,1,0,0,0
63.279463889977414,0,22.59171274472713,0,0,2,7,0,0,0,0,0
49.83852957606501,1,20.92359835304439,0,1,2,8,1,0,0,0,0
53.282914423017054,1,17.93015433296443,2,1,2,2,0,1,0,1,0
57.21633861100193,0,19.389834146885416,1,1,1,10,0,0,0,0,0
43.57262992511727,1,23.172911394498893,1,0,2,10,0,0,0,1,0
58.1555067031133,1,16.98480257782261,1,0,3,7,2,0,0,0,0
77.95501846531616,1,18.08857047931985,0,1,0,3,0,0,1,0,0
43.328578212509285,1,30.210699463175885,0,1,0,5,0,0,0,0,0
72.57715214910768,0,26.12089742426896,0,0,2,7,0,0,1,1,1
77.47146450231676,1,22.740816358982396,0,2,1,9,0,2,0,1,1
42.75767516457934,1,36.3578722945228,1,1,1,10,0,2,0,0,0
33.17418092364172,1,16.758751406434854,1,1,0,1,0,0,0,1,0
59.52941350257647,1,29.87805638230911,2,2,2,6,0,0,0,0,0
46.788887158496905,1,24.44266958610292,2,1,1,6,0,0,0,0,0
83.02904828744504,1,28.92523511456406,1,1,2,2,0,0,0,0,1
55.52211310749748,1,25.544768586354035,1,0,3,10,0,0,0,0,0
42.96700887947231,0,15.638774688773712,1,0,2,9,0,0,0,0,0
37.792607334824325,0,25.477302337794143,0,1,2,5,0,0,0,2,0
71.34857438636246,0,26.67777927319799,2,3,0,9,0,1,0,1,1
46.4322403887372,1,15.0,1,0,1,4,2,1,0,0,0
55.65743199190642,1,34.720241469009494,2,1,0,5,0,0,0,0,0
69.33704117668721,0,26.556037970863862,2,0,3,5,0,1,0,1,1
47.73612472103755,0,28.359938700682477,1,1,2,5,0,0,0,0,0
54.31106756889759,1,19.172353052118442,0,0,0,9,2,0,0,1,0
54.7514738526622,1,28.45308761072809,1,2,1,1,0,0,0,0,0
65.24986767274137,1,30.44752229781528,1,1,1,8,0,1,0,0,0
63.86116503265489,0,26.267841140689228,2,0,2,7,0,0,0,0,0
51.698294031177575,0,24.953142207396176,0,2,0,1,0,0,0,0,0
55.95473592244777,0,20.532059375507917,1,0,0,2,0,0,0,0,0
49.42331482714767,0,23.91896541108337,2,0,1,1,1,0,1,0,1
32.83581389620833,0,22.4398524287036,2,0,1,4,0,0,0,0,0
58.86401286097194,0,27.85997818696342,0,3,2,10,1,0,0,0,0
83.38287641249602,0,20.75062037441299,2,0,1,9,0,0,0,1,0
41.744212889634056,0,27.823253607517785,0,3,1,1,0,0,1,0,0
43.404554355959455,1,20.805072186351715,2,0,2,3,2,0,0,1,0
41.93908342534388,0,23.688237229199906,0,0,0,7,0,0,0,0,0
65.86887668084684,0,28.080221985064085,2,2,2,4,0,0,1,1,1
61.7272818129466,1,21.48101640006978,1,1,0,6,0,0,0,0,0
52.62193461375315,1,28.25268244488801,0,1,1,7,0,1,0,0,0
41.22971407541553,1,27.76497078835684,0,1,1,6,0,0,0,0,0
56.385651874598864,1,23.64524663311528,0,0,1,8,0,0,0,0,0
31.530668089962937,1,30.808916006778947,1,1,3,2,1,0,0,1,0
57.1513985028624,1,25.388921709885572,2,1,1,1,0,0,0,1,1
68.07286579131902,1,30.51138263292675,2,0,1,7,0,0,0,0,1
36.232012950494834,1,33.967324624385896,2,3,0,3,0,1,0,2,1
32.012225847555044,1,23.79349489149344,2,1,1,4,1,0,0,0,0
78.69156837542289,0,28.224774920136984,2,0,0,7,2,0,0,0,1
45.82360540743123,1,21.812160373385623,2,1,0,2,0,0,0,2,0
72.03921768915733,1,19.83592795245901,0,2,3,7,0,0,0,0,0
52.690035022032525,1,24.022701713067857,2,1,0,4,2,0,0,0,0
52.57067774588009,0,18.186998601252686,0,1,2,9,0,1,0,1,0
61.576190492449676,0,20.31196110176345,2,3,1,1,0,0,0,0,0
41.74001714880339,1,27.95716299660534,0,1,0,3,1,0,1,0,0
56.987457152434686,0,22.431754922755808,0,1,2,8,2,2,0,1,0
49.27765877763861,1,28.552570435609308,0,0,2,7,0,0,0,2,0
35.19259834892453,1,26.497059690087436,1,1,1,2,0,0,0,0,0
60.06223112089599,1,34.25577031009558,0,1,0,5,1,0,0,0,0
51.05038289683126,1,27.621686427880228,2,3,1,7,0,0,0,0,0
52.64462757332938,1,30.57109035139657,0,0,0,5,0,0,0,1,0
36.84758584878763,1,27.009423315637733,0,0,3,10,0,0,0,0,0
78.87100551644207,1,26.556967505390364,0,0,2,1,1,0,0,0,1
68.15071279579175,1,30.823665210566574,0,1,3,5,0,0,0,1,0
69.46233826257968,1,28.343987329326325,1,0,1,10,0,1,0,1,0
50.41832946337477,1,26.05031806478714,0,2,2,3,0,0,0,0,0
29.062256657448696,1,26.028273329648588,0,3,0,1,1,0,0,0,0
84.29376073734267,0,27.69114655915208,0,1,3,10,0,0,0,1,1
54.08353737991198,0,21.643132402700576,0,0,0,4,1,0,0,1,0
43.7680030596992,0,21.43100266930651,2,1,2,7,0,0,0,1,0
61.25202361724671,0,32.12702966186466,1,3,1,7,0,0,0,0,1
72.50681182004946,1,34.32206831929999,0,0,2,2,0,0,0,0,1
54.65424165871801,0,20.35558770794917,0,1,2,2,1,0,0,0,0
74.17862751909061,1,21.65502783780148,1,1,2,1,0,2,1,1,1
71.24499907775302,0,30.712614097520724,0,3,1,2,1,0,0,0,1
38.85428218896912,0,27.667599965711982,1,0,2,9,1,0,0,0,0
44.89314841510785,0,28.382140526604612,2,0,1,9,0,0,0,1,0
69.36305744919652,1,29.483006474265284,0,2,1,7,0,0,0,1,0
20.0,0,23.79633919127962,0,1,1,3,0,0,0,2,0
52.75816460252517,0,26.64984962495093,0,1,3,8,0,0,0,0,0
33.53753197562992,1,26.260960753490462,1,0,3,4,0,0,0,1,0
47.85169297849713,0,20.707541998772697,0,1,1,5,1,0,0,2,0
50.51769866456194,0,26.575454716078518,1,1,3,10,1,0,0,0,0
49.62633433138738,1,31.18855348074834,2,1,3,5,1,0,0,2,0
46.71608121831087,0,23.329333805783193,0,2,1,2,0,0,0,2,0
38.54284525556779,0,25.762846243704672,0,3,2,9,0,0,1,0,0
89.37866900228029,0,26.03354458005428,2,2,3,6,0,0,0,0,1
83.01193006242026,0,23.576677247823646,0,2,2,6,0,0,0,0,0
37.56901269615575,1,28.38450618847179,0,1,1,1,1,0,0,2,0
78.73175126955351,0,21.599671843725062,1,0,2,2,0,0,0,0,0
49.008017642907205,1,31.663227593479668,0,1,0,4,1,1,0,0,1
56.93781209997566,1,28.131027808161228,2,0,0,8,0,0,0,0,0
54.050890601546264,0,20.316156996635527,0,0,3,8,0,0,0,1,0
45.103770381190515,1,33.490048424431265,1,2,0,9,1,1,0,0,0
69.7577851540922,0,25.840507306307977,2,1,3,1,0,0,0,0,0
56.888297958649865,0,21.38526241382474,0,1,1,8,0,1,0,0,0
47.85172865171138,0,30.522772624955955,0,2,1,4,1,0,0,0,0
35.431158342992916,0,27.473357597240124,0,3,2,5,1,0,0,0,0
41.596074794213195,1,16.14020147882981,2,1,2,10,1,0,0,2,0
30.379298265968547,0,22.37169841378073,2,1,3,5,0,0,1,1,0
55.183353226227545,1,26.39548668610772,0,0,3,7,0,0,0,1,0
37.05001611573407,1,15.0,2,3,2,3,1,0,0,0,0
51.01659231222188,0,25.42535042693697,2,0,1,5,0,0,0,0,0
75.55152780415557,1,25.789896863526298,2,2,2,7,2,0,0,2,1
72.98949359382378,1,19.08254058812089,0,3,0,6,0,1,0,1,1
54.51584658846073,0,26.353224431299818,2,2,1,2,2,0,0,0,1
53.693729107852754,0,25.037319195625166,1,2,1,8,0,0,0,0,0
83.19811824131511,0,19.043529470574928,2,1,1,9,0,0,0,0,0
62.81134180538067,0,29.597802734314126,0,3,0,9,0,0,1,0,0
50.08290310185215,1,29.189268973839024,0,2,0,9,2,0,0,1,0
33.60972824319322,0,23.551314565738195,2,1,1,2,0,0,1,2,0
60.90809827247115,1,24.007093383040882,2,0,0,10,0,0,0,0,0
67.43985658874294,1,28.631319687976728,0,1,1,3,0,0,1,1,1
45.52522713229534,1,23.996684284440967,1,2,1,4,0,0,0,0,0
59.368041327070486,0,15.345458997399227,0,2,1,2,1,0,0,1,0
49.546400576274564,0,27.434682786999637,0,2,0,6,1,1,0,0,0
52.23951401201496,0,20.933703396307457,0,0,1,7,0,0,0,0,0
20.0,0,23.05078472791203,0,1,1,9,0,0,0,0,0
51.673278944257966,1,32.28935283975738,1,1,3,1,0,2,0,1,1
69.54053953612082,0,24.33010762995601,0,1,0,7,0,0,0,1,0
45.52896166650163,0,25.008674679369367,0,1,2,5,2,0,0,1,0
55.78789552322974,0,27.548336377317987,2,1,1,3,0,0,0,1,0
43.66073939962119,1,27.52666971937016,0,1,0,5,2,0,0,0,0
60.4066251443916,1,20.404011163111083,1,1,1,6,0,0,0,1,0
51.7521520369574,1,24.698507422328127,2,1,1,4,0,0,1,0,0
40.9113768897699,0,25.180762639629137,0,1,1,10,0,0,0,1,0
74.98827201497691,0,26.360134483144137,0,0,2,9,1,2,0,1,1
68.93398020298322,1,26.446109704583098,1,2,3,1,0,0,0,0,0
45.926398541077376,1,37.93720614388729,1,0,0,10,0,0,0,0,0
62.46682464126666,1,19.120701147063777,1,2,0,6,1,0,0,0,0
63.06118004230571,1,29.90045810098978,1,0,1,10,0,0,0,0,0
64.63451852516764,0,30.916879029165294,2,1,1,2,1,0,0,0,1
29.586161560073833,0,27.463919869617637,0,2,3,7,0,1,0,0,0
70.09909811548943,1,21.748423025634626,2,0,3,9,0,0,1,0,0
46.45451555611403,0,33.32334015133813,0,3,0,6,1,0,0,1,0
49.632580998380995,1,15.0,0,0,2,10,0,0,0,0,0
90.0,0,21.583666513910867,0,0,2,9,1,0,0,0,0
59.528100710815174,0,30.858410986114055,1,2,2,8,0,0,0,0,0
49.20516286829237,1,23.14944198288741,2,2,1,5,0,1,0,2,0
21.920584408661412,0,32.98232262400093,0,0,0,8,0,0,0,1,0
75.84646200919533,0,17.440976276607998,0,3,2,5,0,0,0,2,0
34.82185493787097,0,19.43949053025996,0,1,2,8,0,0,0,0,0
39.94841644750745,1,22.341809149365126,0,0,3,7,0,0,0,0,0
50.02971551368226,0,27.086996387682643,2,2,2,5,0,0,0,1,0
76.24617687550439,0,23.889899248099887,2,1,1,8,0,0,1,0,1
66.59859979998639,1,22.548003737187894,2,0,3,6,0,0,0,2,0
52.6324373523961,0,32.10198215549262,1,2,1,7,0,0,0,0,0
59.624380954582314,1,32.56722487694575,1,2,0,5,0,0,0,1,1
45.99421460693341,0,22.928101171462224,0,1,2,8,0,0,0,1,0
57.09480534348026,1,16.45116096335169,1,2,1,8,2,1,1,0,1
56.10005117167205,0,15.0,1,2,3,1,0,0,0,0,0
69.5315484352203,1,26.19645057390178,2,0,1,8,0,0,0,0,0
69.50767183658424,1,28.27977811109399,2,2,0,10,2,0,1,1,1
62.40966073308467,1,25.314988927892728,2,1,0,8,0,1,1,0,1
49.56478663680846,0,24.645459464596208,0,1,2,7,0,2,0,1,0
66.12733441585189,0,20.977286926529587,0,3,1,6,0,0,1,0,0
53.6204730069543,1,28.274898969569193,2,2,1,10,1,1,0,1,0
38.771284469303005,0,33.39092689449455,2,1,2,3,0,1,0,1,0
48.95068312133592,0,15.0,2,1,1,7,0,2,1,0,0
56.26790475676487,1,24.612494056061422,0,1,0,4,1,0,0,0,0
68.65323675497118,0,20.148258252932,2,0,2,8,1,1,0,0,0
52.24707741764271,1,17.547670029730742,1,2,0,5,0,0,0,0,0
36.862019331405904,0,19.35012064607792,1,2,3,3,0,0,0,0,0
55.85112524945229,1,26.898364278422022,2,2,0,6,0,0,0,0,0
56.701840600848286,1,27.02481098795583,0,1,1,6,1,0,0,1,0
57.7875644335413,1,32.301438805874,1,0,1,6,2,0,0,0,0
68.79807273931645,1,25.043907735727306,1,2,1,8,0,0,0,0,0
70.28384860134848,0,16.20889185065211,1,1,3,1,0,0,1,0,1
46.086836914275,1,23.809152288120142,0,0,2,10,0,0,0,0,0
45.75784812926585,1,18.06810463892108,1,3,1,1,0,1,0,0,0
39.397019335667906,0,18.966020567889977,1,2,1,10,0,0,0,0,0
65.48223505420714,1,27.902795292032476,1,1,1,7,0,0,0,1,1
76.73230162506573,0,25.9709045279721,2,0,2,3,0,0,0,1,1
50.27377108136615,1,27.937827977176653,0,0,2,8,0,0,0,1,0
51.3785415291251,0,23.21253576364136,2,1,1,3,1,0,0,2,0
77.00173835348464,1,28.95264781712678,1,1,1,6,1,0,0,0,1
62.58336779822511,1,22.932985508549443,1,2,2,1,1,0,0,0,0
61.54353557201583,0,30.583414163711236,0,2,2,2,0,0,0,0,0
37.1362524103941,1,26.723194697357712,0,1,1,7,2,0,0,0,0
65.18092103919129,0,23.965015647576912,2,1,1,6,0,0,0,0,0
41.06295489235363,0,26.060465220880484,0,2,3,1,0,0,0,0,0
37.98969721097563,0,24.91069649512541,2,2,2,10,0,0,0,0,0
49.79842634849932,0,32.98053257656461,0,3,0,7,0,0,0,0,0
46.21310914826965,0,26.227188112893945,2,2,1,4,1,0,0,0,0
51.67600458422441,1,24.991936638027457,1,0,3,1,0,1,0,2,0
33.38527548212622,0,23.807545714746002,1,3,2,9,0,0,0,2,0
69.38224459701509,1,29.215921096225053,0,0,2,3,0,0,0,0,0
71.91529441774644,0,28.539566695267524,0,3,0,9,1,0,0,0,0
25.789862887887786,1,23.63079184843686,0,2,3,7,0,0,0,0,0
69.67686708499825,1,19.221792426885955,1,1,2,8,0,0,0,0,0
42.84207055267561,0,20.490159308108232,1,1,0,7,0,0,0,0,0
67.8546330547418,1,24.079187302289018,2,0,1,10,0,0,0,0,0
53.97330261000376,1,31.744637530595416,2,0,0,9,0,0,0,1,0
55.43163346121498,1,23.74911685376543,1,2,2,3,0,0,0,0,0
52.22353525868172,0,22.029381950172176,0,1,2,8,0,0,1,0,0
73.18193806350229,0,16.19640343375677,0,1,1,2,0,1,0,0,0
36.40617981212458,1,32.56770717801148,2,3,1,4,0,0,0,0,0
64.11760508102513,1,27.8451407299073,0,0,1,10,0,0,0,2,0
71.51995247334325,0,28.98004985002929,1,2,0,4,0,1,0,1,1
65.74510120810616,0,29.808440259646876,0,1,1,6,2,0,0,0,1
89.87048371485126,1,24.176348856205184,0,0,0,3,0,0,0,2,1
47.06579855912952,1,25.422953168737678,1,2,0,1,0,2,0,0,1
69.35957233890296,1,32.44300970975997,1,1,3,10,0,1,0,0,1
53.4086404698787,0,25.897904446595685,1,0,1,8,0,0,0,0,0
73.50109114529005,0,27.93762645031997,1,1,1,9,0,0,0,0,0
54.88466506417946,0,29.352753586002557,0,2,3,7,1,0,0,1,0
49.181863272062955,0,28.214656662113217,0,0,1,9,1,0,0,0,0
74.59108305807443,0,24.359154148667532,1,1,2,6,2,0,0,0,1
47.62657091471605,1,24.8305807859304,1,2,0,3,0,0,1,1,0
33.80911361649166,1,28.88820218987971,0,2,1,9,0,0,0,0,0
47.24729675239257,1,28.880014299673633,1,2,2,1,1,0,0,0,0
64.28549419882799,0,30.841162995097307,1,1,1,1,0,1,0,0,1
75.88058127380637,0,27.755484916549193,0,1,0,2,1,1,0,0,1
56.66694062944768,0,27.983028067960273,2,2,1,4,0,0,0,0,0
74.77295600851038,0,22.768833166077766,1,0,3,3,0,0,0,1,0
34.6273761778361,1,22.094252444640492,0,1,0,1,2,0,1,1,0
48.35104802773146,0,28.903153371757472,1,2,0,7,0,0,0,0,0
50.67137324268848,0,22.129074659918125,1,2,0,4,0,0,0,1,0
53.2816085879122,0,24.89649498441569,2,0,2,1,0,2,0,1,1
56.26141582375295,0,31.895116204856453,2,1,2,6,0,0,0,1,0
65.3636643608829,1,31.102851461725443,0,1,0,6,2,0,0,0,1
48.32789742744264,0,26.50894415398592,0,2,3,1,0,0,0,1,0
57.085430304296885,1,23.51930210083145,2,2,2,7,0,0,0,2,0
54.32315664513923,1,24.38310544828248,2,0,2,8,0,0,0,0,0
41.11165144163275,0,29.338300705278073,0,0,1,5,0,0,0,0,0
53.29499966377847,0,24.817503612769173,0,1,1,10,0,0,0,1,0
52.84510705154323,1,22.20858803494868,2,3,3,7,0,0,0,1,0
52.523791524954305,1,31.07887378203987,2,2,3,8,0,0,1,0,0
55.47639184872176,0,25.908000695646408,0,1,2,7,0,0,0,1,0
56.13510310920079,0,22.11372089504127,1,3,2,3,0,0,0,0,0
48.515572313390045,0,27.394700944663153,0,1,1,10,0,2,0,1,0
74.09072100956897,0,29.856092065962542,0,1,3,10,1,0,0,0,0
37.45779056195475,0,19.9616346760612,0,0,2,2,1,2,0,0,0
44.185448372951555,0,23.997730433235326,1,3,1,9,2,0,0,1,0
90.0,0,23.766583162057938,2,1,3,5,0,0,0,0,1
39.43012967516155,0,27.26143582891738,1,1,1,9,0,0,0,0,0
34.693679879353624,0,28.160041614299292,0,0,1,4,0,1,0,0,0
66.01715117501827,1,22.24263044360257,2,1,2,1,0,0,0,0,0
23.84320219339189,1,17.536244120469874,0,0,2,8,2,0,0,1,0
51.47089135041342,1,30.158993772997004,2,1,2,5,0,0,0,0,0
87.18737387614732,0,19.400273647113934,2,3,2,4,0,0,1,1,1
31.825961167698992,1,26.355921025219388,0,0,0,9,0,1,0,0,0
25.2705327139193,0,24.34009550634659,0,1,1,9,0,0,0,1,0
32.512281970634525,1,25.812219526020375,2,0,2,2,1,0,1,0,0
68.47539352520478,0,33.25616985853429,1,2,1,1,1,2,0,0,1
71.87165079978719,0,40.0,0,1,2,8,0,0,1,2,1
47.31116804532237,1,16.832812943006957,2,0,2,9,1,0,0,0,0
65.24818606001604,1,29.91953077666462,0,2,3,4,0,2,0,0,1
75.85382991267984,1,24.218761136611768,0,2,1,1,1,0,0,0,1
81.81019621644738,0,30.23927256856276,1,3,1,7,0,0,0,0,1
51.30497078230228,0,29.786315380895818,1,0,3,5,0,2,0,0,0
20.477924234950194,0,32.048724035990816,0,1,0,5,0,0,0,2,0
42.6868161638547,1,26.424824575813485,0,3,2,5,1,0,0,1,0
48.59793707597114,1,20.55211757522488,1,2,0,10,0,1,0,1,0
51.115918051324144,1,29.638247443548103,1,2,3,9,0,0,1,0,0
52.18210898486921,0,25.589987880720322,2,1,1,7,2,0,0,1,0
71.78341896896004,1,23.83078392432934,1,2,3,2,0,0,0,2,0
74.11642640031371,0,22.61888059647519,1,2,0,10,2,0,0,1,1
52.42489519112825,0,30.031677845525646,0,0,2,9,0,0,0,0,0
71.47727314077727,1,33.016847460036885,2,1,2,4,0,0,0,1,1
60.36492049946634,1,19.02323720650183,0,2,2,5,1,0,0,1,0
55.96758959293857,0,28.109761212394652,1,0,0,2,0,0,0,2,1
68.59816235664945,0,23.138064072886774,2,0,1,3,0,0,0,0,0
56.08378072356874,0,17.66363800903943,2,1,1,5,0,0,0,1,0
85.86716765646644,0,25.73852910381504,1,2,1,1,0,1,0,0,1
33.42383249808161,0,20.834311099052197,2,2,2,1,1,1,0,0,0
47.27243651361974,0,17.11123386099901,2,1,0,1,0,0,0,0,0
53.102216545690744,0,21.09129763887733,2,2,2,7,0,0,0,1,0
61.59179035686986,1,19.861130410430732,1,1,2,10,0,0,0,0,0
74.01940730654633,1,21.766565734683045,1,2,0,4,0,1,0,0,1
54.63402149145765,0,18.370579615231556,0,0,1,4,1,1,0,2,0
33.66655525740689,1,23.02429945686893,1,2,0,3,0,0,0,0,0
67.63770844682506,1,21.43375435958014,0,0,1,2,0,2,0,1,1
66.32438149212946,0,26.87806938572829,1,0,2,4,0,0,0,0,0
25.87212010930891,0,27.967694931991577,1,0,2,2,1,0,0,1,0
54.942937994938006,1,26.30074288389221,0,1,3,7,0,0,0,1,0
31.147872539795532,1,23.822777710632455,0,2,1,10,0,0,0,0,0
45.03023353746906,1,23.68786202153843,0,1,2,6,2,0,0,0,0
41.457866095558,1,20.814625062943172,0,0,2,6,2,0,0,0,0
67.13897047362978,0,20.935026702950317,1,3,0,2,0,0,0,1,1
56.75245261258276,0,28.518019340393682,2,0,3,5,1,2,0,1,1
35.71613498865959,0,16.20148700674768,2,3,3,10,0,0,0,0,0
68.20098944436013,0,24.596375308435288,0,3,1,8,0,0,0,0,0
33.49291264107379,0,23.382354692193996,0,1,1,2,1,1,0,0,0
59.95170685706415,0,27.99566050687446,1,0,3,8,0,1,0,0,0
42.789839960626665,0,17.874940082888244,1,1,1,9,0,0,0,0,0
49.514843762042204,0,25.062403527429698,1,2,2,3,0,0,0,1,0
62.56406122057576,0,26.714921706795533,0,1,0,4,0,0,0,1,0
62.82174098589294,0,15.476343906880025,0,0,1,8,0,0,0,1,0
75.0545361033394,0,19.628360135691313,0,2,0,2,0,0,1,1,1
53.7661945049282,0,24.541050765936042,1,1,1,2,0,0,0,0,0
59.59676294445011,1,27.57073453817152,2,0,3,1,0,0,0,0,0
48.433940163935134,1,25.9124965555635,2,3,2,2,0,0,0,0,0
57.72984823934196,0,27.802271264749038,1,3,2,9,0,0,0,1,0
61.59229072012768,0,19.60313743679673,2,1,1,5,0,0,0,0,0
53.52535228818436,1,17.056248251359868,2,0,0,4,0,0,0,0,0
27.943742738612556,1,25.42252902878395,2,1,2,2,0,0,0,2,0
59.97206344496343,1,18.853233808929424,2,1,2,2,0,0,0,0,0
60.468422160331855,0,20.673388369760985,2,0,3,6,0,0,0,0,0
44.79739785478074,1,29.661391774131868,0,2,1,7,1,0,0,0,0
35.734194458912285,1,25.945497783834256,0,3,1,4,2,0,0,0,0
77.13818725755948,1,22.15927547372293,2,1,3,7,1,0,0,0,1
62.37168266341603,0,21.509842476795182,1,2,0,1,0,1,0,2,1
51.56378453617435,1,28.104607784445825,2,0,1,8,0,0,0,1,0
37.94450675278769,1,26.059854678249916,2,1,1,3,1,0,0,1,0
42.67277757367981,1,18.927216788386545,0,0,2,7,0,0,0,1,0
74.53885595179347,0,15.260881334495263,1,0,2,7,0,0,0,0,0
57.06492911302069,1,34.40900916320075,1,1,1,3,0,0,0,0,0
46.7411939949894,0,18.88760387341221,0,2,3,5,0,1,0,1,0
62.64533846836984,0,27.638482516500616,0,1,2,2,0,0,0,0,0
42.784027188305146,1,32.55346466169087,1,1,1,9,0,0,0,1,0
77.51264545420568,0,25.73798784416578,0,0,1,5,0,0,0,0,0
75.29200802345088,1,21.997816617663975,0,2,3,4,1,1,0,0,1
48.00138893195835,1,17.869754791521437,0,1,1,10,0,1,0,0,0
45.5699462945371,0,17.79994731839985,2,0,2,3,0,1,0,0,0
20.0,1,26.88347424338193,2,0,0,1,1,0,0,1,0
32.77628842672948,1,32.25488161474992,1,0,1,7,0,0,0,1,0
34.90795337563365,0,23.022704516477354,1,1,1,3,0,0,1,0,0
57.02785511481079,1,22.22139768925318,2,0,2,10,0,2,0,0,0
50.10649443337961,0,28.48740545405593,0,2,1,1,0,0,0,0,0
34.81996768877138,0,21.570263730476267,0,3,3,10,0,0,0,0,0
50.78253936303164,0,26.372414538142106,0,0,1,10,0,0,0,0,0
62.58005721471023,0,25.209007250427565,0,1,2,8,1,0,0,1,0
62.91759024873381,0,22.95265970710972,0,1,1,8,0,0,0,1,0
26.50494578711678,1,24.922309206317397,0,3,3,3,1,0,0,1,0
53.076047792742536,1,33.8157605732499,0,0,3,10,2,0,0,0,0
34.249888345425845,1,28.022664720504782,1,1,0,3,0,0,0,0,0
68.52593045710411,0,30.46250402127989,0,1,1,2,0,0,1,0,1
66.76219624530248,1,20.406528195399694,1,1,0,8,0,0,0,1,0
41.52959160513312,0,30.47968073803787,1,0,2,9,0,0,0,0,0
43.509321963994005,0,28.195102377344924,0,0,3,4,0,1,0,0,0
48.08099424252539,0,17.50201951720316,2,0,1,4,0,0,0,0,0
21.208099079029914,0,27.6989536668555,1,0,1,5,0,0,0,0,0
60.03952260160865,0,22.433629316026614,0,0,1,3,0,0,0,0,0
50.907331804898035,1,17.27098161837192,0,1,1,5,0,0,0,0,0
69.55262623851789,1,25.648878661638097,2,1,1,4,0,0,0,0,0
38.523861730561705,0,27.69521295531305,2,1,0,8,0,1,0,0,0
45.71315577625103,0,25.758040343222813,1,0,1,5,0,1,0,1,0
32.402121129413274,0,24.454307075771222,0,0,3,7,1,1,0,0,0
39.9356415475862,1,23.34707330770834,1,2,1,4,1,0,0,1,0
37.27027005897672,1,37.33294004670778,1,0,1,2,1,0,0,1,0
69.93960518269668,1,19.087153057356772,2,3,1,8,2,1,0,0,1
44.526072268729116,1,29.36460991178602,1,2,3,4,0,0,0,0,0
56.862635271169204,0,25.07711485444492,0,0,2,9,0,0,0,1,0
49.288548942072936,1,20.72766746866484,0,2,1,6,1,0,0,1,0
35.95802100980781,0,24.758004746857104,0,1,2,8,0,0,0,0,0
52.47549365242536,0,18.03533681205691,1,1,2,9,1,1,0,0,0
63.98654997795392,1,22.02254796596573,0,2,3,9,0,0,0,1,0
36.883609111849715,0,24.765328370821972,1,1,3,9,2,0,0,0,0
67.13669186097069,1,17.244414707004353,1,2,0,7,0,0,1,0,0
42.254186177834555,0,27.53191269244029,0,1,1,3,0,0,0,1,0
47.75524110890739,1,20.181194795442337,1,2,2,8,0,0,0,0,0
62.96024684515072,0,17.741395209932236,1,1,3,7,0,1,0,1,0
45.04845764170768,0,19.59791132085815,1,0,0,9,1,1,0,0,0
55.56362289003798,1,35.87977080917743,2,0,1,5,0,0,0,0,0
50.279637568178615,1,15.109679290655802,1,3,1,4,0,0,0,0,0
56.94052010055728,1,27.18061544384895,0,0,1,2,1,2,0,1,1
20.0,1,21.241818644903567,2,1,1,7,0,0,0,0,0
27.554772771878756,1,23.249359142412192,2,1,1,6,2,0,0,2,0
64.23950509070258,1,28.019654643401665,2,0,3,6,2,0,0,0,1
70.55772108473576,0,27.774093574194602,1,0,3,10,0,0,0,1,0
41.34269944702718,0,21.596517904191046,0,0,2,8,2,0,0,1,0
51.33957471743298,0,18.21087996683353,0,1,1,1,0,0,0,2,0
59.42078879353453,1,28.110704868503195,1,2,3,1,0,0,0,0,0
65.39826402488056,0,27.761885965046723,0,1,0,4,0,0,1,0,1
24.58484092493727,1,23.575152456059058,2,1,0,8,2,0,0,0,0
41.70939629532434,1,27.20972191904189,0,1,3,5,0,0,0,0,0
50.011309302251874,1,22.770852595122324,1,2,2,9,2,0,0,0,0
65.54710295854073,0,20.86481217482606,1,1,0,3,0,0,0,0,0
90.0,0,25.019810905605375,1,0,3,6,0,1,0,2,1
51.57991409785423,1,27.595163705457587,2,1,3,6,0,0,1,0,0
33.89533806844017,0,26.54625134776217,1,2,3,4,0,0,0,2,0
61.03402115801947,0,27.545813400383363,0,2,1,2,1,0,0,0,0
74.81493684311064,0,21.197105633554372,0,3,1,6,0,0,0,0,0
56.62021181469251,0,32.909405623791265,2,0,1,10,1,0,0,0,0
41.40027182268561,0,23.288095723306878,2,3,2,3,0,0,0,0,0
69.36990912220028,1,24.405421742617044,0,0,3,8,0,0,0,1,0
64.95318427747652,0,18.406720453910662,0,0,3,2,0,0,0,0,0
39.608787337065635,1,24.03072421851358,0,1,3,3,0,0,0,0,0
60.72138426301513,0,27.661188684257585,2,0,0,9,2,0,0,2,1
69.95898351488309,1,28.812553063463323,0,1,2,2,0,0,0,2,1
72.7283506383834,1,32.80970368593391,0,3,3,10,0,1,0,0,1
54.00326537035816,0,27.601174479127305,0,3,1,1,1,0,0,0,0
49.628808307310216,0,26.384565978998516,2,1,1,3,0,0,0,0,0
73.40910733121893,0,22.768524442428404,2,1,2,10,2,0,0,0,1
36.84759245528672,1,21.691297958834966,0,3,0,6,1,1,0,1,0
61.57868936381508,1,29.851242573340777,0,1,3,8,0,0,0,0,0
34.44960058953356,1,29.755351758694545,1,3,0,10,0,2,0,0,0
70.98064408389405,0,19.614936495756137,0,3,1,5,0,1,0,2,1
51.129317265832576,0,28.615479435767405,0,0,3,2,0,1,0,0,0
74.02874853471204,0,28.25191845697921,2,0,3,8,0,2,0,1,1
62.3711913453329,0,19.43095557492903,2,1,2,2,0,0,0,1,0
36.65169654907105,1,27.702284023945886,2,2,3,4,1,0,0,0,0
76.36941598115865,0,19.752267702590963,1,2,3,9,2,1,0,0,0
78.26867899641594,1,15.0,0,1,3,7,0,0,0,0,0
68.23429738898824,1,24.19948793153975,2,0,2,3,0,0,0,0,0
43.5761820244567,1,26.289073526274944,0,0,2,1,0,0,0,0,0
50.409790684638864,0,24.424645975584433,0,3,2,6,0,0,0,0,0
57.18140826108639,1,39.33553408593987,0,1,2,9,0,0,0,1,0
44.4443440100285,1,26.89425614617487,2,1,3,4,0,0,0,0,0
80.38519858694806,1,25.7357090964935,2,3,2,7,1,0,0,1,1
57.16489707589055,1,27.147956516570453,0,2,3,3,0,0,0,0,0
20.0,1,22.79340497799951,0,1,0,1,0,0,0,0,0
60.09033719134331,1,29.647395310467694,2,1,2,5,1,0,0,0,0
49.7776390477403,0,26.80500973088551,2,2,1,1,0,1,0,2,1
53.876101658223284,1,26.575858519462454,1,1,2,2,0,1,0,0,0
49.47070951321451,1,21.879398885665303,0,1,2,7,0,0,0,0,0
67.1056962491003,1,17.178348367754534,1,0,3,1,0,0,0,2,0
71.79531667830072,1,22.493069554613548,1,2,0,6,0,0,0,1,0
59.24579743387981,0,26.41316928129946,2,3,0,7,0,0,0,1,1
49.91033219292761,1,22.77650260127527,0,3,3,4,0,0,0,0,0
54.37994192786245,1,26.458635835336853,1,1,3,4,0,1,0,1,0
55.293994248664426,0,23.838190615718474,0,1,0,2,1,1,0,0,0
42.963549402027446,0,27.152897423132618,1,0,1,5,0,0,0,1,0
63.68392972856852,1,20.11587937062343,0,1,0,7,0,0,0,1,0
61.900634857906994,0,25.964450059425406,2,1,2,4,1,0,0,2,1
78.1066185966501,0,21.795229268243016,0,2,2,8,0,1,0,0,0
73.83024670432712,0,17.30858528934682,1,0,2,8,0,0,0,0,0
44.714876236148044,1,24.174229384858126,1,1,2,7,0,0,0,1,0
67.30447561763447,0,32.68158786909024,2,1,2,3,0,0,0,2,1
40.73569925358292,0,17.707117960770088,2,0,1,10,0,0,0,0,0
65.43898151411274,1,25.596961251970995,0,0,2,9,0,0,0,0,0
47.25078701859838,1,28.987885316321123,0,1,2,8,1,0,1,0,0
39.651201649366236,1,36.50015342572226,1,1,3,10,0,0,0,1,0
59.20068014046107,0,22.535335087766562,1,1,3,1,0,0,0,0,0
20.0,1,21.839996976978433,0,1,2,9,0,1,0,2,0
28.73536638392158,0,19.166539020303667,2,0,0,7,0,0,0,1,0
52.33762174338575,1,30.702581674231098,0,0,0,10,0,1,1,0,0
56.236626499522636,1,20.662928353804624,2,0,2,10,0,0,1,0,0
49.46021844762717,0,23.14701784112325,0,0,0,4,0,0,0,1,0
31.30845551923602,1,15.755310613143724,0,2,1,5,0,2,1,0,0
42.73162236792242,0,29.41985921339263,0,0,0,7,1,2,0,1,0
60.868139908560906,1,30.79129140389013,1,0,3,8,2,0,0,1,0
63.72672655942544,0,29.228875317921826,0,0,1,4,1,0,0,1,0
54.756653236060885,1,16.973373593231408,2,1,0,7,2,0,0,0,0
72.35250671555482,0,28.03575520389653,0,1,3,6,0,0,0,2,0
60.960955351888515,0,16.636648076379995,0,0,2,9,0,0,0,1,0
43.78816519062681,1,25.290201510321204,2,0,0,4,0,0,1,0,0
50.79246919882574,1,26.025387899918986,2,3,3,4,0,1,0,0,0
33.95700764188218,1,26.550916090541325,1,3,0,3,1,1,0,0,0
53.37791514412875,0,27.67318266318734,2,2,3,8,0,2,0,0,0
71.68150928832009,0,24.95983198220364,0,0,2,8,0,0,0,0,0
65.27935127066452,1,15.187852436357238,0,1,0,4,0,0,0,0,0
76.03013988878683,0,27.67560504399766,0,1,2,3,0,0,0,0,0
50.456721343015104,0,25.48804070563874,2,0,1,6,0,1,0,0,0
75.19149691771386,1,20.486901043143835,1,1,2,9,0,0,0,1,0
52.10043660328045,0,17.153012894316955,0,1,3,8,0,1,0,2,0
77.0737762385484,0,32.70011092962179,0,1,1,7,1,0,0,2,1
54.67214878836815,0,31.15650269145341,0,1,1,7,0,0,0,1,0
65.60847060706415,1,28.52978703653727,0,1,3,5,0,0,0,0,0
77.12668546464784,1,21.618500443826484,1,2,2,2,0,1,0,0,1
52.098585571281916,0,15.0,0,2,2,9,0,0,0,0,0
58.27583481316261,1,28.823395877176175,0,1,1,3,0,0,0,1,0
74.33295137809453,0,26.833433869275375,0,1,1,9,1,0,0,1,0
53.00495254104904,1,23.126688454639115,1,2,2,10,2,1,1,0,1
35.186615762407584,1,30.62403153348938,1,3,1,2,1,0,1,0,0
87.14510581877364,1,29.239987669814248,1,1,1,1,1,0,0,1,1
47.95353303494295,0,25.880477441154248,2,1,2,10,1,1,0,0,0
57.38134076406314,1,25.17529208935557,0,2,0,7,0,1,0,0,0
72.3401000417669,1,25.254838587998407,0,1,2,1,1,1,0,2,1
45.87259144403197,1,28.399699364173728,2,2,2,8,1,1,0,0,0
39.88198130166805,1,20.71261826728506,0,2,0,3,0,0,0,0,0
58.806059451622495,1,27.129915608925185,1,2,2,3,2,0,0,0,0
28.103854031314157,0,20.397045277652047,2,1,1,9,2,1,0,0,0
50.6814088469812,1,31.682775858761172,1,0,3,1,0,0,1,0,0
58.675579964731085,1,27.660642857876173,0,1,3,7,0,0,0,2,0
50.950721547622535,1,21.55885869180535,2,0,2,2,0,0,1,1,0
31.848235852213794,0,25.40297912014875,0,1,1,3,0,0,0,1,0
78.91266934306017,0,20.731068099859797,1,2,3,10,0,0,0,1,0
56.55307230923763,0,32.52056418850398,0,1,3,8,0,0,0,1,0
76.46728176642611,0,33.11437992235605,1,0,1,3,0,0,0,0,1
51.09945624729333,0,28.48111841281424,1,1,2,2,0,1,0,0,0
41.79982027463854,1,32.78328283827289,1,0,0,7,0,0,0,1,0
59.0377138038274,0,25.758979744362502,2,2,0,3,0,0,0,0,0
51.76319310507671,0,28.817562835873986,2,2,2,8,0,0,0,0,0
37.33357813012963,0,31.12362260954878,0,2,2,4,2,0,0,1,0
77.04676388181244,0,24.971282022420414,2,0,1,6,0,0,0,0,0
45.66594665659006,1,25.355519286586727,0,0,0,8,0,0,0,1,0
27.396004228066474,0,29.66828300714449,0,3,2,4,0,0,0,1,0
74.92249080936,0,28.232489827979965,2,0,1,5,0,1,0,0,1
47.43552976281065,1,21.222696398994735,1,1,2,3,2,0,0,0,0
45.88264161076563,1,15.0,0,2,2,4,0,0,0,1,0
28.51918619455039,0,24.122359687014757,1,1,2,10,0,0,0,0,0
81.11412229895487,1,15.0,0,1,0,8,1,1,0,2,0
35.657791191854685,1,20.044913319472258,1,0,2,7,0,1,0,1,0
55.87674221058475,1,20.62856521399808,1,3,1,6,0,0,0,0,0
68.68930483810661,0,22.15678844529937,2,1,3,5,0,0,0,2,0
61.325753995046455,1,29.102190720817706,0,0,0,9,0,0,0,0,0
54.10518532011712,0,30.1883977036513,0,1,1,4,0,0,0,1,0
29.475012125688757,0,27.543703599036036,0,0,1,3,0,0,0,0,0
42.85412746349074,0,28.162534880309025,0,1,2,6,0,0,0,1,0
57.81700507063783,0,28.28060228184323,2,1,2,2,0,0,0,0,0
43.19238895019505,1,15.0,2,0,1,9,0,0,0,0,0
58.05039189998151,1,25.050988410035583,2,0,2,6,0,1,1,0,1
65.22615113222713,0,16.017706394149975,1,0,1,3,0,0,0,0,0
69.43754328700152,0,27.5456973783577,2,0,2,2,1,0,1,0,1
36.607309632809745,0,15.0,0,1,0,9,0,0,0,0,0
87.94969082468431,1,24.097807323246503,0,2,3,10,0,0,0,0,0
66.51219016831196,1,27.738848880097933,0,0,3,3,0,2,0,0,1
54.97428769496404,1,19.41121025841844,2,0,3,6,2,0,0,1,0
71.3430487461496,1,29.8085798025661,1,1,3,9,0,0,0,0,0
90.0,1,27.533110849758735,1,1,1,3,0,0,0,0,1
33.41919848414696,1,26.90412347918955,0,2,1,9,0,0,0,1,0
51.6210603626297,0,28.49000793755266,1,3,0,2,1,0,1,0,1
20.0,1,23.20399956116672,2,1,0,4,0,0,0,1,0
57.88977298972037,1,25.759594318784043,0,0,0,10,0,0,1,0,0
60.48091362887711,1,25.050257861170994,1,0,2,3,0,0,0,0,0
54.41256826835861,1,24.937255276919277,0,0,2,7,0,0,0,0,0
45.181996435025354,1,21.639844616764613,2,2,3,4,1,0,0,2,0
24.25728225717512,1,18.78733942638647,1,1,1,4,0,0,0,0,0
60.603005251176526,1,23.315708253552625,0,0,2,1,2,0,0,1,0
76.83151725872987,0,23.040260464028666,1,2,1,10,1,1,0,1,1
46.134723163998515,0,21.31634506241555,0,2,3,3,1,0,0,0,0
61.600898935347175,1,29.260268909050122,2,2,3,5,0,1,0,0,0
31.47783529869924,0,19.138966910721933,2,0,1,5,0,0,0,0,0
61.85819595538771,1,24.142454205543793,1,0,0,4,0,1,0,1,0
49.09926553383014,1,30.831698557806263,0,0,0,7,0,1,0,1,0
43.56373074095629,1,29.545646762997762,1,1,2,10,0,0,0,0,0
43.59454538175804,1,31.081469425486414,1,1,1,10,2,0,0,1,0
49.095826269504855,0,22.046097113128866,0,2,2,4,1,0,0,0,0
60.73649973538803,1,28.921440628638535,0,0,2,7,1,0,0,0,0
35.31755198206723,1,19.68514801510934,2,1,2,6,0,0,1,0,0
49.043270026482205,0,23.6206302209173,2,2,3,6,0,0,0,0,0
54.377923330012784,0,24.091220946099035,2,0,2,5,0,1,0,2,0
38.51441163202211,1,22.120798939009948,1,0,2,8,2,0,0,1,0
81.94997802512526,1,23.190930059577376,2,1,0,9,0,0,0,1,0
42.19756779907988,1,22.533120362513237,1,2,2,9,0,0,0,0,0
44.958446295497644,1,20.08803094449152,0,3,2,6,1,0,0,1,0
40.32538075266253,0,29.282067530028957,2,2,3,5,1,0,0,1,0
81.97720130707177,0,24.087749985628655,2,2,2,1,0,0,0,0,1
63.29357842899222,0,26.007182719586428,2,1,2,3,2,1,0,0,1
40.95111990634537,1,25.818884355964272,2,0,2,8,0,0,0,1,0
71.59347338289953,0,25.273632125550108,2,2,0,1,0,0,0,0,1
58.01048041433317,1,25.464022730282142,1,3,1,1,0,0,0,1,0
58.858801316672526,1,23.472913899844894,2,1,0,8,1,0,0,2,0
49.83284186871321,1,32.091984342574314,1,1,0,7,0,0,0,2,0
43.7587601956454,0,28.803723808176795,0,1,1,2,2,0,0,0,0
60.06649148581902,1,25.0919101638551,2,3,2,6,1,0,0,2,0
46.823691550066144,0,22.764727820169682,2,0,3,9,1,0,0,0,0
82.25133444362658,0,24.4058957863546,0,2,3,8,2,1,0,0,1
35.960633421353435,0,27.08810758185873,2,2,1,6,1,0,0,0,0
78.04235159282418,1,32.49970046268156,0,2,0,2,0,0,0,1,1
53.33021726803299,0,18.134762276674778,2,1,1,3,0,2,0,0,0
59.48628601031659,1,28.298873793208887,1,3,1,3,0,0,0,0,1
67.49736649944151,0,30.633618183893173,1,0,1,9,0,0,0,0,0
45.546260574933456,0,17.566407650473842,2,0,2,9,1,0,0,0,0
67.96372577047954,0,24.094245616343628,2,1,0,5,2,0,0,0,1
20.0,1,19.677410134584804,2,0,1,5,0,2,1,1,0
44.20015700167092,1,27.15264805838517,2,1,2,8,0,0,0,1,0
41.13905788988402,1,23.208245338222238,0,0,1,3,0,0,0,0,0
36.19740981442358,1,24.349304665599373,0,2,2,9,1,1,0,0,0
51.77567742881573,1,22.94472096360763,2,1,0,5,0,0,0,0,0
60.78624952272542,1,28.60081716384134,2,2,0,9,0,0,1,0,1
65.53989997748958,1,26.145164802990692,0,0,1,10,0,0,0,0,0
58.613151358006114,1,26.154633820198278,0,0,0,9,0,0,0,0,0
45.0145980265968,0,25.803109125407268,0,0,1,4,1,0,0,0,0
60.535246567377506,1,27.862454402260685,0,0,0,2,0,0,0,1,0
56.86428542276276,1,23.690140725718383,2,0,1,7,0,0,0,2,0
69.04084251904024,1,33.50387393770463,0,0,2,1,0,2,0,0,1
66.65405054397274,1,18.826026243907403,0,1,1,7,0,0,0,0,0
55.457146208809434,0,16.370407759151757,2,0,0,1,1,0,0,0,0
41.54120490758115,1,15.956597156957134,0,1,2,5,0,0,0,1,0
45.20574766251879,0,15.0,2,0,2,1,2,1,0,0,0
46.7531596054295,1,28.36584907410126,0,2,1,8,0,0,0,0,0
50.27100499125616,1,27.756838496413202,1,0,1,1,0,0,0,0,0
59.0207564138463,1,31.038882458877975,0,1,1,6,1,0,0,1,0
65.72761585192087,0,19.71680892647239,0,1,0,1,0,0,0,0,0
54.23321960476933,0,28.727307273727504,1,2,2,2,0,0,0,1,0
55.241871818507086,0,25.28412031074653,2,1,2,4,0,2,0,0,0
57.14959457500006,0,25.832932495779296,1,1,2,8,0,0,0,0,0
47.2614203030149,1,28.12811447674804,0,1,1,3,0,0,0,1,0
41.11911613535566,1,21.218591244687783,2,1,3,8,0,0,0,1,0
28.668431540339352,1,37.93624567702244,0,0,3,7,0,0,0,0,0
44.57275962884691,1,31.65940152137677,2,1,1,6,1,2,0,1,1
62.0971817990168,0,22.341470230023198,0,3,1,10,1,0,0,0,0
44.45632842940649,0,19.54630971138326,1,1,2,1,0,0,0,1,0
51.4328944386109,0,24.56047919097654,0,1,2,6,2,0,0,0,0
61.996469311184754,1,25.911292217910212,1,0,2,6,0,0,0,0,0
62.81034244634003,1,30.328076298541554,1,2,3,10,0,0,0,0,0
38.807007217509415,1,19.15639544215837,1,0,0,8,0,0,0,2,0
69.95589034680462,0,26.42743471599583,0,0,1,6,1,0,0,1,0
71.91025134033228,0,17.354924877926052,2,1,0,2,2,2,0,0,1
38.0522521417216,1,27.181787967055595,2,1,0,10,0,0,0,1,0
42.64244695538269,0,24.462478897709747,1,3,0,3,0,0,0,0,0
72.86636024719287,1,34.683398811428816,1,0,1,2,1,2,0,0,1
52.79719718117049,0,17.269987278901617,1,1,2,3,2,0,0,1,0
21.70333078822224,0,31.853041907450525,0,0,0,1,0,0,0,1,0
34.00477742900971,1,16.48084332416891,2,2,2,7,1,0,0,0,0
51.25945562241278,0,18.36394862796748,0,1,1,5,0,1,0,0,0
37.554360245730976,1,16.614527207639174,1,1,1,9,0,0,0,0,0
48.79864344045338,1,26.25176304225527,1,1,0,7,1,1,0,0,0
55.48594320525368,1,19.131505946231332,1,1,0,1,0,1,0,0,0
76.93381906052093,1,18.25834247359731,2,1,2,1,0,1,0,1,1
50.643191256583165,1,26.013838008116903,0,1,2,2,0,0,0,2,0
71.08812699359139,0,27.258876929373454,2,1,2,7,0,2,0,0,1
76.43140243055156,1,25.19924652075163,1,1,0,7,0,0,1,1,1
76.51464504028114,1,24.188904254892236,0,2,3,9,0,0,0,1,0
59.27131890078353,0,34.14454816218589,1,1,1,3,2,0,0,0,1
25.550662782415387,1,25.72918133120985,2,3,2,3,1,0,0,0,0
61.91237298105798,1,29.028457369611246,0,0,0,8,0,0,0,1,0
70.7259983172031,1,25.714610628449794,1,0,1,6,1,0,0,0,0
53.78399341846874,1,19.510618558726577,1,1,2,3,0,2,0,0,0
81.16875805112872,0,27.749438409510084,1,0,2,8,0,0,0,2,1
67.89750342201187,1,21.72101344265104,2,1,2,3,0,0,0,1,0
63.52410065729176,0,24.545069309803818,0,0,1,6,0,0,0,1,0
71.29571066808757,0,26.52701340946713,1,2,1,1,1,0,0,0,1
60.00054776891317,1,15.292909665566786,1,1,3,4,0,0,0,0,0
20.0,1,16.952489380541355,0,1,1,6,0,0,0,1,0
47.51291572794452,0,29.547295862487815,2,2,0,5,0,0,0,0,0
72.9575204087178,1,21.68126776700528,0,0,1,4,0,0,0,0,0
42.88612989852556,1,21.918390054455696,0,2,1,10,1,0,0,0,0
51.64791242144591,1,25.832191986854102,2,1,0,1,0,1,0,0,1
39.32745529145393,1,23.071637014390653,0,0,2,4,0,0,0,1,0
81.75883892802653,1,27.08794190821395,2,2,2,1,0,0,0,2,1
80.22238686127022,0,24.74439105633478,2,1,1,10,0,2,0,1,1
41.74196657288906,0,25.99301475090224,0,1,3,4,0,0,0,0,0
57.20947000583626,1,21.490708048788736,0,2,2,3,0,0,0,1,0
44.792589283539286,0,25.967974116404637,0,2,2,7,2,1,0,1,0
64.22416958547068,1,30.52544543417722,0,2,2,6,2,0,0,1,1
62.64524615863493,1,22.161258919429006,0,1,2,6,0,0,0,0,0
67.17558357419898,1,29.576591501360756,2,2,0,10,0,0,0,0,0
59.97877671561831,0,24.742198408386756,2,0,2,3,0,0,0,1,0
90.0,0,28.672408279889687,0,2,3,6,1,0,0,1,1
39.581143524838915,0,25.643856591765555,2,1,0,3,0,0,0,1,0
29.340949683452287,1,24.83294539951037,0,1,2,7,0,0,0,0,0
49.10364698947808,0,26.74864841038183,1,2,2,2,0,0,0,2,0
31.480176016595987,1,31.067987811511244,0,2,1,9,0,0,0,0,0
32.61306594991011,0,26.180486471075376,0,3,3,10,0,1,0,0,0
39.980280187030495,1,27.392654154541987,2,1,0,2,0,0,0,1,0
41.16716641852559,0,23.15757543211649,1,0,1,1,2,1,0,0,0
40.6807284707491,1,32.85443236997513,1,3,3,4,1,0,0,0,0
62.77328425668117,0,28.201685554648357,1,1,1,8,0,0,0,0,0
47.407164083719955,0,25.38854230012503,0,2,2,7,0,1,0,0,0
52.3072813769128,1,24.386731638726626,2,2,2,6,0,0,0,0,0
68.41349161751403,0,29.889541346365554,2,2,0,10,0,1,1,0,1
43.505162128278606,1,21.9689796147737,0,1,1,7,1,0,0,1,0
51.03181151942917,1,16.085624918643333,0,2,3,4,2,2,0,0,0
60.48639979139374,1,25.361997997122277,1,0,1,8,0,0,0,1,0
25.87648299069668,1,30.950022865571718,1,3,2,4,0,1,1,2,0
20.0,0,32.95654405592337,1,0,1,10,0,0,0,0,0
60.19175993196584,0,24.4635302828306,1,0,3,8,2,0,0,1,0
62.380214208503475,0,25.217938319708917,2,1,3,5,0,1,0,0,0
85.96330202278617,0,27.597652162579777,0,2,0,9,0,2,0,0,1
57.37142313800215,0,23.678252905681177,1,2,2,7,0,0,0,2,0
67.29609575887142,0,27.582029741955743,1,1,3,10,1,0,0,1,0
52.06791034621039,1,24.57299124465866,1,2,3,10,0,0,1,0,0
59.4584083237763,1,30.0568412859509,0,2,1,6,0,0,0,0,0
80.00885262624301,0,28.614902565489118,1,1,1,2,0,0,0,0,1
23.140107728115467,0,29.051139161512165,1,1,1,6,0,0,0,0,0
61.20424386357521,0,23.97341177598956,1,1,2,1,0,0,0,2,0
87.03380095116049,0,34.629636602511304,0,2,3,2,0,0,0,0,1
59.23051328814014,1,27.41955971189736,1,3,2,5,0,0,0,0,0
79.75859444849272,0,26.236470267434157,2,0,0,7,2,0,1,0,1
45.561817757058364,0,21.19528509716514,2,0,0,1,0,0,0,1,0
54.5192875875443,1,24.51464089925723,2,0,3,2,0,0,0,1,0
55.50287053582881,1,25.57189880351318,1,1,1,4,0,0,0,0,0
21.736133809618437,1,21.0616135178785,0,1,2,9,0,0,0,0,0
37.477332582247,1,23.53841427115456,1,1,2,8,0,0,0,0,0
38.54687380924021,0,24.17099990948495,0,1,3,10,1,0,0,1,0
67.3309911704879,0,25.279603304616092,2,1,1,9,0,0,0,0,0
68.08229658526082,0,16.186465049791977,0,0,1,4,0,0,0,0,0
59.860546640598,0,24.32364729647868,2,1,3,7,0,0,0,0,0
67.36154345283559,1,23.11326908460034,2,0,2,3,0,0,0,0,0
52.53775880917339,1,24.895579251875503,2,2,0,8,0,1,1,1,1
73.02897504309314,0,30.176382830901282,2,1,0,7,2,0,0,0,1
55.131826639481076,0,35.26197746060603,1,1,1,8,0,2,0,0,1
55.867960711401345,0,28.391885998223135,1,1,3,9,1,0,0,0,0
51.01611050106383,1,18.82788913966832,0,1,1,6,0,0,1,1,0
65.26675716454642,0,23.27296524083733,0,1,3,4,0,0,0,1,0
48.6820177508063,0,27.979816544155454,0,0,0,3,1,0,0,0,0
69.64647065797102,1,27.416452482145115,0,1,0,3,0,0,0,0,0
38.0177628892599,0,29.93662867726537,2,0,3,6,0,2,0,1,0
38.51625617907709,0,24.513245028547022,0,1,3,8,1,0,0,1,0
65.31140132689757,0,23.182498778172473,2,2,0,8,0,0,0,1,0
53.67183678125481,0,33.762120019580195,0,1,1,8,0,0,0,0,0
48.19162875770307,0,25.293353016848187,2,2,2,9,1,0,0,1,0
68.3508659871319,0,19.916628119894426,0,0,0,1,0,1,1,2,1
45.89107878870873,1,32.37566828516461,1,0,3,7,0,0,0,1,0
51.996981185494455,1,17.519522543027776,1,0,1,10,0,1,0,0,0
75.9884192510674,1,15.0,2,0,1,9,0,0,0,0,0
78.08713518715976,1,28.84693379018787,0,1,0,2,0,0,0,0,1
78.5859731540549,0,29.55350485512316,2,1,0,4,0,0,0,1,1
50.76811334599133,1,27.070064709723454,1,2,1,6,2,2,0,1,1
73.46054357476706,0,18.48771958003975,0,2,0,4,0,0,1,1,1
40.765707583469826,0,24.705650723788395,0,1,2,9,1,0,0,0,0
41.39645687916909,0,23.609157132230642,2,1,2,10,0,0,0,0,0
20.0,0,22.31355494553805,0,0,0,1,0,1,0,0,0
80.09302302847794,1,32.0603471540464,2,1,2,9,0,0,0,2,1
42.04030226385883,0,19.766669706841554,0,0,3,10,0,0,0,0,0
53.1020113037941,0,26.580522265532,1,1,1,1,1,1,0,0,1
41.34513487107574,0,30.970234918312876,1,2,3,1,0,1,0,1,0
65.42747872495211,0,26.907207626595188,1,1,0,5,0,0,0,0,0
49.3654950892399,0,31.20559186247687,0,0,1,1,0,0,0,1,0
35.427746643505756,0,27.818573612144647,2,3,1,10,0,0,0,2,0
61.62493846279091,0,27.146748352460143,2,0,3,9,0,0,0,1,0
33.49404962784657,1,26.834174344160736,1,3,1,6,2,0,1,0,0
42.43891412026763,0,28.06721633325075,1,2,1,9,1,0,0,1,0
23.396663280608788,0,23.072304512938697,1,1,3,5,1,0,0,1,0
33.6406283170359,1,18.490630740636067,2,0,3,6,0,1,0,1,0
57.67793754580717,1,29.770217057316547,2,3,3,2,0,0,0,0,0
25.53195942845613,0,30.80871150252883,0,1,2,9,0,0,0,1,0
32.78281413067427,0,26.259894054530218,0,0,2,3,0,0,0,0,0
54.96446625800788,1,22.258121901828147,2,1,1,5,2,1,0,0,0
46.84589655860421,0,17.21141441735181,0,1,2,8,1,1,0,0,0
84.88054953938963,1,25.42903549961694,2,0,1,5,0,1,0,0,1
82.50844819036563,0,18.255248276410143,1,0,2,10,2,0,0,0,0
41.9811630587327,1,17.55506248681037,0,0,1,4,1,0,0,2,0
63.35706427605223,1,24.896342359921537,0,0,3,4,2,0,0,0,0
66.23923835319177,1,21.181152494059926,1,0,0,5,0,1,0,1,0
46.03781712963395,0,26.726547780823854,2,0,2,3,0,0,0,0,0
32.56687695252694,0,24.20352198719063,0,0,2,10,0,0,0,0,0
54.81552326037914,0,21.96682716888695,0,0,1,4,0,0,0,0,0
52.40731487778834,1,16.47542459635517,2,3,0,5,0,0,0,0,0
48.463532545440714,1,20.73555937084821,0,1,0,4,0,0,0,1,0
61.63475302246728,0,20.919317549744548,1,1,3,3,1,0,0,0,0
43.73905589491602,1,18.87346163242519,1,1,3,1,0,0,0,0,0
37.72003678631285,0,23.354778523788074,0,0,0,2,0,0,0,0,0
56.63624455524748,0,19.26374004412674,0,2,1,9,2,1,0,0,0
60.78955138853314,1,24.181286263543925,0,1,1,10,1,0,0,1,0
37.350325841499206,0,26.202056068343282,0,1,1,2,1,0,0,1,0
68.92135916486622,0,20.86915022805411,1,3,1,2,0,0,0,0,0
28.442782933358828,0,27.127043147092923,1,2,3,5,0,0,0,1,0
46.32829811926535,1,18.193210643761482,1,1,3,10,0,0,0,0,0
51.12987195703587,1,19.439113008018545,1,3,0,9,0,0,0,0,0
45.45664431022105,1,24.433913511876156,0,2,2,3,0,0,0,2,0
46.524092896732114,1,28.435205459443193,0,3,0,9,1,0,0,0,0
83.06611723462171,1,29.336997707446333,0,0,2,4,0,0,0,0,0
42.23673866441652,0,33.0619531107878,1,3,3,3,0,0,0,1,0
90.0,1,23.11705562591245,2,1,2,5,0,0,0,1,1
61.55690169596578,1,24.36249340660848,0,1,1,7,0,0,0,0,0
56.38082705967988,1,19.836622354910066,1,0,3,7,0,1,1,0,0
62.14360530081499,1,18.731168340044885,2,0,2,2,0,0,0,1,0
90.0,1,26.142860431637626,2,0,1,7,0,0,0,0,1
40.09610494102828,0,21.120642502768785,2,1,1,7,0,0,0,0,0
38.19373121595416,0,31.16189600008645,0,0,2,2,0,0,0,0,0
43.677007051421185,1,17.688071340663047,0,0,0,10,0,0,0,1,0
55.48214720446841,1,27.43176602912348,0,3,0,9,0,0,0,1,0
29.1134331278114,1,19.971303805914854,0,2,3,8,0,0,1,0,0
55.33508858977912,0,20.897757666139583,1,1,0,2,0,0,0,0,0
80.40320700120508,0,27.695560326260154,2,2,2,6,0,0,0,0,1
57.27111085937166,1,21.620597819460457,1,1,1,8,2,0,1,0,1
50.609718115370846,1,22.4210796624005,0,0,3,9,0,0,1,0,0
45.72759326974559,1,20.939208182242155,0,1,3,1,0,0,0,2,0
68.47767556827347,0,33.92514895806721,2,1,3,7,0,0,0,1,1
42.61250840142929,1,21.912568444599952,1,0,0,10,0,0,0,0,0
82.69593880898871,1,25.257761087163814,2,1,1,5,0,0,0,1,1
84.00039621571536,1,23.99043199859463,2,1,2,9,0,0,0,0,0
58.85126197992681,0,26.107085308621304,2,1,3,9,0,0,0,1,0
54.827273678850325,0,21.926315265170324,2,0,1,3,1,0,0,0,0
70.45989712362339,1,23.995913827291748,1,2,0,10,1,0,0,0,0
71.42197753340989,0,26.969760044969675,2,1,1,7,1,0,0,1,1
42.91012403410877,1,20.68496430998504,1,1,1,3,1,0,0,2,0
47.10167300294947,0,30.446606783140773,0,3,2,4,2,0,0,1,0
35.16478847975057,1,30.927402595208164,0,2,2,8,2,0,0,1,0
61.13597407501086,0,28.032463130793698,0,2,0,1,0,0,0,1,1
64.99941825185336,0,25.349381917982416,0,0,2,4,0,0,0,1,0
34.75111543208091,1,15.0,0,2,2,4,0,1,0,0,0
48.17201642775761,1,27.121455663272314,1,1,1,3,2,1,0,0,0
34.79119123627976,0,23.043347973855678,2,2,2,2,0,0,0,0,0
41.51800284634243,0,23.768627942912303,1,2,2,8,0,0,0,0,0
63.26525590339449,1,15.513113347385918,1,1,1,6,0,0,0,1,0
43.99776899982581,0,27.467942429370964,0,1,3,2,1,0,0,0,0
50.48761065951552,1,17.757094765865226,0,0,0,8,1,0,0,0,0
30.590324080790268,0,25.592122729956973,1,1,3,8,0,2,1,0,0
57.80485314586996,1,29.523287409549205,2,1,2,7,0,2,0,1,1
54.335900202330265,1,22.653359093412238,0,1,2,8,1,0,0,2,0
44.06561124950257,1,31.080258626142204,1,1,0,9,0,0,0,1,0
52.164785534762885,0,21.2650481089641,2,2,3,3,0,0,0,0,0
57.70442320755166,1,28.002165383655008,0,1,1,2,1,0,0,0,0
42.776977766359835,0,18.476071242707363,0,3,2,7,0,0,0,0,0
32.85606183997331,1,30.15565217340262,2,2,3,2,0,0,0,1,0
82.08361649030223,0,29.37995191289645,1,3,1,3,0,0,1,1,1
45.50090942934591,1,27.341789614818648,0,2,3,6,0,0,0,0,0
53.54859845219666,0,23.033579316930943,0,1,2,9,1,0,0,1,0
70.16259602530471,1,17.98999688285944,1,1,2,9,0,0,1,1,0
90.0,0,23.04679842390271,0,2,3,10,0,0,0,1,0
36.33270325166701,0,30.551535878740612,2,1,2,2,0,0,0,1,0
61.74740820589765,0,25.649809357845577,0,1,1,1,0,0,0,1,0
44.386715720588406,0,17.23481535243775,0,2,2,6,0,0,0,0,0
46.91814543134934,0,19.376361802900295,0,2,2,7,0,0,0,1,0
44.19681968489815,0,31.2657570042614,2,0,0,8,0,0,0,0,0
38.115175482991226,1,27.43956376063943,2,1,0,4,1,1,0,2,1
54.38062957323008,0,18.82999939630036,2,1,0,7,1,1,0,0,0
32.88245969427646,1,16.17084251912703,1,0,0,9,0,0,0,1,0
69.20211349767806,0,21.874789326999668,2,3,2,1,0,0,1,2,1
55.82504404050062,1,15.743206460050402,2,2,0,3,0,0,0,1,0
61.336524593521595,0,24.220827549964998,0,1,1,5,0,0,0,1,0
48.00717082080666,1,37.258126859181516,2,1,1,7,1,0,0,1,1
49.49194098682378,1,17.01521962150414,2,2,3,5,1,0,0,0,0
59.31345857750992,0,24.069871683968923,2,0,1,1,0,2,0,0,0
37.53924051391262,1,31.559632876656256,2,1,2,1,0,0,0,2,0
49.63014348379996,0,28.745439291500475,2,1,1,1,0,2,1,0,1
42.10579729182319,1,24.256296426004308,2,2,0,8,1,0,0,0,0
41.641467841134784,0,24.268256649159014,1,2,0,7,1,0,0,0,0
23.352426390615378,0,19.2204510878771,2,1,1,3,0,0,1,0,0
75.0898988422,0,23.661721149972234,0,2,0,4,2,0,0,2,1
44.70191870269347,1,26.21720357120065,2,3,2,8,0,1,0,0,0
72.45064082745326,0,30.52556771637045,2,1,1,7,0,0,0,1,1
71.03188482091439,1,21.899121882426222,2,0,2,7,0,0,0,0,0
35.71000440225259,1,24.050824359682686,2,2,0,6,0,0,0,0,0
38.673831464907316,0,20.253932596216586,1,1,2,9,1,0,1,1,0
90.0,1,26.126625897702525,1,1,0,6,0,0,0,0,1
81.26388912890715,1,28.918897251544816,0,0,2,1,0,0,0,1,1
54.527222300078435,1,28.148240067149473,0,1,1,5,0,1,1,2,1
58.860596596260244,1,19.149064622788224,1,1,2,8,0,0,0,1,0
45.53730395579217,1,25.734316047282075,1,1,3,6,2,0,0,1,0
61.4852907130051,1,21.61343735874906,0,0,1,5,1,0,0,0,0
44.24227148916293,0,30.055250078264166,0,1,0,9,0,0,0,0,0
24.51469353552423,0,24.19343638613231,0,2,3,7,0,0,1,1,0
35.17666320233424,0,17.402433308794578,2,0,1,7,1,2,0,1,0
55.316391217758806,0,23.900986471961335,1,2,2,1,1,0,0,0,0
38.033991467461185,0,27.292362845994408,0,0,1,2,0,0,1,0,0
53.990838026296984,1,26.220030315714,2,1,1,10,0,0,0,1,0
38.88008440850705,0,22.441019931740097,0,1,2,5,0,0,0,0,0
43.2646911624701,1,22.07363305064427,1,1,0,3,0,2,0,0,0
67.79747959619787,1,20.06247800891842,0,1,3,8,0,0,0,0,0
58.71220821460157,0,23.02625189832347,2,0,1,4,0,0,0,0,0
54.85503368029979,0,20.72160516737099,0,0,0,7,1,0,0,2,0
68.18445959605977,1,29.850429930886573,2,2,1,5,0,0,0,0,0
62.20912890021021,1,20.49431304634192,1,1,2,6,0,0,0,1,0
76.69844936877051,1,25.611422311811005,0,3,3,7,0,0,0,0,0
48.102111065272894,0,25.271519516631663,0,2,2,8,0,0,0,1,0
48.55547532208737,1,29.728337239424555,0,2,1,3,0,0,0,1,0
35.48336100412982,0,30.446841444791854,2,1,2,3,0,0,0,2,0
48.5652892394137,1,28.47984971640664,0,0,3,2,0,0,0,1,0
69.47154841453668,1,26.76464171645065,2,3,1,6,0,0,0,2,1
74.499810583932,0,19.756769269529713,1,0,1,2,0,0,0,0,0
69.40457752130001,0,19.655649561308714,0,1,2,1,0,1,0,0,0
28.087122001758456,0,20.771545901175255,0,2,3,1,1,0,0,1,0
71.24717818991101,0,28.759604998139576,2,1,2,9,0,0,0,0,0
27.422220650918938,1,25.36664964125318,0,0,1,1,1,0,0,2,0
68.47175986183521,0,29.343286203677813,0,1,0,7,2,1,0,0,1
49.48323210143417,1,30.014013671600416,1,3,0,5,0,0,0,0,0
65.53799970900783,0,21.37024049850376,0,3,3,6,0,0,0,1,0
35.013274781581515,1,25.160371637785936,1,2,3,10,0,0,0,1,0
72.5675144905922,1,24.93503160658205,0,2,2,9,0,0,0,1,0
33.025378808426666,1,23.361061551878926,2,0,1,3,1,0,0,0,0
44.97317633720233,1,22.32578572737644,1,0,2,6,0,0,0,0,0
40.028580583464475,0,30.923777517055285,2,1,0,7,0,0,0,0,0
28.685727207662516,1,25.259858633577505,0,0,2,2,0,1,0,0,0
56.417913513827024,0,25.06572394279884,0,1,3,6,2,0,1,1,0
82.09133676755442,0,20.98611162565702,2,0,0,6,0,0,0,1,1
90.0,0,28.376062152067522,0,1,1,5,1,0,0,0,1
56.45733680629372,1,19.974462495809924,1,0,0,7,0,0,0,0,0
71.75021912601284,1,27.27452764422341,0,0,1,9,0,0,0,0,0
58.48141956892806,1,27.411146800275812,2,2,2,7,1,2,1,0,1
62.483247921523194,0,22.937424753382157,0,0,1,2,0,0,0,2,0
49.86777023309142,0,26.5882604059159,2,0,2,4,0,0,0,0,0
57.92615388133903,1,25.928347795222436,1,0,2,1,0,0,1,1,1
63.06218056909643,1,24.80319687594925,0,2,3,2,0,0,0,0,0
46.32310406685503,0,25.064719900726164,0,1,3,9,0,0,0,1,0
53.83758550160518,1,25.308909115967605,2,1,2,7,0,0,0,0,0
54.12354821503768,0,25.649558363360242,2,0,1,8,0,0,0,0,0
67.39604975995786,0,25.301210156718533,1,1,0,8,1,0,0,0,1
39.00951742558479,0,19.48067904893929,1,0,2,2,0,1,0,1,0
54.226866870885225,0,24.238945244971976,0,1,0,5,1,2,0,2,1
83.68008203579046,0,26.32474300598436,1,1,3,1,0,0,0,1,1
72.46090228878907,1,25.486443642696457,1,2,1,9,0,0,0,0,0
75.23768573333058,1,29.768751296975694,2,0,3,5,1,0,0,1,1
55.366477602670514,0,28.10043294749727,0,2,2,1,0,0,0,0,0
59.814963455290346,1,20.64795232473432,2,0,3,7,0,0,0,0,0
70.03354250054389,1,24.166864459728025,0,1,3,9,0,0,0,1,0
78.40383294296396,0,23.44331673276406,0,0,0,1,0,1,0,0,1
25.7259563067567,1,24.97825756686408,2,3,2,1,1,0,1,0,0
35.26838039425232,1,24.9850930008065,1,0,1,1,0,0,0,0,0
74.64166152103972,0,28.057608346199245,0,1,3,7,2,0,0,0,1
50.846659663467946,0,25.88664181570572,2,0,2,10,1,0,0,0,0
44.92418816112884,0,31.152725026042752,1,1,0,3,0,0,0,0,0
36.18758519506594,1,26.2050156883118,0,1,3,9,1,0,0,0,0
46.67474947683836,0,20.847047398313617,1,0,1,9,0,0,0,0,0
33.96446074864262,1,22.6635968991589,0,2,1,7,1,0,0,1,0
86.36641409098715,1,28.018945353658793,0,2,2,3,0,0,0,0,1
54.6634592202914,0,16.929158677471573,0,0,3,10,0,0,0,2,0
54.13074187355924,1,18.270597926199773,1,1,3,8,0,0,0,0,0
63.82115012751748,1,25.053486035626154,0,1,2,6,0,1,0,0,0
69.43517753899854,0,29.75461059260583,2,2,1,4,0,0,0,0,1
69.18832234831959,1,31.53517715977439,1,1,1,8,0,0,0,0,0
71.10432915861358,0,23.91447126489114,0,0,1,3,2,0,0,1,0
45.53731673813715,0,30.304143434929422,1,2,0,1,0,1,0,1,0
50.53199792564708,0,25.36133954884449,2,0,2,4,0,0,0,1,0
66.53547483163413,1,17.342925088783847,1,0,2,9,0,0,0,0,0
47.0891640754057,1,24.959617317608153,0,2,2,7,1,0,0,0,0
54.923400519591624,0,21.905459376892246,0,0,0,1,1,0,0,0,0
60.981456466372215,0,29.591154402388703,2,0,1,1,0,1,0,2,1
66.77777623465565,0,24.871623698227566,0,1,1,1,0,0,1,2,1
28.33478556444698,1,18.610434467217647,0,2,2,6,2,0,0,1,0
65.72118474833418,1,17.501425945457203,1,0,1,10,2,0,0,0,0
51.49413913222412,1,24.895100212927744,0,1,1,10,0,0,0,2,0
65.61186566296571,1,15.0,2,0,1,9,0,1,0,1,0
66.65397538532243,1,22.409173550860494,2,1,2,3,0,0,0,0,0
79.11872591678735,0,26.155151628714208,1,2,1,3,0,0,0,0,1
75.30180471431805,0,19.71491747972321,2,1,1,7,0,0,1,0,1
75.19857493915444,1,29.969935784526648,1,2,2,6,0,0,0,0,1
76.65505478749358,1,30.95503274875346,2,1,2,9,0,0,1,0,1
59.37068477223919,0,19.91649523624024,1,1,0,3,0,0,0,1,0
55.4827763055526,1,23.509779129017566,0,1,1,7,0,0,0,0,0
68.09225624767501,1,29.973465756607357,2,2,1,7,0,0,0,0,1
65.98121427149533,0,24.993462328724554,2,1,1,9,0,1,0,0,1
50.3640064489261,1,18.0276071095049,2,2,1,6,0,0,0,0,0
61.07235113212402,1,24.283394657178235,2,3,1,9,0,0,1,0,0
54.473552998231085,0,20.735358388520805,1,2,1,6,1,1,0,0,0
42.19100637309916,1,30.540989482129426,0,3,3,2,0,0,0,0,0
74.35691112064525,0,28.029660471622943,0,1,1,6,0,0,0,2,0
55.827988637951336,0,23.43121527367186,0,0,1,5,0,1,0,2,0
85.73062386548276,1,25.710740062650203,0,1,1,6,0,0,0,0,0
30.61761594700251,0,18.459392115137568,1,0,3,9,1,0,1,0,0
46.64831840734951,0,21.231112707211942,1,1,2,6,0,0,0,0,0
55.489582550363075,0,32.766395938462466,0,1,2,5,0,0,0,0,0
72.06071646443371,0,25.267573262898335,1,0,2,5,0,0,1,0,1
60.992040589032776,0,29.650429023956825,0,1,1,3,0,0,0,1,0
59.65709131271127,1,26.160065442040143,1,1,3,5,0,0,0,0,0
38.091043111687796,0,31.57140921514762,2,0,0,5,0,0,0,0,0
37.64587904155793,1,15.005812337003901,1,0,1,10,2,0,0,0,0
59.83756990434857,1,24.058912079904967,0,2,0,3,0,0,0,1,0
34.538410092724625,0,33.22390823108195,1,1,2,7,0,0,0,0,0
47.021833745660075,1,29.78086717780322,2,2,0,8,0,0,0,0,0
62.51375993628786,1,31.626861293950956,1,2,2,7,0,0,0,0,0
40.26513591584836,0,24.966177031717546,2,2,0,2,2,1,0,0,1
79.0803394354271,0,22.314467922933083,0,1,1,7,0,0,1,1,1
73.35904516356835,1,19.864177701560358,0,2,1,1,1,0,0,0,1
31.428700024925494,1,19.515359541692447,0,0,3,3,0,0,0,0,0
41.01443135227019,0,29.035302811042595,2,1,0,10,0,0,0,0,0
20.71334133257575,0,27.56605525210426,1,1,2,4,2,0,0,1,0
43.261129561778006,0,24.6671327533482,0,1,2,6,0,0,0,0,0
66.49582714858599,0,27.540953274258403,0,2,3,9,0,0,1,2,1
48.79157586587715,1,25.712258795260304,1,1,3,9,0,0,0,1,0
61.91195865423951,0,29.811088506997418,2,1,3,6,0,0,0,1,0
32.16498522577383,0,29.76343377454085,0,0,1,9,0,0,0,1,0
66.96962881872858,0,19.67062949757579,0,1,1,6,0,0,0,0,0
46.67336158107475,0,26.36822993734895,1,1,1,7,1,1,0,1,0
55.18254523424358,0,16.65566624902959,0,1,2,6,0,1,0,1,0
53.60688247910421,0,25.66510369045298,1,1,1,3,0,0,0,0,0
35.92677218661574,0,28.021521398507925,1,1,2,1,1,0,0,0,0
37.70373502390326,1,18.431403276034196,1,1,0,4,0,0,0,0,0
69.51691703505139,1,22.91768632269584,2,1,0,1,1,0,0,0,1
60.98488236252543,0,25.047631886099012,0,1,2,10,0,0,0,0,0
70.7507356233014,1,26.169574581866947,2,0,3,1,0,1,0,1,1
59.869873532537774,0,23.606981483875824,2,0,2,5,1,0,0,0,0
57.14485952213825,0,19.13855923797664,0,1,0,8,1,0,0,1,0
29.109840719998502,0,24.729963990403707,0,2,3,1,0,0,1,0,0
50.944499548582456,0,16.73878216529511,2,0,2,5,0,0,1,1,0
54.58923519394384,1,23.836792816589277,2,1,2,8,0,0,0,1,0
84.29660797408862,0,22.79313193151535,0,2,1,3,1,0,1,0,1
65.30434948148016,0,24.328671632802894,1,0,2,6,0,0,0,0,0
78.04091772564293,1,22.203390112621584,1,0,1,7,0,0,0,0,0
63.963065588420925,1,17.461595809219,0,3,3,10,1,0,0,0,0
44.33045159575781,0,23.168283397052438,2,0,1,8,2,0,0,0,0
56.75686324224777,0,29.654100625186594,1,1,2,3,1,0,0,2,0
58.543354693963494,0,31.307304019944024,2,1,2,1,0,0,0,0,0
40.912666453439776,0,37.19667139359633,1,0,0,10,0,0,0,1,0
49.23418935110618,0,33.45825204198832,1,0,2,8,1,0,0,0,0
51.91349509484242,0,19.015310366659477,1,1,2,4,0,1,0,1,0
79.08429748847678,1,22.957811993636703,0,2,2,2,1,0,0,0,1
23.788892119135326,1,24.886071825811115,2,0,1,1,0,0,0,0,0
73.08727631074065,1,24.5722008288315,1,1,3,6,0,0,0,1,0
40.94807147560926,0,25.34766664948113,2,1,2,1,0,2,0,0,0
34.41881219095579,0,37.037957107737796,2,1,0,6,0,0,0,0,0
72.69913195057697,0,19.589742271038013,1,1,2,8,0,1,0,1,0
65.97847103851572,1,21.432344318928507,0,0,3,3,0,2,0,0,0
73.81778053571784,0,33.21912965044547,2,1,2,6,0,0,0,0,1
67.01052921318364,1,21.92009328457574,0,1,1,6,0,0,0,0,0
85.89767502606102,1,26.967903251678578,2,1,2,5,1,0,0,0,1
63.38085755416728,1,30.173286849341043,1,1,0,3,0,0,0,0,1
52.652839358152626,1,27.43249508366015,0,2,2,6,0,0,0,1,0
60.14389565982014,1,25.95882816551246,2,1,2,1,0,0,0,0,0
73.65203692518945,1,29.69305384846992,2,1,0,4,1,0,0,1,1
43.30937012109825,1,20.53465721747515,2,2,1,8,0,0,0,0,0
45.22167126202929,0,22.518184352519995,0,3,0,6,0,0,0,1,0
50.36559978103139,0,27.678187942325817,2,1,1,4,1,0,0,0,0
23.431258018520015,1,15.0,1,1,1,6,0,0,0,1,0
57.071176126263204,1,32.08291911672346,1,2,3,1,1,1,0,0,1
26.708069440734608,0,26.516961875988905,2,0,2,3,0,0,0,1,0
55.79588969398929,0,25.765158763905752,1,1,2,7,0,1,0,1,0
67.97934634202875,1,16.847435611794715,0,1,1,1,0,0,0,0,0
47.846853090342464,1,18.56695437300131,1,3,0,2,0,0,0,1,0
80.15673805280306,0,23.00708167849569,1,3,1,3,0,0,0,0,1
33.092486508722686,1,29.037149251477995,2,2,2,4,0,0,0,0,0
72.86891022447749,1,15.0,0,1,2,6,0,0,0,0,0
65.12705584610381,1,28.94182400388678,2,1,2,9,2,1,0,0,1
29.259501275339666,0,23.199843379458166,2,1,1,1,0,0,0,1,0
90.0,0,23.88288263629174,0,2,0,4,0,0,0,1,1
54.04382071744051,0,26.26796470845403,0,2,2,4,0,0,0,0,0
41.837739667665524,0,26.346586189232056,1,2,0,6,0,0,0,0,0
33.893692078239745,0,21.437857050317014,2,0,0,1,0,0,0,0,0
51.69972958510489,1,28.124550442344212,1,1,1,9,2,0,0,1,0
53.0888969141506,0,15.0,2,1,2,1,2,0,0,0,0
56.53968292809497,1,22.747905567161727,1,0,3,10,1,0,0,0,0
50.533057656640594,1,25.76840881588452,1,1,0,1,0,0,0,0,0
64.4983796517264,0,23.275253423927627,0,0,1,3,0,0,0,2,0
49.1855525100513,1,15.865448480170091,0,3,2,1,0,0,0,0,0
25.975538241392936,1,28.790136893802355,2,2,3,4,0,0,0,1,0
52.759577565255384,1,18.75806093936474,2,1,2,7,0,0,0,0,0
20.0,0,24.66242996235855,1,0,3,9,0,0,0,2,0
60.306559463370846,1,25.765172985338115,1,1,2,4,1,0,1,0,1
40.31049654576047,0,25.099135768826837,1,0,1,6,0,0,0,0,0
57.45040532373701,1,30.845054629319076,0,1,2,2,0,0,0,0,0
74.71112472286906,0,24.733687200031564,1,2,3,7,0,0,0,0,0
40.76876957098,1,27.1372770234847,1,0,2,8,0,2,0,0,0
70.91884387768177,0,24.720479834243793,1,0,2,3,0,0,0,0,0
48.4991564997077,0,28.064780420831372,1,0,1,1,0,0,0,0,0
81.29792203098378,1,31.967476485237615,2,2,2,2,0,0,0,1,1
49.5227108020268,1,25.68770914736097,0,2,2,2,0,0,0,0,0
42.39260521739963,0,28.909251787914997,0,2,2,6,0,0,0,0,0
65.30857675592932,0,32.27664467441099,0,1,2,7,0,0,0,1,0
48.46315405564546,1,31.785921234871356,2,0,0,5,1,0,0,2,1
42.37825728806487,1,23.073552981943948,1,2,2,10,0,0,0,1,0
47.832402239443134,0,30.182161778725835,0,0,1,1,0,0,0,0,0
54.33090201725498,1,26.243855800235963,2,1,0,5,0,0,0,1,0
75.13270196867282,0,30.58614998866957,1,1,3,8,2,1,0,1,1
25.988683818106345,0,27.843172917814748,0,1,0,10,2,1,0,0,0
55.34620988425631,1,26.37834038018094,1,1,2,2,0,0,0,0,0
64.37355391981065,1,27.16986040173177,2,2,3,8,2,0,0,0,1
57.90172862487694,1,26.276189780194656,1,0,0,6,0,1,0,2,0
74.64797754150301,0,26.47166522568255,1,2,1,1,1,0,0,1,1
53.884820053622136,1,24.205838197090454,0,2,2,10,0,0,0,0,0
52.23172836721082,0,23.741378296962413,0,1,0,9,0,0,1,0,0
63.88494320520015,1,33.81587464686335,0,0,3,8,0,1,0,1,0
56.48970722427025,0,27.38763955555592,0,1,0,5,0,0,0,0,0
49.14386892579294,0,22.133475388843003,1,2,3,4,1,1,0,1,0
62.742160593795695,1,23.61291284285178,1,0,0,1,1,0,0,2,1
45.21207560175032,0,30.281292267239756,1,2,3,2,1,0,0,2,0
45.83234271971009,1,21.319066449556903,1,1,3,5,0,2,0,1,0
47.08008967351579,1,17.589861590944945,0,3,2,5,0,0,1,0,0
75.29603740249611,0,17.957754296989776,0,2,2,8,0,0,0,1,0
20.0,1,16.35512199897606,0,0,0,5,2,0,0,1,0
60.933982521444136,0,18.505925708677708,0,1,0,5,0,1,0,0,0
55.51407721300333,0,19.09567030099595,2,0,1,3,0,0,0,0,0
29.786943111428197,1,31.926186898040694,2,0,2,7,0,0,0,0,0
59.64590168704003,1,24.769103936703658,2,2,3,6,0,0,1,1,1
62.13627987747298,0,23.183682304316413,1,3,2,5,0,1,0,0,1
63.844588470361,1,17.782934684907133,0,3,2,2,0,0,0,1,0
20.0,0,24.2843680126433,2,0,2,4,1,0,0,0,0
75.49584117781657,1,16.313359687179037,1,0,3,3,0,0,0,2,0
43.933949429727384,1,23.152914143568175,0,1,2,7,0,0,0,0,0
65.29851620129764,0,35.322471949218375,2,0,3,9,0,0,0,0,0
66.11610671023429,1,28.319017893531825,0,0,0,3,0,0,0,1,1
41.84954371571061,0,23.951009198227347,1,2,1,7,0,0,0,1,0
64.90689928527325,0,28.490618027031783,1,2,3,9,0,0,0,1,0
49.21760138631463,1,22.39228410936216,2,2,2,5,0,0,0,1,0
23.92934230992764,1,20.99661128560406,2,1,1,8,0,0,0,1,0
72.51612888291669,0,33.52064814766421,2,1,3,8,2,1,0,1,1
43.3743255547564,1,19.288626730398633,1,2,3,7,0,1,0,0,0
42.18259805892919,0,23.229393821613247,1,0,0,1,2,2,0,2,1
48.95401197944917,0,26.53016641181755,0,2,3,5,0,1,1,0,0
59.083550879910824,1,20.31882897121276,1,0,2,10,1,1,0,0,0
54.140943837668466,1,28.253024768157047,2,2,1,9,0,1,1,0,1
63.22100387060756,1,23.46702737678874,1,2,2,9,1,0,0,0,0
34.90765950207012,0,28.319551637834284,0,1,3,6,0,0,0,0,0
43.86420444353898,1,27.92992089875259,0,2,2,8,0,0,0,0,0
53.26004391517699,1,23.78493934687085,1,0,3,4,0,0,0,1,0
83.46830938988059,0,33.553293362954925,0,1,0,9,0,0,0,1,1
53.29281192379363,0,21.67332098283279,0,2,2,2,2,0,0,0,0
71.27833395492448,1,31.744352352743686,0,2,1,2,0,0,0,1,1
55.578327531764764,0,30.874666213140202,0,3,0,7,2,1,0,0,1
47.74512043843647,0,33.8544110383022,0,0,2,4,0,0,0,0,0
51.299133638283394,1,25.870280196715104,2,1,2,4,1,0,0,0,0
52.473704319566785,1,21.05707144036005,1,2,2,2,0,0,0,0,0
64.05468608441107,1,35.38398292664773,1,1,3,9,0,1,1,1,1
75.61916901364832,1,23.32649266011818,1,2,2,2,0,0,1,2,1
60.39521271529482,1,20.932287136472322,0,1,0,9,0,0,0,1,0
72.80616518112633,1,24.051066270475935,2,2,3,5,2,0,0,0,1
40.52815393555471,0,20.091546419214612,2,2,0,5,0,0,1,1,0
48.78054236778954,0,27.63074412561673,0,2,2,7,1,0,0,1,0
44.135461986885,0,21.971658091207438,0,2,0,5,0,0,0,0,0
59.71666886312279,0,23.56257915047564,1,0,3,6,2,0,0,0,0
49.615624222308796,0,29.83889430832481,0,1,1,3,1,0,0,0,0
65.94659405551293,0,28.118466050880958,2,0,1,3,0,0,0,1,1
41.034974325513375,0,25.077922862848293,1,0,1,3,1,0,0,0,0
55.64546459981922,0,25.85436764373491,0,1,0,1,1,0,0,0,0
65.30286866518384,1,25.061277153157707,1,3,1,3,1,0,0,1,0
24.020458374390845,0,22.844224667913178,1,1,0,4,0,0,0,1,0
86.82446960995304,1,24.987366695761065,0,2,3,6,1,0,0,1,1
50.752721726801866,0,27.454208127464717,2,3,3,4,0,1,0,0,1
24.624401294857407,1,24.369189355105803,0,0,3,3,0,0,0,0,0
57.37140847865179,1,27.09883815115137,2,0,1,8,0,0,0,0,0
55.501652019597266,1,20.816656107884764,0,0,0,5,0,0,0,0,0
53.771584306412606,1,21.980531744271477,2,1,0,3,2,0,0,0,0
69.8678666939,1,21.328397483630123,0,0,1,4,0,0,0,1,0
66.21167457140584,0,22.17434314103797,1,2,2,4,1,0,0,1,0
59.46814286535768,1,31.435905233530455,1,0,3,3,0,0,0,2,0
61.75233450919971,1,28.6301939655518,0,0,2,9,0,0,0,0,0
53.4346232584287,1,19.615384406578272,1,1,3,4,0,0,0,0,0
81.63236273860073,0,27.187491482042276,0,1,1,8,0,0,0,1,1
32.8120597246335,1,23.04708843675715,1,2,2,9,0,0,0,0,0
57.09477511323845,1,21.58807707264217,1,3,1,7,2,0,1,1,1
55.975369467831705,1,17.571302671387464,2,2,1,3,0,0,0,0,0
67.1992060909689,1,29.85959346910122,0,0,2,1,0,0,0,0,0
42.34219183862651,0,18.180684251664307,0,1,2,9,0,0,0,1,0
28.84491096405196,0,24.74018410995063,1,1,1,4,0,1,0,0,0
57.3523452414729,0,20.268443771375658,2,0,0,3,1,0,0,0,0
59.21845738327906,0,28.879219735349622,2,1,1,7,0,0,0,0,0
77.34399114171474,0,23.328240868430246,1,1,0,10,1,0,0,0,0
35.94456930512371,0,24.327686722398276,2,1,2,9,0,0,0,0,0
72.3204065007508,0,24.496328685349837,2,0,1,7,0,0,0,1,0
90.0,0,26.512851674678917,0,3,1,9,2,0,0,1,1
49.333526687162845,0,25.065023819916547,0,2,2,7,0,0,0,1,0
35.635866707601636,1,24.78363405519442,0,0,2,8,0,0,0,0,0
48.89538450439943,1,22.40799012372611,0,3,2,8,0,0,0,2,0
55.21007451057071,1,17.126353133289534,1,3,1,8,0,0,0,0,0
63.45681812510372,0,19.407245202290724,1,2,1,2,1,0,0,1,1
46.12907905242929,1,28.592398693403226,1,1,3,2,0,0,0,0,0
78.32797801221014,1,23.47090268336851,0,1,1,2,0,0,0,0,0
38.28201527487907,1,21.679951111387602,2,1,2,7,0,0,0,0,0
28.911922717408,1,17.971359277909777,1,1,3,8,1,0,0,0,0
71.60065636430976,1,16.40176429954824,1,3,0,10,1,0,0,2,0
20.880684531907008,1,21.483965599359006,2,2,2,1,0,0,0,1,0
51.93805346690926,0,29.440264270226287,0,0,1,8,1,1,0,1,0
90.0,0,22.214649031888406,0,1,3,8,0,0,0,1,0
54.81934670560103,1,27.002427626207236,1,1,1,5,1,0,0,0,0
38.18848523955626,0,21.98470085301021,2,2,1,3,0,0,1,2,0
54.13903804319809,0,28.194333480144245,0,0,1,1,1,0,0,1,0
54.237988170707,1,23.241245990956656,2,2,3,4,0,0,1,0,0
57.40974910529675,0,18.840578772247518,2,1,2,7,0,0,0,0,0
64.9339447323943,1,23.65523466050278,1,0,0,7,0,0,0,0,0
39.41333247448391,1,34.17000209140204,0,2,2,5,0,0,0,0,0
80.3132208285519,0,33.94942157775427,1,1,0,6,0,2,0,0,1
58.67671426558927,0,27.432666513896823,0,2,0,9,0,2,0,2,1
65.90191069602706,0,24.314705922931488,0,0,2,7,2,0,0,1,0
45.57775900366536,0,26.519509010475417,2,3,1,2,1,0,1,1,1
74.295732054933,0,26.58426169366645,1,2,3,2,1,0,0,1,1
51.14421386780403,0,24.800566238164492,0,0,2,2,1,0,0,1,0
59.163287702402975,0,27.204720099613084,0,2,3,2,0,0,0,0,0
41.00340884219336,0,26.041134310767816,1,0,3,5,0,0,0,0,0
40.0460256039681,1,23.420138073178432,1,1,1,10,1,1,0,1,0
65.32307959679324,1,19.023716003081788,1,0,3,5,0,0,0,0,0
48.34589754688921,1,22.69970378889917,2,1,3,8,2,0,0,1,0
42.192653687434344,1,28.997594245367985,1,3,3,5,0,0,0,1,0
45.352249869594544,0,24.842688877523177,2,0,0,8,0,0,0,1,0
65.48429607576132,1,26.501434457937528,2,1,3,6,0,0,0,0,0
45.56443208194584,0,23.584922361477936,0,0,0,10,0,1,0,1,0
53.23517602596754,0,19.702012474946876,0,1,2,4,0,0,0,0,0
55.22541625430645,1,23.806851425640886,0,0,1,10,0,0,0,1,0
26.239766709845515,0,19.887720496253245,0,1,3,4,0,0,0,0,0
32.933103919397226,0,19.568554131982243,0,1,1,3,0,0,0,0,0
60.04416833871344,1,31.028183044347045,1,0,2,9,0,0,0,1,0
43.944559582709545,1,22.899569975328916,0,3,2,5,0,0,1,2,0
70.85087366920628,0,21.29257637269983,0,3,0,8,0,2,1,0,1
69.50210656375816,0,33.089798421904526,0,2,2,4,0,0,0,0,0
65.78752999533155,1,29.074925177021207,0,0,2,3,0,0,0,1,0
82.29657680968896,1,23.142453872490808,1,0,2,6,0,0,0,0,0
53.75366008385225,0,27.138181627761842,0,1,0,6,0,1,0,0,0
64.73322888855759,1,23.821058408696487,2,3,0,6,0,0,0,0,0
46.23398535105953,1,21.536601603602,0,1,0,2,0,0,0,0,0
90.0,0,27.373456122425022,2,1,3,6,0,0,0,1,1
84.7545047865403,1,23.378490573398985,0,2,1,5,0,0,0,0,0
55.17820651776688,1,25.377490044997018,1,0,1,5,0,0,0,0,0
60.79879344857788,0,30.106816174498356,0,2,1,3,0,0,0,2,1
75.38946399047208,1,29.556065518976883,2,3,2,5,0,0,0,0,1
52.79290742778839,0,22.249533540719618,0,3,1,10,0,0,0,0,0
45.15063893800443,1,27.43015801143543,2,0,0,1,2,1,0,2,1
68.10984626510324,1,19.36071876927122,0,1,1,1,0,2,0,0,1
56.17658869125505,0,27.252070806578523,0,1,2,7,1,0,0,0,0
57.7449167446789,1,25.74247652900553,1,0,3,10,1,0,1,0,0
42.48592985398052,1,26.894896811817155,2,1,0,7,1,1,0,0,0
29.234917774549054,0,23.512776226778836,2,1,3,9,0,0,0,1,0
58.542136148186515,0,35.420356368262446,1,1,0,9,0,1,1,0,1
68.57443062241299,0,20.49350146189843,2,1,1,7,0,0,0,1,0
51.61289876385937,1,29.857758554842306,2,0,0,10,0,0,0,0,0
76.546442793383,1,19.841508401158343,1,3,3,9,0,0,0,1,0
44.44125511876683,1,27.521720873146606,1,2,2,10,1,0,0,1,0
39.1794331755112,0,27.878949886258916,0,2,1,9,0,0,0,1,0
53.99154539205803,1,25.274879357811425,1,0,1,3,1,0,0,0,0
53.76111136973064,0,22.523377947281478,2,1,2,4,1,0,0,0,0
66.54953097002834,0,25.705674453726495,1,0,0,1,0,0,0,0,0
43.37555763904023,0,26.33505166715087,2,1,0,2,0,0,0,1,0
75.52141355222346,0,33.949682431531414,2,1,3,8,1,0,0,0,1
84.5037544376238,1,20.63829857349852,2,2,1,9,0,0,0,0,0
54.41283959547487,1,22.22043251842999,0,0,2,9,0,0,0,1,0
73.74565630276479,1,26.423677785346683,0,0,1,9,0,0,0,0,0
39.1525439406211,1,23.719731048023743,0,3,0,1,0,0,0,0,0
71.12832311772874,0,24.499794811346998,2,3,3,8,1,0,0,0,1
70.70914612839194,1,30.351759176818803,0,1,3,5,0,0,0,0,0
67.95155920284819,1,15.0,0,0,2,3,0,0,0,1,0
54.76655366694559,1,22.010253274910944,0,1,1,6,0,0,0,1,0
20.0,0,16.288153868743755,0,1,2,4,0,0,0,0,0
45.37409284521806,1,19.02091781547965,0,2,1,1,1,0,0,0,0
45.61125973473097,1,37.02312246036235,0,2,2,3,0,1,0,2,0
40.32617592909284,0,27.99084066976378,0,0,2,2,0,0,0,0,0
56.833645068205996,1,29.75782462529052,2,2,3,1,0,0,0,1,0
48.71554831718148,1,24.597351751067844,1,0,2,10,0,1,0,0,0
42.63081985352467,0,28.79356912415955,2,0,3,9,1,0,0,0,0
39.11799777628271,0,16.167177462398755,1,1,0,3,0,0,0,2,0
44.26730521772157,1,30.191492058848006,2,0,0,1,0,0,0,1,0
71.82248817774892,0,20.900779407200503,2,2,2,3,0,1,0,0,1
45.08462418058759,1,22.343420903370436,2,1,0,1,0,0,0,0,0
47.275919403500914,1,27.52575535227326,0,1,2,1,0,0,1,1,0
48.149535774651305,0,26.582233792911076,2,1,2,9,0,0,0,0,0
60.084902707141296,1,25.423100241967745,0,3,1,1,2,0,1,0,1
61.84374232792799,1,18.184519232098406,0,3,0,5,0,1,0,0,0
20.0,1,25.49906834410821,0,2,3,5,0,1,1,0,0
70.32452820741412,1,29.802806767416143,1,1,0,1,1,0,0,1,1
76.54552051365631,1,22.33756451950103,1,0,3,9,0,0,1,0,0
39.24720193957496,0,31.57468522670148,0,1,0,5,2,0,0,0,0
40.41552632897748,0,20.63654032042995,2,1,2,2,1,0,0,0,0
48.24619918332593,0,25.03273945859187,1,0,3,7,0,0,0,0,0
43.65993970815093,0,32.676638666883065,0,0,3,9,0,0,1,1,0
58.3589031091991,1,21.593000436501953,1,1,3,4,0,0,0,0,0
25.802120704617035,0,30.26992741688537,1,1,3,5,0,0,0,0,0
38.231085879448905,1,34.873261811109046,0,1,2,9,0,0,0,0,0
78.08795800262361,0,25.85522034462075,0,2,2,2,0,0,0,2,1
41.07670048977973,0,22.364915063083465,2,1,2,5,2,0,0,0,0
73.65142417154388,1,21.136305985249884,2,1,3,6,0,0,1,0,1
60.33007293385205,0,31.523013516736626,0,1,3,3,1,1,0,2,1
27.86098428117613,1,31.383470996698243,1,3,2,10,0,2,1,1,0
64.5299379282431,0,32.246545614343376,0,0,2,9,1,0,0,0,0
53.2349904671072,1,24.835808246720266,1,1,2,10,0,2,0,0,0
48.16799415625389,1,30.189034707635525,1,1,3,8,0,0,0,0,0
58.674356397580055,1,24.75580304436965,0,0,0,4,1,0,0,0,0
62.11950228350188,0,20.584724391958204,0,1,0,5,0,1,0,1,0
65.6138773296193,0,30.620883925561763,0,1,3,8,0,0,0,2,0
72.67379271322004,1,33.169351391391025,1,1,2,10,0,0,0,1,0
61.12203869167534,1,19.8969901360934,2,0,1,10,1,0,0,1,0
34.36548866820458,0,19.80284518549665,2,1,3,1,1,0,0,0,0
47.89531813523213,0,25.199909671150625,2,0,3,8,0,2,0,0,0
90.0,0,29.780643028705,2,1,0,6,0,1,0,0,1
65.86736590572592,0,19.330904031230233,0,1,0,7,1,2,0,0,1
90.0,1,26.13507868477953,2,2,2,4,0,0,0,1,1
75.93151123298779,0,22.04786522970124,0,0,2,6,1,0,0,1,0
58.62703107333623,0,28.50414549912501,2,1,1,10,1,2,0,1,1
59.52110604671676,1,21.010565892520546,2,1,3,10,0,0,0,0,0
54.451299401847315,0,28.859015001370896,1,1,1,4,0,0,1,0,0
28.932930762302508,1,24.20892594591146,1,2,1,10,2,0,0,0,0
55.270708787023366,1,20.314297381594788,0,2,3,10,1,2,0,1,0
73.16011828813296,0,25.318449777134443,0,2,2,2,2,0,0,1,1
46.00540007768194,1,15.310133427558236,2,0,0,1,0,0,1,0,0
61.17929498592714,0,22.2045271394753,2,3,1,4,0,0,0,0,0
67.77386568839796,0,26.68700535162331,0,1,1,7,0,0,0,0,0
41.354793410312865,0,16.141226104840523,0,0,3,8,1,0,0,0,0
48.23045703484503,0,15.0,0,1,1,3,0,0,0,0,0
39.731327642842615,0,15.0,2,1,1,3,0,0,0,0,0
42.667515899658895,0,31.63564277750185,2,0,2,5,0,0,0,0,0
35.685920745204086,1,24.616204936186353,1,3,1,10,0,0,0,0,0
41.4932730793296,1,22.337673029964066,1,1,2,10,0,0,0,0,0
76.2918352119676,1,29.72577367833415,2,1,1,7,1,1,0,0,1
41.26784456364561,1,22.977751587654446,0,1,1,4,1,0,0,0,0
56.89688828591035,0,26.34230949933366,2,0,3,7,1,0,0,0,0
47.45696869493566,0,25.128776754616315,1,3,1,2,0,0,0,0,0
72.68298905555409,0,22.64500289623511,0,2,2,1,0,0,0,0,0
74.66743444905424,0,26.47072941944553,0,1,3,6,0,0,0,0,0
67.9610497320842,1,28.866306107100723,1,1,1,4,0,1,0,0,1
59.592018296541326,1,24.07546691491506,0,2,1,7,0,0,0,0,0
51.53410694738652,0,22.697222134226926,1,1,2,1,2,0,0,1,0
37.121879437131255,0,23.287437960002734,2,0,2,1,1,0,0,1,0
84.15293321683296,0,15.0,2,1,1,5,0,0,0,1,0
43.6049047337117,0,26.41529773254456,1,1,2,1,0,2,0,0,0
64.95469520549263,0,18.954443555057242,1,3,3,2,0,0,0,1,0
70.89348358935096,1,28.14859362059462,0,2,1,3,1,1,1,2,1
46.67079254642006,0,24.54787949662353,1,1,0,1,1,0,0,2,0
70.57018790973943,1,25.525605482652203,0,0,1,8,0,0,0,0,0
66.46319805008284,0,28.50164585303101,2,1,2,2,2,0,0,1,1
80.91945753072648,0,20.367381168295324,2,1,3,2,0,0,1,0,1
47.95980300359933,1,26.846242216754785,0,0,3,8,0,0,0,0,0
35.71203974080427,1,26.338105262813325,2,1,1,7,0,1,0,1,0
47.417653668332335,0,24.076095836786035,2,2,3,3,0,1,0,1,0
58.13280313801498,1,20.35906899618231,2,0,3,5,0,0,1,1,0
55.873190906275845,0,27.97619182027582,1,2,2,3,0,0,0,2,0
49.098431555881746,0,28.517272722096582,2,0,2,5,0,0,0,1,0
26.362038115341356,1,25.56801012988942,1,0,3,9,0,2,0,0,0
62.057244941936595,1,19.648487921426778,0,0,3,3,0,2,1,0,0
84.58516718623301,0,22.36275483537273,0,1,3,3,0,1,0,0,0
61.96376857184505,0,24.698336387899666,0,3,0,1,0,2,0,1,1
64.1370327858027,1,28.44247274991047,0,2,2,5,0,0,1,0,0
63.586679592326526,0,17.082552994434415,0,0,3,3,1,1,0,1,0
60.955700048236,0,22.180982678478117,2,0,0,3,0,0,0,2,0
68.97498950302142,1,22.98663720028899,2,1,1,4,0,0,0,0,0
60.930605217784986,1,24.583892102984855,2,0,2,2,0,0,0,0,0
50.30984245520086,0,18.493373579875765,0,2,1,2,0,1,0,0,0
43.06016634986869,1,23.912336108133335,2,0,1,8,0,0,0,1,0
51.26539517078987,1,23.447582178437052,1,0,1,3,0,2,0,1,0
59.71194244675999,0,19.812040642551718,1,1,1,4,0,0,0,1,0
50.2587555831554,1,24.410162079156578,1,2,3,2,2,0,0,1,0
59.71508024697145,1,22.294154516072492,2,0,3,5,0,1,0,2,0
61.587252005506265,0,27.477930712548535,0,0,1,9,0,0,0,0,0
67.49769146905273,0,20.57336219497831,2,1,0,9,0,0,0,0,0
74.2419245325847,1,25.449170610642277,2,1,1,8,0,0,0,0,0
56.17011127718286,1,20.958055813853658,2,3,1,9,0,0,0,1,0
35.38335152278509,0,22.001228809205937,2,0,0,9,0,0,0,1,0
49.82343854771215,1,26.486458138527027,1,0,3,9,0,0,0,0,0
55.66093851109899,1,26.17358866421078,2,1,3,10,0,0,0,0,0
27.463468657343647,1,22.914889087108197,2,0,3,2,0,1,0,2,0
75.82996780153724,1,23.65294690833666,2,1,3,3,1,0,0,0,1
57.135668687656995,0,17.73196777445238,2,0,2,4,0,0,0,1,0
60.72029251870428,0,32.0138215529035,2,2,2,1,0,0,0,0,1
75.48289693789398,1,28.43728198939014,0,1,3,6,2,2,0,0,1
45.547857547864794,0,28.257240254355533,2,2,2,2,1,0,0,1,0
63.61062896326045,1,17.024838915218922,0,3,2,4,0,0,0,2,0
53.352038153470964,0,22.022550037553565,1,3,2,5,1,0,0,0,0
52.238696994761206,0,23.327269855381886,1,1,1,4,0,1,0,0,0
43.41711418293431,0,15.34469253982994,0,3,3,6,2,1,0,1,0
79.98404820529791,1,29.449750480380434,0,1,0,10,0,1,0,0,1
49.367499398866435,1,32.26942244274068,2,0,2,10,1,1,0,0,0
65.49196370343553,0,35.30967478001807,2,2,0,6,0,0,0,0,1
26.874889187920953,0,19.770580862411318,1,1,3,9,0,0,0,0,0
72.6998279453468,0,25.58661748417137,1,0,3,9,1,0,0,2,1
70.78316733935588,1,31.614091345752108,2,2,1,1,1,1,0,1,1
56.46151165445954,0,23.73190760526523,0,1,3,10,0,0,0,0,0
51.595863007931136,1,22.16506043078661,1,2,1,8,0,0,0,1,0
61.00000008420349,1,15.669911632277545,1,2,0,5,0,0,0,1,0
89.33185991320434,0,30.663112288858745,2,1,1,1,1,1,0,2,1
28.551449516447722,1,24.903696219633176,0,0,1,5,0,0,0,0,0
66.73041081361191,0,21.353290705184687,2,2,2,6,0,0,0,0,0
41.32574046769146,1,26.419286449144302,0,1,2,7,1,0,0,1,0
54.701224055504035,0,25.765026865893326,0,0,1,3,0,0,0,1,0
51.28179821382005,0,25.84129551177296,0,0,0,9,2,0,0,1,0
48.57522613303367,1,23.914509688366625,1,0,1,3,2,1,0,0,0
54.84302306420906,0,33.11179079381683,1,1,1,1,0,0,0,1,0
37.98743282083314,1,24.33170133368789,1,0,1,3,0,1,1,1,0
70.43770654191951,1,33.09661038161652,0,0,1,7,0,0,0,0,0
28.087847332020996,1,27.820584632000987,1,1,1,10,0,0,0,0,0
63.09646769242513,0,26.755850713808655,2,0,3,1,0,0,0,0,0
50.10196221198143,1,24.433626233609225,2,0,0,4,0,0,0,0,0
37.43612659288819,1,29.869783467729604,2,3,3,7,1,2,0,1,1
58.035750558980425,0,25.564958837889975,2,1,1,3,0,0,0,0,0
31.64573369940283,1,20.33934392443234,1,1,2,7,0,0,0,0,0
55.59570732579452,1,20.17253904500982,0,2,3,4,0,0,0,2,0
33.656846382826686,0,27.11242310967136,0,0,1,7,0,0,0,1,0
61.91908126476747,1,20.46310557416752,0,1,3,9,2,0,0,0,0
41.13463999554437,0,24.688844715137503,1,1,0,10,0,0,0,1,0
48.235089744560355,0,30.285922692755456,2,2,2,5,0,0,0,0,0
59.409240819147435,0,26.51985088947167,2,1,1,3,0,0,0,2,1
43.41186832236646,1,21.389325648356262,0,0,1,1,0,0,0,0,0
54.130540004975465,0,32.0499375580807,1,1,1,3,2,0,0,1,1
32.292542481327196,1,27.73937618497351,1,2,3,4,2,0,0,2,0
64.46313405394233,1,30.088964936020446,2,1,1,2,0,0,0,0,1
81.47370708326157,1,15.0,0,2,2,4,1,0,0,1,0
90.0,0,26.65426439131373,1,1,3,5,0,2,0,2,1
56.367522199996586,1,29.210789181899464,2,2,1,8,0,1,0,2,1
66.8230621119578,1,33.501443211489956,2,1,1,5,1,0,0,1,1
28.290614906387663,0,17.68090707924479,0,0,3,2,0,0,0,1,0
77.54101489458382,1,31.030572945972665,0,2,3,1,2,0,0,0,1
66.64342757086159,1,33.22190142850622,1,2,3,9,1,0,0,0,0
47.7409983257315,1,15.0,2,3,1,4,1,2,0,0,0
73.55771200433514,0,27.392955549348713,0,1,2,9,0,0,0,0,0
51.182858850319874,0,28.08810407170351,2,1,1,9,0,0,1,0,0
48.12962225478165,0,23.364961686740468,0,2,3,1,1,0,0,1,0
62.13002388141237,0,22.549527699668552,1,0,3,7,0,0,0,0,0
39.049682502545224,1,28.33926956643911,2,3,1,6,0,0,0,0,0
70.32437146599922,1,21.92509123294684,0,0,0,2,0,0,0,1,0
39.16015282109735,1,23.91375335790951,0,0,1,10,0,0,0,1,0
39.249178152652206,1,29.062174504119607,1,0,2,4,1,0,0,0,0
41.354653173874986,1,33.77021525163432,2,1,1,5,0,0,0,1,0
66.39250056274183,0,27.68992136271009,0,0,2,5,0,0,1,1,0
45.748369577204386,1,25.66742247707256,1,0,1,7,0,0,0,1,0
34.78006323449247,0,22.41801257669615,1,1,3,10,1,0,0,0,0
45.91480000096303,0,19.94699979674472,1,1,1,2,1,0,0,2,0
54.519364439792696,1,30.547891207504748,2,2,1,3,0,0,1,0,1
37.285412745034215,0,24.23275074436558,1,0,1,2,0,2,0,1,0
37.72478336448485,0,30.753516373333643,1,0,0,7,0,0,0,1,0
86.66944501149376,1,23.35224061002269,1,0,1,7,0,0,1,2,1
42.091518942791694,0,21.753556693194945,2,1,2,9,0,1,0,2,0
50.1543644684049,0,27.10399444413758,0,1,3,4,0,0,0,0,0
49.49144498801071,0,24.617320303657998,2,1,0,4,0,0,0,0,0
48.67964788344337,0,18.972356976946312,0,1,2,6,1,0,0,0,0
64.32020109953653,0,34.08684164890924,1,2,1,3,0,0,0,2,1
69.22214425708074,1,21.865081131141814,1,0,3,3,0,0,0,1,0
50.41068352702612,0,29.63795760587107,0,1,1,9,1,1,0,2,0
36.45282570111476,1,29.209283146982408,0,0,0,7,0,0,0,0,0
74.11660341773356,0,18.702686175428216,0,0,2,9,2,0,0,0,0
53.56988363204976,0,19.988061776917576,0,0,3,2,0,2,0,0,0
80.95482722285753,1,23.49245330149936,2,1,0,4,0,1,1,0,1
21.31621153652256,1,20.671767277108415,2,1,0,8,0,0,0,1,0
57.931048319249804,1,33.632281859393444,0,2,3,9,0,0,0,1,0
83.77909500814312,1,23.99912181600744,0,2,2,3,0,0,0,2,1
49.70103796842763,0,29.448745214070343,2,1,3,8,2,0,0,0,0
51.61759864998046,0,27.56818694500102,0,0,0,8,1,1,0,0,0
59.43267537385508,1,26.320112244981768,2,2,3,3,0,0,0,0,0
46.61806271672564,0,25.20160605369794,0,2,1,8,2,0,0,0,0
50.31892101920901,0,31.185653538943484,2,2,3,6,0,0,0,0,0
49.932773587128956,0,20.87453513332492,1,0,0,9,1,0,0,1,0
45.5886889836044,1,33.63167655228293,0,2,3,1,1,0,0,0,0
73.43284825300839,0,18.563884097479523,0,2,2,9,0,0,1,0,0
61.916170484446525,0,28.90755862811212,1,1,2,8,0,1,0,2,0
58.75942348154953,0,17.974180700301087,0,2,0,10,0,0,0,2,0
67.12856510335175,1,23.4214722388652,1,2,2,8,2,2,0,1,1
51.034662501948,0,25.466549690304834,0,1,2,8,0,0,1,0,0
43.38694272470649,0,22.56652325585243,1,2,2,10,0,1,0,0,0
45.960635430781636,1,24.091652151915543,1,2,2,7,0,0,0,0,0
55.02674561656913,1,18.065147760346033,1,3,1,3,0,0,0,0,0
39.11182437440647,1,20.062747656382243,0,3,1,6,0,0,0,0,0
47.49608475119987,1,27.49132353597941,1,1,3,10,1,0,0,0,0
47.25825037192848,0,25.148359124887225,1,0,3,8,2,0,0,1,0
86.86834344743521,0,21.547359870892464,2,0,1,8,0,1,0,1,1
20.0,0,31.62138881564836,2,3,2,4,2,0,0,0,0
52.3057041789155,1,18.90034550004892,0,1,1,8,0,0,0,1,0
80.88540689222157,0,23.192047670679685,0,1,3,8,0,2,0,0,1
56.82766696198681,1,22.47171860910764,0,1,0,1,0,0,0,1,0
66.3012621013164,1,28.075188138805224,0,0,3,5,0,0,0,0,0
56.497394726496516,0,25.24081845568597,0,1,2,7,2,0,0,1,0
44.989999281752795,0,24.459173767327016,0,2,0,8,0,0,0,0,0
21.3712609823663,0,15.778916480663804,0,0,3,9,0,0,0,0,0
58.081835305544544,0,29.325172403160465,0,2,2,6,0,0,0,1,0
43.36590093096413,0,23.910870925841316,0,1,2,10,0,0,0,0,0
42.994968907520445,1,25.5783050880521,0,1,1,5,2,0,0,0,0
47.51519116031332,0,21.257183899530613,0,1,1,8,1,0,0,0,0
81.17292109935241,0,20.470856185914634,1,2,3,6,1,2,0,1,1
90.0,0,32.496438792378434,0,1,2,2,0,0,0,1,1
58.25811906292601,1,16.133807108687936,0,1,0,9,0,0,0,1,0
48.02849164132408,1,19.72900486108614,0,1,1,9,0,0,0,1,0
37.34160373823184,1,32.4024607633454,1,3,2,1,0,0,0,2,0
62.02810242319104,1,28.20373190499327,2,1,0,9,2,0,0,2,1
81.74358400097717,0,23.3726873412879,0,2,0,5,0,0,0,0,0
51.28989419462265,0,31.232981571443265,1,1,0,9,0,0,0,1,0
20.0,0,27.234300581980044,1,0,2,5,0,0,0,1,0
65.05074507723286,0,26.163300459872097,1,0,1,10,2,0,0,0,0
69.78099567175074,1,26.12781008551209,2,0,1,6,0,0,0,1,0
31.21231539421229,0,27.32619108607247,2,0,0,9,0,0,1,1,0
57.64726275494429,0,27.528462506487266,0,1,2,7,0,0,0,0,0
61.768390242041484,1,35.979865264479784,0,0,2,4,1,0,0,0,0
53.903390469865926,1,24.02553594163664,1,2,3,6,1,0,0,0,0
43.13843621371969,1,24.17976405925898,2,3,2,8,0,0,0,2,0
70.23905835345334,0,18.81553406214643,2,1,2,5,0,0,0,0,0
48.94930381046976,1,24.74051306589491,0,1,2,4,0,2,0,1,0
32.722207559501015,1,34.31443449772409,0,1,1,7,0,0,0,1,0
24.257882714954786,0,29.92242501217328,2,1,1,3,2,0,0,0,0
73.91274279998964,1,22.28166128062336,1,1,0,4,2,1,0,1,1
64.24995964706677,1,25.150206822606425,1,1,1,7,0,1,0,0,0
56.319603206937536,0,18.517808122075028,1,1,2,5,0,1,0,1,0
48.39588044723795,0,20.154403278508468,0,1,3,1,1,2,0,0,0
47.06502378695309,0,25.74720576306859,2,1,1,6,0,0,0,0,0
38.863950273375835,0,22.527726985897736,2,2,2,9,0,0,0,0,0
48.52816533160173,1,19.77700105310791,1,3,1,10,0,0,0,1,0
23.198691773197385,0,27.449203823689462,1,2,2,3,0,0,0,1,0
43.95904519797229,1,24.58874956673338,1,1,0,4,2,0,0,0,0
50.335937254733594,1,17.162248141544804,0,2,0,10,0,0,0,0,0
64.14820070785629,1,15.0,0,1,1,2,0,0,0,1,0
54.401103049399545,0,22.149942507128728,0,2,3,3,0,0,0,0,0
66.92384670813338,0,17.05867428279236,2,2,0,5,0,0,0,0,0
75.23702657670144,0,15.655442967646731,0,0,2,6,1,0,0,2,0
70.87255140736153,0,30.64484600701043,0,0,3,2,0,1,0,1,1
62.05764771067835,0,24.511445550673535,1,1,2,2,0,0,0,0,0
55.17794018771176,1,23.672768108872486,0,0,1,6,0,0,0,0,0
40.28817987379661,0,24.057970919246255,0,1,1,1,0,0,0,0,0
66.09916077068975,1,19.31083924603515,1,2,2,2,0,0,1,0,0
80.19621073332294,0,27.054880825070843,1,1,1,4,0,0,0,0,0
60.131590594756275,1,24.346498366337297,1,1,2,1,1,0,0,0,0
83.75888722639185,1,21.21295672010294,1,1,2,5,0,0,0,2,0
32.11642437908374,0,21.961856577375002,1,0,2,3,2,0,0,0,0
37.68754922830688,1,18.862706433938524,1,2,3,10,0,0,0,1,0
67.82802261622393,1,22.968785635490825,1,1,3,1,2,0,0,2,1
58.96435315229876,1,23.80186059608743,0,1,2,4,0,0,0,1,0
74.70673264857712,1,22.83858335435018,1,2,2,1,0,0,0,0,0
54.767925389098906,0,25.275772786707932,0,1,2,2,2,0,0,0,0
41.98036866207502,0,24.60744147619122,0,0,3,10,0,0,1,1,0
51.79610136692436,0,26.153842693323035,0,2,1,7,0,1,0,1,0
32.009740436143986,1,29.71548518460797,0,1,2,1,0,2,0,1,0
38.07113990354448,1,27.965117386065405,1,2,0,6,0,0,1,0,0
69.58665996877015,1,29.77294920255168,1,0,1,4,0,2,0,1,1
68.09181121704415,0,20.761328850868857,0,0,3,6,1,0,0,0,0
60.44506427209115,1,22.456925529556713,2,2,1,5,0,0,0,0,0
29.18383718559296,1,28.267983419729838,1,1,0,6,0,1,0,0,0
49.62394636730667,0,28.35738835716043,2,1,0,5,0,0,0,1,0
36.62500167009924,0,21.60689691231559,1,1,1,2,0,0,1,0,0
72.64799880681647,0,28.057919628908714,0,1,1,10,0,0,0,1,0
46.24416799656098,1,20.28233941677029,2,0,1,4,0,1,0,1,0
38.71378433827676,1,27.40527862070897,2,1,2,7,0,1,0,1,0
55.44694247682137,0,24.868518995671796,1,0,3,4,0,0,0,0,0
45.39768314748082,0,18.07782198046832,0,1,0,5,0,0,0,1,0
77.2561586530556,1,22.829630891202964,0,3,2,2,0,0,0,1,1
43.97783653698714,1,35.911339048477465,2,1,0,3,1,1,1,0,1
34.01157611163053,1,26.013901814024976,0,2,1,5,1,1,0,2,0
22.706297263637268,1,36.502249883591304,1,0,3,4,0,0,0,0,0
54.538202463798775,0,17.780367350624818,1,2,0,3,0,1,0,1,0
46.5710482921311,1,28.753708963319212,0,1,0,2,0,0,0,1,0
33.5664309023241,0,15.0,2,1,1,9,1,0,0,0,0
72.83839691883678,1,24.998822575426082,2,1,3,2,0,1,0,0,1
65.00867721143862,0,28.156086888256606,0,1,0,9,0,0,0,2,0
54.57673181594156,1,29.18945047498138,1,1,1,4,1,0,0,1,0
75.464893662563,0,21.003651377097935,2,0,2,10,1,0,0,0,0
64.9380405009792,1,30.195452109883682,1,0,1,9,0,0,1,0,0
42.65716147722351,0,22.331426199776526,1,2,0,9,0,0,0,0,0
39.411697540138505,0,24.179513744438015,1,3,0,10,0,0,0,0,0
67.26972316680792,1,22.833388903216832,0,0,2,5,2,0,0,1,1
60.945504347010264,0,19.318053246338344,2,1,2,7,0,0,0,0,0
57.54621651955993,1,32.848597937104294,1,0,2,4,1,0,0,1,0
42.30253295696639,1,25.240089085790384,0,0,0,10,2,1,1,1,0
64.11921350508631,1,30.43659189329314,2,1,1,4,2,0,0,0,1
43.667516752990764,1,30.223556208823002,1,2,2,1,0,1,0,1,0
53.47020018109483,1,20.160298928635086,0,0,1,10,1,0,0,0,0
76.7041621958047,1,31.080636238358007,2,2,2,9,0,0,0,0,1
45.087486462847814,1,27.51707121774661,0,0,2,10,1,0,0,0,0
31.405161143907087,0,19.795490677635556,1,2,3,8,0,0,0,0,0
39.21179212194834,0,27.244254156707523,1,1,2,9,1,0,0,1,0
69.91448240031434,1,19.88516057565966,0,1,3,1,0,0,0,1,0
58.82096706070314,0,33.032291839893205,2,2,3,2,0,0,0,1,1
53.066839319668695,0,29.06893372461048,1,0,3,8,1,0,0,1,0
47.36359292032646,0,24.644257189044822,2,0,2,8,0,0,0,0,0
62.28039861329785,0,31.324018091085918,1,0,1,1,0,0,0,0,0
42.26342723514665,1,17.09006177648231,2,1,1,10,0,0,0,0,0
59.58498352963894,1,21.253293499399792,0,0,2,5,0,0,0,1,0
44.031181467805645,1,23.73790139129814,1,1,2,6,0,0,0,0,0
41.53510922087419,1,36.17842340712759,2,0,1,5,2,0,0,0,0
45.437688477624825,0,19.647585495632974,0,0,2,6,0,0,0,1,0
49.36888830274057,0,16.46347029129663,0,3,3,7,0,0,1,0,0
54.26755246099445,0,17.778072427508647,2,2,1,10,0,0,0,0,0
58.53183692666671,1,29.531079346028005,2,0,2,6,0,1,0,1,0
20.0,0,22.029038647305715,2,2,2,3,1,0,0,0,0
42.88524163379853,0,24.204566678156933,1,1,0,6,0,1,1,0,0
49.126450339659414,1,28.81416320837242,1,0,0,9,0,1,0,1,0
77.57593057912496,1,24.209576860210444,0,1,3,6,0,1,0,1,0
38.79996087426802,0,26.020733022540277,1,3,3,6,1,0,0,0,0
57.441949271498686,0,27.676075738048475,1,2,3,5,0,1,1,0,1
77.42545464603756,1,22.846618040198923,0,2,1,1,1,2,0,0,1
35.30547205079091,1,24.16841470035158,1,1,1,5,1,0,0,1,0
60.90962838796604,0,26.20977701160506,1,1,3,1,2,1,0,0,1
42.965922490982194,0,29.3408963652661,1,1,3,8,2,1,0,1,0
47.43049386566148,1,21.038153679096755,1,2,3,1,0,0,0,1,0
42.95333749070028,1,15.0,2,2,1,8,0,0,0,0,0
44.022140373761715,1,28.397915746928234,0,0,2,4,0,0,1,1,0
90.0,1,29.63857959375042,1,1,2,3,0,0,0,0,1
67.66683808107499,1,26.00017081065086,1,1,2,4,0,0,1,0,0
71.52606792679313,0,26.341466094782678,0,0,2,2,0,0,0,0,0
62.37990230254744,0,22.17845052929915,0,1,2,3,0,0,0,2,0
30.906148173970628,1,27.50091710767462,1,2,2,4,0,0,0,1,0
60.924369554849605,1,29.265834098420942,1,3,1,9,1,0,0,2,1
71.0939442176102,1,25.282481707092423,2,2,1,10,0,0,0,1,1
42.19900788941333,0,37.45624165003633,1,0,2,2,0,0,0,0,0
69.4799000074169,1,17.181294561643103,0,1,1,3,0,0,0,2,0
65.56504314781118,0,25.814808354281734,1,0,3,4,2,0,0,0,0
82.78060067220505,1,19.128235188413427,2,1,3,3,0,1,0,2,1
48.73325481229572,0,29.39922961978445,1,2,3,3,0,0,0,0,0
38.535835265864094,1,17.092622859789092,2,2,1,9,0,2,0,0,0
49.575578359411814,1,18.33039228641151,2,2,0,5,0,0,0,0,0
76.53356489745435,0,21.83406529725398,0,0,0,9,0,0,0,0,0
27.573911787370555,0,26.329160849277,0,0,2,6,1,0,0,1,0
23.974364268534515,1,22.022643056691912,1,3,1,10,0,0,0,1,0
56.3409291839742,1,22.072793687004534,0,2,1,8,0,0,0,2,0
48.36116060838766,0,24.095547725369574,1,1,1,1,0,0,0,1,0
55.11591839763527,0,23.78879920469247,2,1,2,8,0,0,0,0,0
69.17967656853799,0,32.43724694159262,1,1,2,1,2,0,1,0,1
46.711459808217214,1,28.42955559834484,1,1,1,9,1,0,1,0,0
26.90491253604069,0,23.37711630107678,1,0,0,3,0,0,0,0,0
85.66722335799916,0,35.485059556068066,0,1,3,9,0,0,1,0,1
40.04157568841836,1,27.458305874280047,2,1,1,8,0,1,0,1,0
39.114443169818536,1,20.155189723432258,1,0,0,7,1,0,0,0,0
71.55580020583895,0,26.28256869995922,1,3,0,1,0,0,0,1,1
49.23266318437723,1,27.677562724326574,0,0,0,7,0,0,0,0,0
54.04915221947784,1,21.56187640469326,2,1,1,2,0,0,0,1,0
62.24185186090477,1,19.737455445969804,1,1,2,2,0,0,0,1,0
71.25374654664994,0,25.43229545021221,0,1,3,9,0,0,0,2,0
49.998089602273424,1,23.198891143469822,2,0,1,9,2,0,0,0,0
77.79928008871448,0,32.395639442277215,2,1,2,1,0,0,0,1,1
22.963002268977917,0,28.705779120424573,1,0,3,7,1,0,0,0,0
66.39680855429616,0,21.7961236295671,1,1,1,5,1,1,1,0,1
42.40708662973514,1,27.129690554742943,2,0,1,6,0,0,0,2,0
75.58406974911986,1,31.335640713623697,2,0,1,1,0,1,0,2,1
57.130667182458176,1,18.03097777050175,1,3,3,6,1,0,0,0,0
44.90642001985898,0,19.88610879506124,1,1,0,1,0,2,0,0,0
64.94261639532449,1,24.944156913602345,0,0,1,4,0,2,0,1,1
68.39782520810877,1,25.17800983952517,0,3,2,2,2,1,1,1,1
64.62841184287957,0,24.739012472685697,0,0,2,2,0,1,0,0,0
39.554556405504094,1,23.44611410606161,0,0,1,1,0,1,0,2,0
47.739743145668726,0,23.369698387739902,2,0,2,7,0,0,1,1,0
54.93890744317847,1,26.921290684108143,0,2,2,2,1,1,0,0,1
54.381105210249096,0,30.669712768195865,2,1,2,7,0,0,0,0,0
66.24618213157521,1,22.595236351557865,1,0,1,2,1,1,0,0,1
24.776481512400878,1,37.19199672585327,0,0,2,7,0,1,0,1,0
60.01490581830255,1,34.803457178701585,0,1,1,4,0,0,0,1,0
50.6502796834504,0,31.646278147900407,1,1,3,9,1,2,0,1,0
42.42249075424071,0,28.11241667280781,0,2,0,1,1,0,0,0,0
43.86269833345601,0,35.03994053235078,1,1,0,3,0,1,1,0,1
51.78193503223055,1,23.549423175002957,2,1,1,5,0,0,1,1,1
20.0,1,20.836977940048826,1,2,3,7,0,0,0,0,0
44.48065643812675,0,22.37013970298008,2,1,2,7,0,0,0,1,0
41.8627776303056,0,19.98528598454959,2,1,1,6,0,0,0,0,0
62.991748139839366,1,25.609006611566848,2,0,3,5,1,1,0,0,1
42.91709976234219,1,26.499152320638718,0,1,3,5,1,0,0,0,0
51.77329299744265,0,26.004199193405533,2,2,1,4,1,0,0,0,0
78.13414941491953,0,24.937843239091002,1,0,2,9,0,1,0,0,0
69.91527279723135,0,25.665772640858076,2,1,3,8,0,0,1,0,1
68.5340709991518,1,33.681619044249445,1,1,1,9,0,0,0,0,0
47.501913543837226,1,28.10025933819542,1,0,1,7,1,0,0,0,0
63.145484189344785,1,29.612543983024107,2,0,2,5,0,0,0,2,0
51.49153299319609,0,25.95394968343394,0,0,2,10,0,0,0,0,0
52.058601839845934,1,16.92205650765961,1,1,0,2,2,0,0,0,0
61.14528015619825,0,15.930587647652445,0,1,0,4,0,0,0,1,0
46.04509617368601,0,35.41404995104257,0,1,3,6,0,0,0,0,0
77.39504656664805,1,22.34088862384389,2,0,0,8,2,0,1,1,1
52.59804790603094,0,21.91624327924034,0,1,3,5,0,0,0,0,0
64.27540849389497,0,26.228316206886245,2,0,1,9,1,0,0,0,0
76.83400718885947,1,27.752014891649637,1,0,2,4,0,0,1,0,1
70.47480661862762,0,28.384310686672062,1,1,2,6,0,0,0,1,1
33.86621345964213,1,33.87209266440002,0,1,1,4,0,0,0,0,0
61.67343842514826,1,32.50368191328971,0,2,0,6,2,2,0,0,1
67.7607909169097,1,20.945333876805893,2,0,0,10,1,0,0,0,0
68.37794533241123,0,29.843672867108946,2,1,2,3,0,0,0,1,1
38.30057748828053,0,23.079545408946007,0,1,1,8,1,0,0,0,0
45.14447144474014,0,24.312456277846117,0,1,1,4,0,0,0,2,0
69.91837353612432,0,19.530053970243188,0,0,0,7,0,0,0,0,0
43.57359443976031,1,16.53463573084295,0,2,1,10,0,0,0,0,0
50.504559150035284,0,24.842191436838554,2,1,2,8,1,1,0,0,0
78.63813714252954,0,20.22009041944377,2,2,0,9,0,0,0,0,1
54.283011244228156,1,29.63906839286018,1,3,0,2,2,0,0,0,1
44.09838793249236,1,23.594608782399394,2,3,1,3,0,1,1,2,1
41.83573964705642,1,26.542951094749366,0,1,2,9,0,0,0,1,0
59.99078994377782,0,31.837628769577158,1,2,1,7,0,0,0,0,0
35.00277987284187,1,17.57352409108946,2,0,1,7,1,0,0,0,0
51.289960541553725,1,21.376913057251564,0,0,2,4,0,2,0,0,0
59.99845802485033,0,25.90441812282925,0,1,3,1,0,0,1,0,0
74.48724730821502,0,26.562624079116304,1,3,1,8,1,1,0,1,1
65.01322120554994,0,30.51748750636163,0,2,1,10,0,0,0,1,0
44.28902323026732,1,29.33576564520299,1,1,3,9,0,0,0,0,0
72.6762897634558,0,25.484668128653695,1,1,3,4,0,0,0,1,0
50.50727443678784,1,26.517023352986275,0,0,1,1,1,0,0,0,0
36.46445466925887,1,26.65537945495245,0,1,2,9,0,0,0,1,0
52.41937961101791,1,17.651438176631224,0,0,1,5,0,1,0,0,0
76.57253801718554,0,24.21812261322519,1,0,1,6,0,1,0,0,1
57.478600750973875,0,26.24236608998546,0,0,2,2,0,0,0,0,0
55.1878279649468,0,27.292754293925533,2,2,1,5,0,0,1,1,1
79.5581746705428,0,20.3781827996792,2,1,1,1,1,0,0,2,1
33.52967729418359,1,18.656010437355544,0,0,0,3,0,2,0,1,0
35.71601328920842,0,23.8273370374096,2,1,3,1,0,0,0,1,0
30.76230293549752,0,34.83683055545747,1,2,3,1,1,0,0,0,0
60.58972279720083,0,20.903762436356658,0,3,0,9,2,1,0,0,0
57.49739690672687,0,30.869641236774047,1,2,2,6,0,0,0,0,0
78.14104550919664,1,32.9236982152256,1,0,0,8,2,0,0,0,1
58.652126157051555,1,25.227332631165968,0,0,2,5,0,1,1,1,0
48.93764260781046,1,21.600760326732743,0,0,3,9,1,0,0,0,0
55.026923093171604,0,27.564097818291128,0,1,1,4,2,0,0,0,0
56.76561127691437,1,25.97495146049748,0,1,1,10,0,0,0,0,0
29.923580900077493,1,20.704480099048457,0,0,2,8,0,0,0,1,0
90.0,0,21.70598586814112,1,3,2,6,1,0,1,0,1
62.79806527152867,0,27.267899260726654,0,2,1,10,0,0,0,1,0
58.150124620338836,1,29.66720204084274,0,1,3,5,0,0,1,0,0
64.2274597641787,1,23.386048993423064,0,1,3,5,1,0,1,2,0
65.64116470879907,1,24.654332175559734,2,1,1,3,0,0,0,2,1
52.89169771746352,0,28.3431928525554,0,1,0,4,0,0,0,0,0
45.53138295638949,0,24.13756557913032,1,2,2,10,2,0,0,1,0
63.99176029482556,1,23.503365133520578,1,0,2,5,0,0,0,0,0
60.78566260797179,1,21.22329590136387,2,1,1,9,1,0,0,0,0
42.85164851365888,1,21.136576883129845,1,0,0,10,0,0,0,0,0
76.28553417050895,1,38.34441379111628,0,1,1,3,2,0,0,1,1
59.40028054484475,0,24.01899169960459,0,1,0,5,1,0,1,0,0
65.94729043401446,1,31.82529160756112,0,0,2,9,0,0,0,0,0
75.87881331519878,1,33.419966687595355,1,0,0,1,2,0,0,0,1
55.32833231747252,1,24.082088552534202,0,0,2,5,0,0,0,0,0
59.75428010476173,0,26.842149042173844,0,1,1,4,0,0,1,1,0
67.15040857759175,0,25.51239241016516,1,1,3,1,0,0,1,0,1
44.12708374299922,1,16.939088246706618,0,3,2,1,0,0,0,0,0
55.81077494269002,1,17.24013493875919,2,0,0,7,1,0,0,0,0
56.883228799767224,1,25.244242334521363,0,0,2,6,0,0,0,0,0
40.659121724749085,1,22.87543230695702,2,1,1,1,0,0,0,0,0
89.76455183010818,1,34.45790169196795,2,0,2,4,1,1,0,0,1
33.89059834761396,1,23.817135306526907,2,0,3,7,0,0,0,1,0
35.52844144469263,0,34.754644985340626,2,1,2,6,0,0,0,2,0
74.71339863555369,0,22.61804301932228,0,2,3,10,0,0,0,0,0
65.69899376194813,0,34.56100210304467,2,2,1,2,0,0,0,1,1
39.61052773778833,1,27.532122484736732,0,0,2,9,0,0,0,0,0
64.10933522652539,0,27.816459478855986,2,0,0,10,1,0,0,1,0
77.01775667495964,0,22.44118021633175,0,1,3,3,0,0,0,1,0
54.546054136045214,1,27.884585902018443,0,1,0,2,0,0,1,1,0
90.0,1,33.46356716540625,2,2,1,1,0,0,0,1,1
29.13907283697947,1,24.275862529699314,0,1,3,3,0,0,0,0,0
65.40735180788653,0,23.30301592316691,2,0,0,6,0,0,0,0,0
72.49792504331505,1,23.766187305699557,1,0,1,10,2,0,0,0,0
68.3701585240787,0,33.100558025032186,0,3,2,1,0,0,0,0,1
51.934664100315274,0,29.276756035005434,1,1,3,2,1,0,0,0,1
50.64337776983276,0,32.23839995235559,0,2,2,9,1,0,0,2,0
61.66217756630886,0,26.568113552421348,2,1,0,1,0,1,0,0,1
67.23631729978104,0,25.19659678388916,2,1,2,1,1,0,0,0,1
64.03710154423545,1,27.11972019535316,2,0,1,9,1,0,0,1,0
70.60086836190084,0,30.3507926720627,2,2,3,3,1,0,0,0,1
39.71695064399897,1,23.764408787060674,0,2,2,6,0,1,0,0,0
51.58343531314548,0,31.84338496678393,0,0,2,3,0,0,0,2,0
40.89976101814369,0,26.829152785329384,0,0,2,2,0,0,0,1,0
49.208308358707875,1,15.0,1,1,2,3,0,0,0,1,0
70.22831337721458,1,29.417467135525975,0,1,2,10,0,1,0,0,0
56.61975881087843,1,18.638474933690087,1,1,0,4,0,0,0,1,0
90.0,1,29.295863803369937,1,1,0,1,0,0,0,0,1
57.90109550784575,1,29.50758999119083,0,2,1,3,0,0,0,0,0
55.895378208696044,1,26.64946298690604,0,1,1,7,0,0,0,1,0
56.59274379160325,1,27.718404494383467,0,1,1,2,0,0,0,2,0
45.43286960710096,1,30.494353939219934,2,0,1,7,0,0,1,1,0
54.132450814336096,0,22.52186163094636,0,0,3,4,0,0,0,1,0
71.91682040667469,1,28.96714829851239,0,1,0,7,0,0,0,0,0
56.70956002191659,0,30.81511651478518,2,2,3,3,0,0,0,1,1
43.09810405174793,0,33.80041298769239,0,2,3,7,0,0,0,0,0
41.12373069282047,1,19.471098569701482,1,2,2,10,0,0,0,0,0
48.24697162501235,0,27.04258032493884,2,1,0,7,0,0,0,1,0
56.107951516163205,0,20.192554004692678,1,0,1,3,0,0,1,0,0
72.90379803214392,0,19.98038991149251,1,1,3,6,0,0,0,0,0
34.89267037950345,1,26.7951388620299,0,0,3,9,0,0,0,0,0
50.202605831668656,0,25.387279073980693,0,1,3,7,0,0,0,0,0
57.164650291526186,0,30.725007392609925,1,0,3,5,1,0,1,0,0
27.494413485558482,1,23.269117752028954,0,0,0,1,0,0,0,1,0
42.49602575550391,0,24.329742819014946,2,1,2,8,0,1,0,0,0
44.80167190395721,0,26.057521311690923,0,0,3,4,0,0,0,0,0
43.06044439224252,0,20.690855742817718,1,1,1,2,2,0,0,0,0
57.87834317532471,0,21.384650774920345,0,1,1,9,0,0,0,2,0
52.59160585747304,0,30.580493328862765,2,2,1,3,0,0,0,0,1
46.67070846098446,0,22.255224793594458,1,0,0,6,2,0,0,0,0
61.419439398289526,0,30.912382832248426,1,0,0,3,0,0,0,0,0
80.84612076469375,1,28.036562903341473,1,2,0,7,0,0,0,2,1
79.58884775112628,1,17.262344872555325,0,0,2,2,0,0,0,1,0
26.158423419064956,1,27.65189345918894,1,2,2,4,0,0,0,1,0
63.656082757527095,0,27.612399115470637,0,0,1,10,1,1,1,1,1
52.32965064904242,0,27.114643042556427,1,1,3,9,0,0,0,0,0
57.327330142980344,1,24.290616368084947,0,0,3,8,2,0,0,0,0
49.02575449686177,0,20.29966272304074,0,1,0,8,0,0,0,0,0
56.76382944830803,1,31.7310638305631,0,2,0,8,0,0,0,0,0
57.27111094108028,0,24.49210205638582,0,1,1,7,0,0,0,0,0
46.315723639766155,1,20.58296919832316,0,1,2,6,1,0,0,0,0
41.55448678262229,0,27.287343430440043,2,0,2,8,0,1,0,1,0
48.26956476070774,0,21.286100146333716,1,3,1,7,1,1,0,0,0
58.51388896685148,1,20.254569858574392,2,1,0,1,0,0,0,1,0
63.98494512526396,1,23.122636938987807,0,0,1,6,0,0,0,0,0
67.8002346601022,0,21.673011178409627,1,0,3,8,1,0,0,0,0
47.587149653996306,1,20.43878874007713,2,0,1,5,0,0,0,0,0
59.25766850954105,0,29.032058811308794,1,0,2,6,1,0,0,1,0
69.43753887929948,0,24.430860927688002,1,3,0,2,0,0,0,1,1
72.48392342716193,1,31.26139972757946,1,1,0,2,0,0,0,1,1
54.11750718802717,1,20.727452611350323,1,0,1,2,0,0,0,0,0
51.68602412590581,1,16.36219481181832,2,1,2,6,0,0,0,2,0
57.86686350754588,0,25.74385174624708,1,1,1,5,0,0,0,0,0
37.75438790653891,0,34.27989460903208,2,0,0,6,0,0,0,0,0
52.09585733446738,1,27.65493414681001,2,0,2,6,1,0,0,0,0
66.16879597709695,0,40.0,1,0,0,4,0,0,0,0,1
64.62920694165553,0,26.660295604745443,0,1,2,7,0,0,1,0,0
50.94598593454167,0,26.177761056440453,0,1,3,9,0,2,0,0,0
58.2657730163075,0,15.0,0,3,1,7,0,0,0,0,0
42.63024489563969,0,27.13973720294264,0,1,1,6,0,0,1,0,0
65.55238222337537,0,25.843338800096458,0,1,3,3,2,0,1,1,1
53.8326784579529,1,22.962894008977315,0,3,2,6,0,0,0,0,0
50.86072822455793,1,24.316105664704647,1,1,3,8,0,1,0,1,0
49.5741424585992,0,24.659497128289104,0,1,2,8,1,0,0,1,0
54.05659199650213,0,24.10035423533968,1,1,1,4,0,0,0,1,0
48.28183532602063,0,35.448574815629804,0,2,2,5,0,0,0,1,0
64.87214554003845,0,23.145689860974954,2,1,0,4,1,0,0,0,1
49.070746779757286,1,25.846568619269288,2,1,1,2,1,1,0,0,1
78.89446144041072,1,22.980494583068968,0,1,2,5,1,0,0,0,0
76.97815755222072,1,28.9171559332194,2,1,2,1,0,0,0,2,1
41.62684765218243,1,25.883818499861036,0,2,2,2,0,0,0,0,0
56.04556404143921,0,23.600447134147593,2,1,2,7,2,0,0,2,0
45.240150679957075,0,15.370160270464087,1,0,0,5,1,1,0,1,0
50.10028655217083,1,26.21654112644375,0,1,0,10,0,0,0,1,0
85.03641201467195,1,23.452118632101246,0,3,0,8,0,0,0,1,1
50.38642874326301,0,24.696296715564493,0,1,2,6,2,0,0,0,0
60.40339055616143,0,19.08771026377333,2,1,0,8,0,0,0,0,0
63.11981941012417,1,32.16641086360098,1,3,1,2,0,0,1,0,1
39.99055941275139,0,29.28371587921936,0,1,1,8,0,0,0,0,0
42.17356788386193,1,32.15352998820316,1,3,2,9,0,0,0,0,0
36.909664428878216,1,30.73489650390477,0,0,1,8,1,0,0,1,0
41.710438991533344,0,27.961586510637307,0,3,0,7,0,0,0,0,0
20.0,1,19.288587456367786,2,0,1,8,0,1,0,0,0
63.16873601190442,1,34.216935820359296,1,2,2,2,0,0,0,1,1
85.81290761884105,1,20.361824245562445,0,2,2,6,0,1,0,1,1
57.217311085547905,0,23.65796187962519,2,1,0,7,0,0,0,1,0
33.75596710989089,0,28.534511403134605,0,2,2,9,0,0,0,0,0
45.35835425650078,1,28.782703935937025,0,1,0,3,1,0,0,0,0
48.11684732462505,0,27.861183634722792,0,0,2,6,1,1,0,1,0
39.73622834179936,0,22.99855759335455,1,1,2,8,0,0,0,0,0
67.90273957592734,0,21.965341863222626,1,1,1,4,0,0,0,0,0
67.15390066563,1,37.67266284303068,0,1,0,5,0,0,0,0,1
37.668223092735104,0,24.803430307500832,1,0,2,2,0,0,0,1,0
65.87621566671262,0,24.19114307680582,2,0,0,10,0,0,0,0,0
77.90218995365898,0,21.432217545306234,1,1,3,7,0,0,0,0,0
83.5383730784434,1,26.223351745354787,2,2,2,8,0,0,0,0,1
90.0,1,25.990114002890355,0,2,2,6,0,0,0,1,1
41.47011025835204,0,24.918868956478523,0,0,2,9,0,0,0,0,0
90.0,1,26.90863323393943,1,3,0,3,0,1,0,0,1
49.68690417236817,0,33.81768751221177,0,3,3,9,0,0,1,1,0
46.11301816929229,1,22.02473646854551,0,0,3,9,0,0,1,0,0
59.90608562316768,1,25.2154187110106,0,1,2,9,0,0,1,0,0
46.269079988604815,1,21.76075773724722,2,1,2,6,0,0,0,0,0
60.98566210969789,0,26.47349180412814,0,1,2,9,0,0,0,2,0
35.19884218394047,1,22.157652493127905,0,1,3,7,1,1,0,0,0
51.41871096904848,1,22.37278504282905,0,1,1,8,1,0,0,1,0
74.28373351542518,1,17.70238312972187,2,0,1,8,0,2,0,0,0
54.14408062853266,0,25.488973914098374,1,0,2,8,0,0,0,0,0
57.12393680109824,0,27.148848109524884,0,0,2,3,1,0,0,1,0
62.12887907075967,1,34.30238176596148,2,2,2,6,0,2,0,0,1
72.5599244397649,0,27.347512405949225,2,0,1,7,0,0,0,0,0
30.171629317158505,1,22.751579383513402,1,2,3,4,1,0,0,1,0
63.76786077756152,0,18.201604561569553,0,1,1,4,0,0,0,1,0
50.97791291137355,1,18.89356497167261,1,1,2,7,0,0,0,0,0
57.49956842967758,0,18.52185830264014,2,2,1,2,1,0,0,0,0
70.89925254643565,0,34.39021017724691,0,0,1,8,0,0,0,1,0
37.08720022882234,0,26.439052484631848,0,0,2,6,0,0,0,0,0
39.81033337835366,0,22.085168903690537,0,3,3,9,2,0,1,0,0
25.968550604292908,1,20.200701974233677,1,1,3,5,1,0,1,0,0
46.76261587354335,1,20.71946079803039,1,0,0,10,0,0,0,0,0
74.95648516568224,1,21.95350302746811,0,0,3,10,0,0,0,0,0
53.191192172897956,1,31.58127608127576,0,2,2,1,0,0,0,0,0
34.89812656517822,1,24.850282764711253,2,1,0,7,1,0,0,0,0
47.714818831374295,0,17.762667913630253,2,0,2,4,0,0,0,1,0
32.68207444764066,0,36.552296373651856,2,2,1,10,1,0,0,2,0
38.122208474032576,0,19.299194303170513,2,1,3,4,2,1,0,0,0
60.8322836539557,1,22.045823450380663,1,3,0,3,2,1,0,0,1
37.39190010540957,0,31.55072193816941,0,0,2,5,0,0,0,2,0
71.68951457804953,0,27.075748163045333,1,1,1,6,2,0,0,1,1
53.93319563754496,1,22.650385001878952,0,0,1,3,0,1,0,0,0
56.28392055916788,1,18.843165369530826,1,1,0,8,0,0,0,0,0
50.82440548588159,1,20.166549455374867,1,0,1,2,0,0,0,1,0
66.59271757815584,1,20.46751940461767,2,1,1,7,0,0,0,1,0
66.74739831665516,1,25.035158989247748,0,0,0,1,0,0,0,1,0
60.02581527868257,0,25.95530908640652,0,0,1,9,1,0,1,1,0
63.47183658861472,1,24.256726856843287,1,3,1,9,2,0,0,2,1
51.818654951193615,1,24.803930930378353,2,0,3,5,0,0,0,0,0
63.13304510363573,0,19.746384024028394,2,1,3,2,0,0,0,0,0
49.9318333678929,0,26.465680531119446,1,1,2,6,0,0,1,0,0
55.03347433243603,0,31.40259318418498,0,1,1,10,0,0,1,0,0
50.880343759505536,0,24.186041591252156,0,2,3,5,0,0,0,0,0
48.14172191021206,1,24.088566467852633,2,2,3,4,2,0,0,0,0
44.663323034173146,0,25.41500526026424,1,3,0,2,0,0,0,0,0
62.015351557883285,0,30.591024298796956,2,2,2,5,1,1,0,1,1
74.65908869220195,1,20.526385002806798,0,2,3,8,0,2,0,0,0
72.56652957504339,1,32.254236678660675,0,1,3,2,0,0,0,0,1
36.15151996081847,1,27.106111197176187,1,1,2,7,1,0,0,1,0
74.3380457711031,1,25.14340347849434,2,1,1,3,0,0,0,2,1
50.22762247573107,0,31.0661941833216,2,0,1,6,1,0,1,0,1
64.01099522718387,1,19.08968963061772,2,1,3,4,0,0,0,0,0
41.406770019291834,0,27.61022768122354,1,1,1,6,1,2,0,0,0
57.12969870811008,0,27.15154782253309,1,1,1,2,1,0,0,2,1
59.7058477434536,0,20.322724678031037,2,1,2,10,0,0,0,1,0
32.73092812120521,0,27.303190614769104,0,0,3,5,2,0,0,0,0
64.12400749516284,1,26.41652589690243,2,1,1,2,0,0,0,0,0
75.18902511757473,1,24.10630940155033,1,3,2,8,0,1,0,1,1
52.38028081477558,1,29.314087776151663,2,1,1,9,2,1,0,1,0
75.4025219624202,0,22.141228738211677,2,0,3,8,0,0,0,0,0
52.15459759821389,1,26.351606229216845,0,1,2,1,0,0,0,0,0
67.74376796569926,1,24.341631087723407,0,2,3,5,0,1,0,0,0
21.721450510733504,0,21.926515884961663,0,3,0,4,0,1,0,0,0
90.0,1,27.514423425593858,0,2,1,4,0,1,0,0,1
77.43187367864435,0,23.96132126325424,1,0,0,7,2,0,0,0,1
50.73061743619482,0,17.634967706452265,1,1,2,10,0,0,0,1,0
25.41866460034273,1,15.994669476410078,1,3,1,10,0,0,0,0,0
59.32042552458234,1,28.94528734041601,0,1,2,4,2,0,0,0,0
33.34111679389365,0,18.896999463865846,2,0,0,1,0,0,0,1,0
61.67280306336232,1,26.39692246700303,1,0,2,3,1,0,0,0,0
61.17348578746423,1,25.27475946814075,2,3,0,8,0,1,0,1,1
40.87895246496963,1,23.157341115145503,0,1,2,10,0,0,0,1,0
71.81450535421567,0,34.7833422860767,2,3,2,7,0,0,0,0,1
67.0836205420926,0,25.89837009230223,0,0,1,2,0,0,0,0,0
69.63735005932845,0,28.778167413410326,1,2,1,7,2,2,1,1,1
55.13286555503343,1,26.424081076699046,1,0,0,2,0,0,0,0,0
33.767138996294406,0,23.842302884412593,2,0,2,6,0,0,0,0,0
69.66808408316706,0,24.904556248820292,0,1,3,8,2,0,0,1,0
50.944429012963134,0,32.29271382830242,0,1,2,3,0,0,0,0,0
34.153297852109965,1,30.44052646300215,2,1,3,3,0,0,0,0,0
75.2805904896149,1,34.75993215844301,0,3,3,8,0,0,0,0,0
86.49111280753763,1,26.10821046486442,0,0,1,8,0,0,0,1,0
54.38127806531195,0,20.61531467149626,1,0,2,10,0,0,0,0,0
87.38681731904938,0,22.79741527820094,0,1,1,6,0,0,0,0,1
56.36972092917024,1,19.061109041007043,0,2,3,1,0,0,0,0,0
49.293161437504736,1,28.835220644376385,0,2,2,3,1,0,0,0,0
45.54312318721784,1,22.07041841961376,0,1,2,10,1,1,0,0,0
79.55623611989114,1,15.0,1,2,0,7,0,0,0,1,0
43.29784177918342,1,37.318878491649656,0,0,2,2,0,0,0,0,0
66.0290396496248,1,22.146994307558423,2,0,2,9,2,0,0,0,0
46.612542474111876,1,22.117045372570953,2,1,1,9,2,0,0,0,0
48.095398561384556,1,33.35805846330183,0,2,0,2,2,0,0,1,1
70.4537454095435,0,18.958742746012422,2,1,2,6,2,0,0,0,1
49.2994473056597,0,30.683029432665833,2,1,1,2,0,0,0,2,0
48.928069308695605,1,22.062787782879894,1,1,1,1,0,2,0,0,0
71.9920704576221,0,18.381022777015705,2,1,2,10,2,1,0,1,1
78.96095939832435,1,33.52858880689068,0,2,0,9,1,0,0,0,1
64.6703470492635,0,29.615484735312638,2,1,0,5,1,0,0,1,1
45.17845336564076,0,29.600004922575213,1,0,3,1,1,1,0,1,0
47.34087251053631,0,26.838277733943873,0,2,1,7,0,1,0,0,0
56.19872895610056,0,27.9955081653884,2,1,1,3,0,0,0,0,0
59.813950928884864,0,18.839209876259783,1,2,0,6,0,0,0,1,0
40.182011347903426,0,25.558054286223303,0,3,0,4,0,0,0,1,0
65.84556909369796,1,20.356184997745775,0,0,1,3,0,0,0,0,0
56.282699944593986,0,18.055297404684726,2,1,1,6,0,0,0,0,0
29.264375220428057,0,27.054766653540156,2,1,1,8,1,0,0,1,0
41.06610276308904,0,30.79074777829772,1,1,2,6,0,0,0,0,0
47.43806989522504,1,23.08315587885968,1,2,2,6,1,0,0,0,0
53.90713466738417,1,23.93993553832729,0,1,1,5,0,1,0,1,0
83.33918193255994,1,19.3092467745848,1,2,3,5,2,0,0,1,1
58.572569592094425,0,25.03608573043949,2,2,3,1,0,0,0,1,0
42.38842165152062,0,28.80038056194207,2,0,2,4,0,0,0,0,0
58.309462064607445,1,28.957638683638866,1,2,0,8,0,0,0,2,0
49.71868378819178,1,27.725880878154662,2,2,1,6,0,1,0,0,1
59.87137359300313,0,21.907844164027324,2,2,2,7,0,0,1,1,1
63.70851530553422,0,21.74935478286424,0,1,0,9,0,1,0,2,0
73.13845970835908,0,28.977022366204665,0,1,0,8,0,1,1,0,1
54.63570256494961,0,29.059994661083657,0,0,3,4,2,0,0,0,0
79.5844079139975,1,24.140025072840537,1,2,2,7,1,0,0,1,1
68.62033993804286,1,22.869140462171572,2,1,0,3,0,0,0,0,1
44.38840682781718,0,30.836235467228498,0,1,1,5,0,0,0,0,0
88.14783498622697,0,23.200256675933765,2,0,0,3,0,1,0,1,1
59.90491769905147,1,28.729661122618907,1,1,0,7,0,0,0,1,0
42.47313244041647,1,24.315784125709506,2,0,1,3,0,0,0,2,0
79.79369576845633,1,19.762336094814998,0,3,2,8,0,1,0,0,0
86.16666377797667,0,33.06156070011851,0,2,3,10,0,0,0,0,1
54.504621044206594,1,25.60031947865738,1,0,2,8,0,0,0,1,0
47.445246094366055,0,21.446280100559584,2,1,1,6,0,0,0,0,0
52.41437563819507,0,18.04597166112398,2,1,1,9,1,0,0,0,0
65.7209759127655,0,18.54999600881583,1,2,2,2,0,0,0,1,0
74.16784982545771,1,23.135442979526996,0,2,0,6,0,2,0,1,1
63.5573099629536,0,34.625644417667964,0,3,3,4,0,0,0,0,1
56.52584812707655,1,22.076690606628787,2,1,0,7,1,0,0,0,0
77.47017655456642,0,32.23727416173102,0,0,1,1,0,0,0,1,1
50.30745290422717,0,24.34618165698458,1,1,2,4,1,1,0,0,0
70.46379007550361,0,19.09424804449159,1,2,0,10,0,1,0,0,0
50.67905802473082,0,22.63394405774802,1,0,2,4,1,0,0,0,0
61.46534437016339,0,18.595060381312784,1,0,3,6,0,1,0,0,0
53.29656152814323,0,20.72015774018073,2,2,2,10,0,0,0,0,0
54.16221726020784,0,20.571259690620412,2,2,3,6,1,0,0,0,0
49.339202238066854,0,15.48098066259367,2,0,1,6,0,0,0,0,0
75.17281046771042,1,32.56398034407363,1,2,1,4,0,0,0,0,1
44.00610942837197,0,26.055085151111406,0,0,1,5,0,1,0,0,0
43.896516211769374,1,21.56860797190949,2,0,2,8,0,0,0,0,0
86.81490348767664,1,26.108788732166946,0,1,2,3,0,0,0,0,1
69.66771346981497,0,20.822598031789692,1,2,1,6,2,0,0,1,1
20.0,1,15.0,0,1,0,1,0,0,0,0,0
46.52111891184394,1,39.783458166132746,1,1,2,10,1,0,0,0,0
27.820159936569187,0,25.947999383385298,0,0,2,6,0,0,0,0,0
40.73963959877118,1,22.054934803426175,2,2,0,9,1,0,0,2,0
20.0,1,15.330425941612834,2,1,2,8,1,0,1,0,0
52.94515633459086,1,17.5292510242872,1,3,3,5,0,0,0,0,0
37.87087271258032,1,33.272459647774525,0,2,0,7,0,0,0,0,0
55.898578851946574,0,32.50969274399233,1,0,1,5,0,0,1,0,0
30.62318111676213,0,28.76607517999474,0,2,3,3,1,0,0,1,0
56.2436777975806,1,19.42461480795093,2,0,1,9,1,0,0,1,0
48.77625582819509,1,32.549869939885056,0,3,3,7,0,0,0,0,0
77.52929447782893,1,27.248913089721764,0,0,1,8,0,1,0,1,1
76.17035292618438,1,28.274622241757672,1,0,0,7,0,0,0,0,1
66.78018404515424,0,27.230854722216232,2,1,0,7,0,0,0,0,0
50.10079329008181,0,17.46506407686948,1,0,3,8,0,0,0,0,0
84.7807059289044,1,19.009195246265563,0,1,0,8,0,0,0,1,0
31.70447083240269,1,22.448909167958192,0,1,3,6,1,1,0,0,0
33.94662055654506,1,28.218198537665565,0,1,1,4,0,0,0,0,0
53.74325350166403,1,18.097839588784268,0,1,0,5,0,0,0,0,0
88.81057163381678,0,24.12326792527905,2,2,1,6,0,0,1,0,1
51.96491639694869,1,24.116952449184744,0,1,2,9,0,0,1,1,0
52.251321351860774,1,28.96369844663789,1,3,0,5,0,0,0,1,1
33.37134465832286,1,28.37335767803831,2,0,3,9,0,0,0,1,0
69.18894377905568,0,19.948870354739334,0,0,3,9,0,0,0,0,0
69.2976438149403,0,32.23343084743651,2,1,0,8,1,0,0,2,1
66.83612802099864,1,19.18380085624855,2,0,2,10,1,0,0,0,0
45.56168990728956,0,30.46119720950375,0,1,1,6,0,0,0,1,0
44.39939847440492,1,22.24927550825801,2,3,3,1,0,0,0,1,0
35.60316624392544,0,25.81962976716686,1,1,0,5,0,2,0,0,0
56.258087526414,0,26.129937300521526,1,1,1,3,1,0,0,0,0
38.79389006082248,1,25.988537203543977,2,2,1,9,0,1,0,0,0
37.33875242126067,0,28.37249599217285,2,0,2,4,0,0,0,2,0
48.644639246339864,1,26.957297489667663,1,1,0,7,0,2,0,0,0
47.66265737223676,0,28.91824564935269,0,0,2,6,1,0,0,2,0
46.93032206767067,1,27.32309980172568,0,0,3,6,0,0,0,0,0
61.99666895260392,0,18.67772370537078,2,0,1,5,0,0,0,0,0
56.18571703225419,0,26.34899537278994,2,3,1,1,0,0,0,1,1
50.67765954233324,1,22.180650487473333,0,0,1,3,1,0,1,1,0
57.74519392467223,1,19.453687610463582,0,1,1,5,0,0,0,1,0
40.12709438343052,0,23.5508005366135,2,0,1,2,1,1,0,0,0
56.57917935864517,1,25.916177995175453,0,1,1,2,0,0,0,0,0
57.259037392669505,1,26.248375139938922,0,1,3,4,0,0,0,1,0
32.45429710963779,1,30.28012372570134,0,1,0,7,0,0,0,2,0
69.93540631555543,1,31.536545594857888,0,2,1,1,1,0,0,0,1
41.77849442159507,0,26.68140415378678,2,3,1,9,0,0,0,0,0
56.354646988096526,0,27.585531885047047,2,1,2,1,1,2,0,0,1
72.46617610802906,0,25.476545165878274,0,0,0,8,0,0,0,1,0
68.88515136570804,1,28.836127318247925,2,2,3,6,1,0,0,0,1
55.515000828532536,0,27.43494069418532,0,3,2,1,0,1,0,1,1
49.56251495676897,0,24.72755953071098,2,1,3,7,0,0,0,1,0
69.21267862863351,0,35.7599128350215,0,1,1,2,0,2,0,1,1
65.1204246671293,0,22.269083182790904,2,0,0,1,1,0,0,0,1
45.72452469933805,1,32.272284783541686,0,1,0,8,2,1,0,1,0
43.076595294974645,1,18.228535368365314,0,1,1,2,0,0,1,2,0
23.914672274560026,1,29.068082682257277,2,3,0,9,0,0,0,1,0
57.31047762525381,1,32.18284175863419,0,0,2,6,0,0,0,1,0
53.759533824724016,1,15.463904644960401,2,1,2,1,0,2,0,0,0
72.04287061963814,1,25.694752865275472,0,1,2,8,0,0,0,1,0
60.3858264022055,0,28.57707020622022,0,1,3,7,0,1,0,0,0
75.01343791259036,0,26.25981802064033,2,1,2,1,0,0,0,0,1
44.53953658125744,0,26.890779678034818,1,3,1,8,1,0,0,0,0
72.07225496451427,0,25.681115811883316,1,1,2,2,0,0,0,1,1
47.06625431343017,1,19.52876086819204,0,3,0,8,2,0,0,0,0
66.66394092688408,1,36.84022796077721,1,0,2,9,0,1,0,1,0
33.1186241120396,0,22.482310683421005,0,0,2,5,2,0,0,2,0
58.52702949049283,1,27.170806193894528,1,3,2,5,0,0,0,0,0
25.22968087831135,1,21.765801614572865,1,0,1,7,0,0,0,2,0
50.992937710873676,0,15.0,1,2,0,1,0,0,0,0,0
61.60530990816871,1,20.377435631255157,2,1,2,5,0,1,0,1,0
47.18547173153357,1,17.76196653862431,1,1,2,1,2,0,0,2,0
39.24343556866049,1,30.457837696122446,0,1,3,8,1,0,0,0,0
67.691777039439,1,21.965659919777725,0,2,0,8,1,1,0,2,1
53.44805815229615,0,22.429543304100186,1,3,2,1,0,0,0,2,0
47.65644029453993,0,19.678346436981318,0,0,2,2,0,1,0,1,0
55.62843881731415,0,25.470176993575514,0,1,0,7,0,0,0,0,0
90.0,1,21.417707418193597,2,1,2,7,1,0,0,0,1
72.30254274672316,0,29.961773656233945,2,2,0,9,0,0,0,0,0
72.4386050228176,0,26.510196615445803,1,0,2,3,2,0,0,0,1
61.53319478488546,1,22.14087107137776,1,1,2,2,0,2,0,0,0
57.49727908865721,1,29.251165259185097,1,0,2,10,0,0,1,1,0
20.0,1,25.03970261511619,1,1,0,8,2,0,0,0,0
44.81529480305302,0,25.107484528449756,2,2,3,7,1,0,0,0,0
47.79138380196288,0,17.68682548134037,2,0,3,3,0,0,0,0,0
26.876619039287004,0,24.64456933607343,0,1,3,3,1,0,0,1,0
37.6387631467685,1,26.60772319658999,2,1,1,7,2,0,0,0,0
25.287452936160488,0,31.667834110991727,2,0,1,5,1,0,0,1,0
54.42514246453941,1,21.240531850483386,0,1,0,9,2,0,0,1,0
67.28148956273225,1,36.39054311692756,0,2,0,10,0,0,0,1,0
71.60161777936493,0,27.78434158414493,2,3,0,7,0,0,0,0,1
61.22176693118862,0,17.402940619830964,1,1,2,1,1,0,1,0,0
40.549054882021466,1,20.774009429572217,2,0,1,1,0,0,0,1,0
26.01902262220061,1,32.104995821084096,0,0,2,6,0,0,0,0,0
28.64696950897747,1,31.216145714811972,0,2,2,5,2,0,0,1,0
35.965261341182526,0,25.090467407802514,0,1,3,5,0,2,0,1,0
41.66710452946488,0,25.74958851528926,1,0,3,8,0,1,0,0,0
52.6037725301262,1,19.176948631370145,1,1,2,8,0,0,1,0,0
39.787536728095475,1,31.60721370117671,2,2,3,9,0,1,0,0,0
60.084638405023924,0,20.061164566127665,2,1,0,4,0,0,1,0,1
51.515897458007906,1,29.223705555617087,2,2,0,5,1,0,0,2,1
55.15818567611539,1,31.760211843325692,0,0,1,7,2,0,0,0,0
72.10375829006807,0,25.240777771097545,0,2,2,3,0,2,0,1,1
37.296523986994444,1,29.838056830610995,0,1,2,6,0,0,0,0,0
61.28056867438553,0,34.23819854012847,1,1,1,3,1,0,0,0,1
54.7904015728589,1,26.33984399605369,0,1,3,4,2,0,1,1,1
49.99770578545457,1,24.123490917840268,1,1,3,10,0,0,0,1,0
68.2788448129894,0,24.665735712242416,0,1,0,8,0,0,0,0,0
68.18521231835511,1,21.28506048663956,0,0,1,10,0,0,0,0,0
40.80263806017358,1,21.17208103631563,1,3,3,4,0,0,0,0,0
52.26759124213114,1,27.212033819128514,0,3,1,4,0,1,0,0,0
59.21817523876098,0,24.18025088925358,2,1,1,7,2,2,0,1,1
50.90489877966123,1,26.63784588425633,2,0,1,3,0,0,0,0,0
63.77531998431697,1,17.550319250737143,0,0,1,3,0,0,0,0,0
59.21788026865413,1,24.5369058740643,2,2,2,1,0,0,0,2,1
82.48841860534019,1,30.150589250452317,1,3,0,7,1,1,0,1,1
32.04581296105319,0,19.405378615119908,1,0,3,4,0,0,0,0,0
53.16346015378904,0,25.082632070672755,0,2,3,7,0,0,0,1,0
41.37246232731714,1,15.726953445507945,2,1,2,2,0,0,0,1,0
64.06161183158567,0,18.47268988863413,0,1,3,5,0,1,0,0,0
30.74242164931683,1,29.03830443839025,0,1,0,7,1,1,0,1,0
60.1946906533733,1,23.453578533435252,0,1,1,9,2,0,0,0,0
45.54927352977488,0,34.11036432769271,1,0,0,10,0,0,0,0,0
43.987572008184785,1,27.162215552121562,1,0,3,4,0,0,0,2,0
33.30252694688969,0,27.65297832444662,2,0,3,6,0,0,1,0,0
48.023860806984906,1,19.617589750525504,2,3,1,3,0,0,0,0,0
71.26750795436388,0,23.074473115777735,2,1,2,2,0,0,0,0,0
54.62216974705781,0,21.33681908976194,2,1,1,10,0,0,0,0,0
64.41520626811712,0,19.67279130224707,0,2,1,2,0,0,0,0,0
79.96962732949413,1,28.319465630480675,1,3,1,5,1,0,0,0,1
58.95633377233864,0,29.322579328843396,1,0,2,3,1,2,0,1,1
46.61800641906489,0,26.994685970837242,1,0,0,2,2,0,0,1,0
62.008783227741844,0,20.859664033870065,1,0,0,2,0,0,0,1,0
46.83555780528562,0,26.653650175487314,2,3,1,3,0,0,0,0,0
47.43365975054246,1,15.436607992671718,0,1,0,1,0,0,0,0,0
32.20160800571523,0,31.6150463435402,2,2,2,8,1,0,0,1,0
68.89386236626588,1,18.509249121812815,0,0,0,9,2,0,1,0,0
49.20996136525841,1,19.397705087807683,0,1,1,1,0,0,0,0,0
57.73147368723793,1,25.576461347850962,1,0,2,5,1,0,1,0,0
39.46057107090041,0,26.02079780121023,1,1,1,8,0,0,0,2,0
61.539214445732085,1,24.636257007741076,0,0,3,2,0,1,0,1,0
43.570881427973745,0,19.449360295088518,1,1,2,1,0,0,0,0,0
52.87436917447263,1,30.66673996801646,1,2,1,5,1,0,0,1,0
68.16739046858689,1,16.570253994653747,0,3,0,1,0,0,0,1,0
66.86138968348794,1,17.583655047757777,2,0,3,6,0,0,0,0,0
54.669548912245894,1,24.465086140227594,0,2,1,9,0,0,0,0,0
28.478034509399226,1,18.67883009077806,2,2,1,8,0,0,0,1,0
90.0,1,31.113126381379626,0,0,3,6,1,1,0,1,1
81.18788455409704,0,19.108926822935427,1,1,0,4,0,0,0,0,1
65.84012237332448,0,32.78513576105156,2,1,1,7,1,0,1,0,1
43.70194327613544,0,30.175610828857867,2,0,2,6,0,0,0,1,0
53.29611757447053,0,31.175278677537918,2,0,3,7,0,1,0,1,0
46.84869355335225,1,34.43552991476623,0,0,3,2,1,1,0,2,1
73.95783908644583,1,25.40613962047883,0,1,1,7,1,0,0,0,0
58.937543362777504,0,19.93512702090021,1,0,3,10,0,2,0,1,0
43.237542124602506,1,24.48496062115679,1,0,0,4,0,0,0,0,0
47.93867351312827,0,22.166671972955186,2,2,1,5,0,0,0,1,0
71.81782213854856,1,21.45404363743139,0,1,0,7,1,0,0,0,0
79.00146770230717,1,25.754267184034163,1,0,0,10,2,0,0,0,0
77.92497345229368,1,23.441478928961267,1,1,2,2,0,1,0,1,1
66.35548097580966,1,21.23895157841502,2,3,0,1,0,0,0,0,1
51.21062696796045,0,23.77298803706371,0,0,2,5,1,2,0,1,0
20.0,1,27.744892321018526,2,0,1,10,0,0,1,1,0
59.457400357123326,0,29.78208603296348,1,0,0,1,0,0,0,0,0
54.972568617338496,0,16.98538043404505,2,0,2,6,0,2,0,0,0
57.09973144482031,1,23.48399456835729,1,1,2,2,0,0,0,1,0
55.80846020549809,0,24.293283972626476,2,3,2,2,0,0,0,2,0
35.10606757076265,1,19.08739988886184,0,1,2,4,0,0,0,0,0
63.361128352767786,1,24.401471334796504,2,1,1,10,0,0,0,0,0
64.48324471047775,0,25.739978047700138,1,1,3,2,0,0,0,2,0
65.23508173089489,1,27.594172726404953,1,0,0,9,0,0,1,2,0
69.1986550536008,0,25.38579012815835,0,0,2,3,0,0,1,0,0
64.06077467382434,1,20.595252950012224,2,2,3,8,0,1,0,0,0
48.849558826916336,1,35.06015013785923,0,1,1,7,0,0,0,1,0
53.93744728125865,0,29.145633858107992,0,0,1,7,2,1,0,1,0
56.36687300880065,0,27.763598723249334,0,0,2,4,0,1,0,0,0
56.615491736599274,0,30.02415628505468,0,1,2,4,1,0,0,2,0
69.97326483957595,1,26.223045859052384,1,2,1,1,0,0,0,0,0
64.65503129533737,0,31.431504427609774,0,1,3,8,0,1,0,0,0
86.1601515935493,0,25.28435975142882,0,2,1,1,2,0,0,1,1
88.09703469827008,1,25.00873730137092,0,1,3,4,0,0,0,0,0
56.194743739208874,1,28.17614239395602,1,0,1,3,1,0,0,1,0
20.0,1,32.881787731454615,1,3,2,1,0,0,0,1,0
73.55248699190899,1,32.56024307644654,0,0,1,7,2,0,0,0,1
46.894354915194185,1,27.964237991299978,1,0,1,7,0,0,0,0,0
42.9777411725349,1,27.583059292884,1,2,1,2,0,0,0,0,0
49.0233208751595,0,28.48021205548243,2,0,1,10,2,1,0,1,0
48.300354297780906,1,29.928104566682986,0,1,3,5,0,0,0,0,0
64.18404715158088,0,31.49365969706621,2,2,2,8,2,0,0,0,1
31.60846331310662,0,23.817079579980753,0,1,1,1,1,0,0,1,0
38.83418881312598,1,31.590306449186958,2,1,1,9,0,0,0,0,0
60.14737831296125,0,26.71497557035653,1,1,3,7,0,0,0,0,0
64.34416045619962,1,28.254658112499747,0,2,3,7,0,0,1,0,0
64.62312467404018,0,31.909746607669973,1,1,1,2,0,0,0,2,1
43.19445581600051,0,28.735311250453393,2,1,2,8,0,2,0,0,0
40.3260152610064,1,29.579977815764202,1,3,1,3,2,0,0,0,0
47.400477493181214,1,23.052907333587893,1,3,0,10,0,0,0,1,0
58.59809128427088,1,32.4915577187484,0,1,1,7,0,2,0,2,1
77.28216053908824,1,28.478433555380626,2,0,2,3,0,0,0,0,1
24.288442213438746,0,25.630328589202488,2,2,2,6,0,0,0,1,0
51.6890686456245,1,30.505371934465515,0,0,3,1,0,1,0,0,0
35.009823384621946,0,37.93915248880249,2,1,0,4,1,0,0,0,0
30.216359839697652,1,19.155377490890327,0,1,1,9,0,0,0,0,0
69.50434968017225,0,20.98133688538359,2,2,1,7,1,0,0,1,1
63.16936861749008,1,38.426526544179424,1,1,2,7,1,2,1,0,1
61.74150273920893,1,27.13347421152187,1,3,1,4,0,0,0,0,0
68.81538759596489,0,25.95434839315784,0,0,2,10,0,0,0,0,0
47.80421654850796,1,24.423071291689176,2,0,2,1,0,0,0,0,0
48.51043725499708,0,31.0421800048572,2,2,2,1,0,0,0,2,1
87.78595925083862,0,38.05623654405144,2,1,1,3,0,0,0,0,1
51.301434186106384,1,21.674057296333274,0,1,0,7,0,0,0,1,0
66.02698169581137,0,24.51561636405333,0,3,1,7,0,2,0,2,1
55.095723114449726,0,23.24636435716067,1,1,2,5,0,0,0,0,0
27.276122048823773,1,28.66432488409639,2,1,0,9,0,1,0,2,0
24.330564942980978,1,31.111967188252873,2,0,0,2,0,1,0,0,0
46.31523670090143,0,33.10466392666558,0,1,3,9,2,0,0,0,0
70.84151877504983,1,28.833591413101402,1,1,1,9,0,0,0,0,0
66.82437484954005,1,37.59666395621809,2,1,1,6,0,0,0,0,1
68.71115746336051,1,22.126235083962936,0,2,0,4,1,0,0,0,0
40.19430731595527,1,20.82729723783648,1,1,2,5,0,0,0,0,0
79.23808735183471,1,32.346721466581045,0,3,1,6,0,1,1,2,1
40.526600497204235,1,25.614161597981685,1,2,2,4,2,0,0,1,0
58.19236598004953,0,18.120298382923593,2,2,2,9,1,1,0,0,0
54.84471565138395,0,23.419685141812753,2,1,3,2,0,0,0,1,0
52.39189269528121,1,26.27829327048637,1,1,1,8,0,0,0,0,0
75.0788820744341,1,21.768758810463225,0,0,2,9,0,0,0,2,0
44.42334219751059,1,19.926696564527056,1,0,1,4,2,0,0,0,0
34.75592116432108,0,23.96185431737062,2,0,1,9,0,0,0,0,0
55.29993229309629,0,19.677332898191445,1,3,0,2,0,0,0,0,0
49.0025989857021,1,28.17565519490116,1,1,2,3,0,0,0,1,0
90.0,1,15.280975765535768,2,2,0,10,0,1,0,0,1
65.14761214659963,1,25.45212463982711,2,1,1,5,0,0,0,1,1
48.859891371720636,1,27.597549440541513,2,1,1,4,0,0,0,1,0
39.1583264621937,0,24.547293801258117,2,1,1,3,0,0,0,0,0
26.79567384146823,1,30.466114485354368,0,1,1,4,0,1,1,0,0
39.621713713938504,1,18.147193828979322,2,2,1,9,1,1,0,0,0
56.72412657638698,0,21.49455249311943,1,3,1,9,0,0,0,1,0
76.40992977392153,0,23.34982676874555,0,1,0,5,0,0,0,2,1
71.82533713581878,1,28.56362284704653,1,2,1,7,1,0,0,0,1
58.43642247469569,1,26.092537930230602,1,0,2,8,0,0,0,0,0
50.15248501446273,0,35.71682991371209,0,0,3,2,0,0,0,0,0
59.03218534618232,0,20.971070515130535,2,1,2,9,0,0,0,0,0
47.22043003773136,0,18.025055507096745,0,2,2,9,0,1,0,1,0
80.77545993645813,0,33.9454449146653,2,1,3,2,0,0,0,1,1
52.1621472808738,1,17.845707080338087,0,1,0,6,2,1,0,0,0
53.7049321262991,1,28.415313556995226,0,0,2,4,0,0,0,0,0
21.762663624689978,1,20.106649789890152,1,3,0,1,0,0,0,0,0
52.06847730215854,1,15.0,2,2,2,5,0,0,0,0,0
67.54726206947412,0,23.12608103093384,0,1,2,3,0,0,0,0,0
38.98416134442182,0,29.4974998123858,2,3,3,1,0,0,0,1,0
43.739194982607806,0,18.891144557634632,2,0,2,2,0,0,0,1,0
66.89066526600497,0,27.880473640724155,2,1,1,7,2,0,0,2,1
32.8501416472292,0,28.81431780593226,0,0,1,1,0,1,0,1,0
70.86701511312877,1,18.64154929240348,1,1,0,3,0,1,0,0,0
47.01784164740347,1,23.86119355643815,2,0,2,1,1,0,0,1,0
49.171476692631956,1,32.88537411163582,0,1,2,1,0,0,0,1,0
38.14182392311609,1,28.252963099818714,0,3,1,8,0,0,0,2,0
60.67069390641825,1,23.692537677119898,1,1,3,6,0,0,0,0,0
90.0,1,27.076477406269596,2,1,3,4,1,0,0,0,1
66.72245859190949,0,21.57368345764776,1,1,1,8,1,0,1,0,1
42.03572107089197,1,30.568478391925126,1,1,2,7,0,0,0,0,0
72.03430878237214,0,30.566300323010697,1,3,0,9,2,0,0,0,1
50.24980681098626,0,25.604529575430274,2,1,2,1,0,0,0,2,0
75.6172747214134,0,26.153530782288467,0,2,2,10,1,0,0,1,0
67.10014603246545,1,20.00601562497164,0,1,3,5,1,0,0,0,0
20.0,1,18.239817864660854,0,0,1,6,0,0,0,0,0
39.93880550567459,1,23.116976280292345,0,1,3,6,1,0,1,2,0
69.16577834253084,1,24.56299145154411,0,1,3,10,0,0,0,0,0
57.27485908217526,1,30.313137486939944,0,1,2,7,0,0,0,0,0
39.64366078438224,1,29.612138753091553,1,1,1,5,0,2,0,1,0
45.49615726759281,1,25.924164441795465,0,1,2,5,0,0,0,1,0
26.40645069865929,1,30.952694921863934,1,3,2,1,2,0,0,2,0
53.67440068710406,0,20.282569105927983,2,3,3,10,2,0,0,2,0
88.16034589023647,0,30.38668443639185,0,1,0,5,0,0,0,1,1
67.07400086098488,1,21.04785642825266,0,1,1,10,0,1,1,0,0
87.85625501782636,0,31.198472650321214,0,1,2,1,0,1,1,1,1
68.2359563468497,1,24.933267676150095,1,1,1,10,0,1,0,1,0
70.41219015029037,1,15.008566617311313,2,3,2,2,1,0,0,0,1
84.61118031617536,1,28.65078582015721,2,0,0,1,0,0,0,0,1
60.658948890133395,0,29.0477287975039,1,1,2,8,0,0,0,1,0
52.1915901773968,1,22.71709972755709,2,0,2,8,0,0,1,0,0
70.48986274933019,0,23.143702108029917,2,2,2,8,0,0,0,1,0
76.80760355682827,1,24.20227360057698,0,0,2,10,0,0,0,0,0
47.800530359316866,1,15.374240936868643,0,2,3,10,0,1,0,0,0
44.17646376489956,1,15.0,1,1,3,1,1,0,0,0,0
57.082840486463205,1,31.508128190651945,2,3,0,4,0,0,0,1,1
67.47248300397493,0,20.879661662947115,0,3,2,1,2,0,0,0,0
66.97136572992342,1,34.27632054788182,0,2,1,4,0,2,0,2,1
33.63748599718601,0,31.85200900569457,2,1,1,7,0,1,0,1,0
83.67409100594983,0,32.835976571348695,0,0,3,10,0,2,0,0,1
45.382526059047244,0,21.748505237664226,1,3,2,7,2,2,0,1,0
51.02402504667131,1,16.957994065347094,0,2,2,1,0,0,0,0,0
41.4601846001827,0,19.565588467028228,0,0,2,10,0,0,1,1,0
90.0,0,22.767726364235443,1,1,2,2,2,0,0,1,1
58.63106005431951,1,15.0,1,0,3,6,0,0,0,1,0
42.235373789776524,1,22.622871554379163,0,1,0,6,0,0,0,1,0
67.95885324943669,0,23.991609862444445,2,0,2,1,0,1,0,0,1
66.53703668965049,1,18.527895142066527,0,1,0,4,0,0,0,0,0
52.184094646301745,1,19.797574508770836,1,1,1,9,0,0,1,0,0
67.60910069175074,0,23.89700739409599,0,1,0,8,0,0,0,0,0
42.62062058753703,1,26.781432741551505,2,3,1,4,0,0,0,0,0
47.60622587576122,1,20.54588665999878,2,2,2,3,1,0,0,1,0
24.846750181509055,1,26.461263047881346,0,1,2,8,0,0,0,0,0
35.14073373670656,0,25.684230039939276,0,3,1,9,0,0,0,0,0
82.11446208506028,1,25.234429295091953,2,2,1,1,2,0,0,2,1
79.62142941583471,0,21.739929380717115,1,1,0,10,0,0,0,0,0
55.98682972973444,1,18.333102019823087,1,0,1,8,1,0,0,0,0
79.94397170784757,0,33.4822598995037,0,1,1,5,1,0,0,1,1
52.59888270087543,0,28.15152958228713,2,2,0,3,0,0,0,1,0
51.34884546148138,0,30.02865826530369,2,1,3,10,1,0,0,0,0
55.847659726983345,1,24.581851575805388,0,1,3,5,0,0,0,1,0
53.12617607014652,0,24.17987278869931,1,3,0,10,0,0,0,2,0
51.772055146597296,0,27.45329840362694,2,0,1,4,0,0,0,0,0
72.15097160724329,0,15.826558247738772,1,0,2,1,2,0,1,0,1
57.252034809343044,1,19.426782653234277,1,2,3,8,0,0,0,1,0
65.68722646650707,0,21.011125609858134,0,0,0,7,1,0,0,0,0
70.47070787915996,1,22.727167887291188,0,1,3,4,0,0,0,1,0
60.822786934821,0,20.60152160264923,2,3,0,4,0,1,0,1,1
40.44593011137642,0,26.66403562625373,1,1,2,5,0,0,0,0,0
34.70701166553942,1,25.407236172314178,1,1,0,1,0,2,0,1,0
57.231709522109576,1,31.964323448756886,0,1,3,4,0,0,0,1,0
52.43115542762598,0,37.36879578556281,2,1,1,5,0,1,0,0,1
56.31087143380183,0,18.685748799257837,2,1,2,8,2,2,0,0,0
54.75918941127121,0,25.736526069842228,1,1,0,1,0,0,0,2,0
90.0,1,25.72762939103487,2,1,1,4,0,0,0,0,1
35.04660616537993,0,24.92900965117669,0,2,2,10,0,1,0,1,0
25.15080595268313,1,19.57587714517249,2,1,3,10,0,0,0,0,0
59.985652502794146,0,20.41401277178725,1,0,3,7,0,0,0,1,0
49.35366168117707,0,26.202028059580595,0,0,3,5,1,0,1,0,0
59.74101804594927,0,20.27324963346382,0,1,3,1,2,1,1,0,1
63.75824533426002,1,25.79635986083504,0,3,3,7,1,0,0,1,0
74.26157042768347,1,23.770251077271976,2,1,0,1,0,0,0,0,1
32.39161269424092,0,25.70828951560641,2,0,0,2,0,0,0,0,0
46.64923153214256,1,20.23349764782783,1,0,0,8,0,0,0,0,0
61.43141888321146,0,25.787346211672684,0,1,2,9,0,0,1,0,0
66.5569539353084,1,20.595237082617047,2,0,3,8,1,1,1,0,1
87.9017432543258,1,25.803478043284592,0,0,2,8,0,1,0,1,0
69.33555956670801,0,31.696980612195787,1,2,2,6,0,2,0,0,1
54.148171061705845,1,26.304919250080353,2,2,3,7,2,0,0,0,0
41.64346370586007,1,26.609351911915287,0,2,3,4,0,0,0,0,0
46.53565220921471,0,29.08603258748774,1,2,2,5,0,0,0,0,0
46.1094576556434,1,17.982208277633685,0,1,3,2,1,0,0,0,0
64.8285044277064,0,33.594607868615064,0,2,0,10,1,0,0,1,0
58.85496168378746,1,19.72205003693815,2,1,2,4,0,2,0,0,0
35.145256437367316,0,29.398304986844686,0,0,1,7,0,1,0,0,0
48.4614779636435,1,28.734549936281613,1,1,1,4,0,0,0,1,0
68.16321330177131,0,20.4891681924762,0,0,1,6,0,0,0,1,0
60.27493532461089,0,30.04443068383381,1,0,3,8,2,0,0,0,0
63.52966924019156,0,27.489063832066545,0,0,1,5,1,0,1,0,0
60.743825650858945,0,34.44989322201128,2,3,2,8,2,0,0,0,1
79.39646101913289,1,25.966893756706465,0,2,1,4,1,1,0,0,1
58.54064595736555,0,24.45728334238701,2,1,3,2,0,2,0,0,0
49.20965803193953,1,22.426187360408978,1,0,2,9,1,1,0,1,0
41.26367438299659,0,16.283223643244135,1,0,0,2,1,0,0,0,0
58.74414187314568,1,23.408862176244202,2,1,1,7,0,0,0,1,0
20.0,1,23.620508028705615,0,1,3,6,0,0,0,0,0
52.23566497250932,1,26.310290912787174,0,2,3,2,0,0,0,0,0
51.91240210117984,1,17.884484445587674,0,0,2,3,0,0,1,1,0
34.532937195740786,1,23.804938944065604,0,1,2,7,0,1,0,2,0
41.07601242016006,1,27.881256960110576,2,3,3,6,0,0,0,0,0
67.14486295222362,0,28.377548377462585,0,0,2,6,0,0,0,0,0
58.46067623612444,1,15.700924119313363,2,1,3,7,0,1,0,0,0
56.526825005609915,1,28.53203304326612,1,0,1,5,1,0,0,0,0
59.59521300898034,0,23.76713043439254,0,0,3,1,1,1,0,1,0
56.38941381923385,1,24.07494561250723,2,2,2,5,0,0,0,0,0
73.64293844287472,0,15.0,2,1,2,9,2,0,0,0,0
56.85143772555473,1,32.467855812789395,2,1,0,2,1,0,0,1,1
33.12680329271875,0,25.883994425056475,1,1,2,10,1,0,0,0,0
79.45194947311616,1,17.342697867386466,0,2,2,3,0,2,0,1,1
60.555104009932684,1,26.87600787458233,0,0,1,2,2,0,0,0,0
46.16119403807399,1,26.72239220423512,1,0,2,5,2,0,0,1,0
36.19897422557472,1,31.112720764664946,0,3,1,5,0,1,0,1,0
60.93871331437068,1,23.45155615354561,2,2,3,5,2,0,0,1,1
53.24241992538437,0,25.05998034469293,2,2,1,6,0,2,0,0,0
78.61220179048613,0,21.78596099881046,0,1,0,3,0,0,0,0,0
49.81139078999758,0,27.98974306996369,1,0,0,8,1,0,1,0,0
42.439288154763,0,21.082548291624754,2,3,2,3,0,0,0,2,0
68.43694327353893,0,20.53504741459885,0,1,2,2,0,0,0,1,0
68.87922839075247,1,24.661012311100396,0,0,0,9,0,0,1,0,0
57.52977051415293,1,18.87068114348086,0,1,1,6,0,0,0,1,0
65.14535571512363,1,33.01065609269617,0,0,3,7,0,0,0,0,0
54.43469318886643,0,34.636333638709374,0,0,3,1,1,1,0,1,0
58.50797651513871,0,22.732049572890922,0,0,0,3,0,0,0,1,0
72.47486323845885,1,18.067024967214174,0,0,0,7,0,0,0,1,0
64.37977501032255,0,26.682960194510308,1,0,0,8,0,0,0,1,0
52.46088342501063,0,22.589487410155378,0,0,3,2,0,0,0,1,0
75.28543818889226,0,30.87340566264016,0,0,0,5,0,0,0,0,0
20.0,0,21.06426702235048,2,0,0,5,0,0,0,0,0
85.78109967132903,0,27.722566112142214,1,0,1,9,2,0,0,2,1
29.410613576638973,0,25.569967946958467,0,0,3,3,0,0,0,0,0
45.59360762841556,0,21.61869244693295,2,1,2,5,0,0,0,2,0
54.38623697207397,1,26.200249142459707,0,1,2,8,1,0,0,0,0
52.80278993907758,0,29.392662792374246,0,1,2,3,2,0,0,1,0
70.09616560039832,0,25.434242595276984,2,0,2,6,0,0,1,0,0
39.132450720846485,1,25.486423325631293,0,3,2,9,0,0,0,2,0
58.911502262245946,1,20.636082860731626,2,1,0,10,2,0,0,0,0
46.32681852670369,0,30.72102398952068,2,2,2,4,2,1,0,0,1
59.42711469006125,1,30.222732890715918,0,1,2,7,0,0,0,1,0
54.02841610303185,0,22.947204056567518,0,0,2,8,0,0,0,0,0
56.39403479024467,0,24.37855770258502,0,1,0,6,0,0,0,1,0
46.75112751303482,1,32.071103363451634,0,1,1,1,1,0,0,0,0
47.349040748558764,1,19.332145894762725,2,1,3,6,1,1,0,2,0
59.309087710411404,0,28.021441956793907,1,1,2,4,0,0,0,0,0
69.15573258634066,1,22.20693113434436,0,2,2,3,0,1,0,2,0
46.02580998703228,1,33.890389383758205,1,1,2,3,1,0,0,0,0
41.96848683140635,0,25.317233643326684,0,0,0,3,1,0,0,0,0
64.20190248507755,0,31.301892590700213,0,1,0,1,0,0,1,0,1
54.51244160413466,0,21.193363257694358,0,0,1,10,1,0,0,0,0
67.45747200978929,1,18.757356588378663,2,0,1,10,0,0,0,0,0
41.41304179943279,0,23.82870271399444,0,1,3,1,0,0,0,1,0
28.308416118648537,1,26.313417289734183,1,0,0,2,0,1,0,1,0
47.00493877260499,0,22.44634158991793,0,3,1,5,0,0,0,1,0
43.50471086102476,0,28.791537131374838,1,1,0,7,0,0,0,2,0
53.8181739987955,1,23.950232160947852,0,1,1,5,0,0,1,1,0
45.447321785944155,1,15.0,0,0,1,3,2,0,0,1,0
66.11525427004673,0,27.764059895965005,1,0,1,5,0,0,1,1,1
50.677746063662255,0,20.587314704264212,1,2,1,6,2,0,0,0,0
57.25711748160852,1,23.192013091617408,0,1,1,4,0,0,0,0,0
57.36451837661416,0,32.76565601769678,2,0,1,4,2,0,0,1,1
57.92432638618281,0,33.86405862060545,0,2,2,1,2,0,0,0,1
54.638063343175396,1,22.122532824535945,2,1,1,7,0,1,0,0,0
62.6590103561547,1,27.8889331531592,1,1,0,8,1,0,0,1,0
43.06517299261289,0,22.23862754788678,2,3,1,4,0,1,0,2,0
75.99126889980825,1,23.565635105506985,1,0,3,6,0,2,0,1,1
51.45193924947197,1,21.971122925507238,0,2,0,6,1,0,0,1,0
35.326762931519774,0,16.378281598017576,2,3,3,1,0,0,0,0,0
57.8211003548766,1,25.475276118668546,2,0,1,10,1,0,0,1,0
42.232292763287724,0,26.440826934730833,2,2,0,4,0,0,0,0,0
64.98001801763313,0,21.644991273444308,0,1,1,6,1,0,0,1,0
88.14408364063567,0,30.438958557185543,1,2,0,9,0,0,1,0,1
43.20141862663225,0,22.8195989145239,1,1,2,4,0,0,0,0,0
59.98558499835977,1,21.813940875704926,1,3,1,9,0,1,0,0,0
28.667416169430588,0,27.63251559054053,2,1,3,4,1,0,0,1,0
61.808578441620206,1,17.286590050137356,1,1,2,7,1,0,1,1,0
41.714293003004656,0,29.53339515851403,1,2,1,7,0,0,0,0,0
45.62748072348276,0,22.989154213028186,0,1,2,8,0,0,0,1,0
38.480702652402584,1,29.946430381970448,0,0,2,7,0,2,0,1,0
65.98226839082103,1,31.44065262914578,0,0,1,6,1,0,0,0,0
70.10956536209893,1,28.200767211785706,0,1,0,3,2,0,0,0,1
55.35077821987762,1,20.940133536358445,0,1,1,10,0,0,1,0,0
42.033599419964204,0,18.745841467577975,0,2,0,7,0,0,1,0,0
78.84284554155794,1,17.82963668332382,1,1,1,6,1,0,0,0,0
43.743848083680156,0,30.514553508506555,1,1,2,10,0,0,0,1,0
22.569515501088418,1,24.325999438999084,2,2,2,8,1,1,0,1,0
61.87583514935603,1,22.003891027345755,1,0,0,4,0,1,0,2,0
38.42837989537725,0,24.339589242305543,1,1,0,7,2,0,0,0,0
69.82913190248762,0,30.40310604477084,0,0,0,7,0,0,0,1,0
49.28293454989872,1,28.89369892679775,2,0,0,3,0,0,0,0,0
64.05569860816294,1,27.192530778544274,0,1,1,8,0,0,0,0,0
76.02250519828237,0,28.189430287132026,2,0,1,10,2,1,0,0,1
36.86711703068917,1,25.900861777484742,1,0,1,2,0,0,0,0,0
46.51094303661392,1,26.510565286482127,0,1,1,3,0,0,0,0,0
53.864933910144046,0,26.105126155755237,0,1,1,1,1,0,1,0,0
78.06326978551516,0,24.99969377186223,0,1,0,2,0,0,0,0,1
45.124259230893315,1,28.766869419156407,0,3,1,1,1,2,0,0,1
46.08244456076489,0,26.806410531001973,0,1,1,6,0,1,0,1,0
62.172108633337125,0,20.59642484446521,1,1,0,5,0,2,0,1,1
46.34156911434144,1,27.644371927613268,0,1,3,6,0,0,0,0,0
57.28788824346425,1,26.236235331896523,1,1,2,3,0,0,0,1,0
31.7269386854781,1,28.057067344575493,2,0,1,7,0,0,0,0,0
88.21494913834894,0,24.478965431924856,1,1,0,4,0,0,1,2,1
34.78436154535895,1,29.05870156883579,0,0,0,1,2,1,0,0,0
50.17370944014687,1,24.692957245669216,0,0,0,3,0,0,0,2,0
54.51278446236858,0,28.619398433002722,0,1,0,5,0,0,0,0,0
83.69032201535194,1,22.717642420247444,2,1,1,7,2,0,0,1,1
35.1273132860089,1,23.063729729505237,1,1,1,9,0,2,0,0,0
84.75556203218127,1,28.010262616050625,1,1,3,5,0,0,0,2,1
66.35765231653033,1,23.34113303127628,0,1,3,1,2,2,0,0,1
61.25642986634869,0,36.02891347374081,0,2,2,5,1,0,0,0,0
40.230494694730666,1,27.832224933895134,2,0,3,1,1,0,0,0,0
63.5671186305711,1,25.124617430771004,1,1,1,7,1,0,0,1,0
44.147700663703,1,29.099503883794245,2,0,2,9,0,0,0,0,0
73.99991879797619,1,22.596597950117417,2,1,0,6,0,0,0,1,1
40.434069563384,0,29.61507409616509,2,1,3,4,0,0,0,0,0
53.30262258315874,0,29.47617608331766,0,0,2,6,0,0,0,0,0
46.67090367980243,0,31.26767028889775,0,1,1,1,0,1,0,2,0
40.187155563595084,1,22.795952343257113,0,3,2,4,0,0,1,1,0
66.11979725361871,0,18.886333729311275,2,1,0,6,0,0,0,0,0
63.0318812111445,1,21.94922680398726,0,2,1,2,0,2,0,0,1
73.13515298351496,0,23.591847420136265,2,1,3,3,0,0,0,0,0
28.301873376877488,0,33.336058004258774,2,2,1,4,0,0,0,1,0
70.96256053511566,0,35.97506014563874,2,0,2,6,1,0,0,1,1
90.0,1,26.723311523219913,1,1,1,3,0,0,0,1,1
48.2253836623458,1,25.046953040092998,0,1,1,1,0,1,0,0,0
83.42722918163454,1,23.250460847628943,0,2,2,6,0,0,0,1,1
51.0525809191026,1,29.123451751054336,1,1,3,8,0,0,0,0,0
34.413853936580395,0,35.94290695995759,2,0,0,8,2,0,0,0,0
50.415513363898064,0,33.92925445594136,2,3,1,4,0,0,0,0,1
70.72305951512914,1,30.689883063029168,0,0,1,6,1,0,1,1,1
42.42735276502703,1,30.61651265556928,0,0,2,1,0,0,0,0,0
45.9949201149027,0,29.161549431270572,1,1,1,6,1,0,0,0,0
63.90309148439786,1,24.763546771457325,1,1,3,1,1,0,0,2,1
55.045901751078596,0,21.31725888729602,0,2,2,4,1,0,1,0,0
63.76934428730111,0,24.895929553360293,0,1,1,9,0,0,0,0,0
58.56744311137504,0,27.111698010656767,2,1,0,6,1,0,1,1,1
62.1943797932736,1,17.731830506408524,2,0,0,4,2,1,0,0,0
48.51548221285688,0,24.235246353168957,1,1,1,10,2,0,0,0,0
58.475964130455885,0,20.870338227043632,1,1,3,4,0,0,0,0,0
41.089404914560994,0,30.069205805340708,0,0,2,4,0,0,0,1,0
74.32650433755083,0,22.251457989216448,2,3,2,10,0,1,0,2,1
45.48587924774029,1,26.641101659904937,0,0,2,7,2,0,0,1,0
71.93271231324084,0,21.499898535322117,0,1,0,9,2,0,0,0,0
51.49589558525702,0,32.98849662980458,0,3,0,6,0,0,0,1,0
58.02998516135982,1,16.49621531732707,0,0,1,7,2,0,0,1,0
47.57553173663949,0,27.37920188421983,2,0,3,4,1,0,0,1,0
39.760068532479565,0,18.613711657800337,2,1,3,5,0,0,0,0,0
28.828594185920476,0,22.453336747575747,1,0,2,9,0,0,0,0,0
39.170137621113106,1,26.030933518422525,2,2,1,8,0,0,0,0,0
50.14136720176117,1,26.27678515658419,0,1,2,10,2,0,1,0,0
58.17818768243326,0,26.146334205477064,1,3,1,2,0,0,0,0,0
70.15568969924895,1,25.7587457048775,2,2,2,8,1,0,0,0,0
48.31363810304727,1,21.790778690632788,1,2,1,3,0,0,0,1,0
41.77058853599239,1,24.179733384555945,0,0,0,2,1,1,0,1,0
33.359278209959314,0,25.158170080894575,2,0,1,2,0,0,0,2,0
62.20095426856156,0,25.976801983794413,0,0,2,4,0,0,0,0,0
75.74791772994016,1,24.671597635965057,0,1,2,1,2,0,0,0,1
73.99495401934433,1,28.647952104922272,1,0,0,5,0,1,0,0,1
65.64899122220856,1,25.46693485075471,0,2,3,7,0,0,0,0,0
64.57814975901398,0,26.00662983810807,1,1,3,2,1,1,1,0,1
80.4643566956401,0,23.086738258442413,1,1,2,5,0,0,0,0,0
59.98122192125216,1,19.73779036692789,0,1,2,4,0,0,0,0,0
64.69194514036258,1,25.770144653662353,2,1,1,6,0,0,0,0,0
50.188242072220014,0,31.03723021981469,2,0,3,1,2,0,0,0,1
34.56934943717864,0,27.219306153652067,0,0,1,1,1,0,0,0,0
44.74226649250636,0,20.91253029392604,2,1,0,2,0,0,0,0,0
54.86261442198017,1,29.07370012909302,0,1,2,4,1,0,0,1,0
55.911780587519544,1,23.324414661030218,2,0,1,1,0,0,1,2,1
83.8942878228309,1,28.573269902401435,2,2,3,5,0,0,0,1,1
56.21915751386603,1,23.156020675519194,0,2,1,6,1,2,0,1,1
72.68265166038465,0,26.766532199136847,1,0,0,10,0,0,0,0,0
48.47384137635526,1,22.407513316878266,2,1,3,4,0,0,0,0,0
50.324861713521486,1,22.534737517648328,0,1,2,7,0,0,0,0,0
35.06488544164827,1,17.1686731645213,0,0,2,5,2,1,0,0,0
43.865079806851426,1,27.5603740958058,0,2,1,9,1,2,0,1,0
62.904720870456295,0,26.850848174101685,0,3,3,9,0,0,0,0,0
55.113402705912,1,27.13221358130471,0,1,1,4,0,0,1,2,0
69.14407929845851,1,26.376652805659056,0,3,0,10,0,0,0,0,0
57.718809225175754,1,21.188749833383483,0,1,1,6,0,0,0,0,0
49.71319402543387,0,29.8294963224679,0,1,3,2,2,0,0,0,0
87.22445295680438,1,29.96389650046135,1,1,1,2,1,0,0,1,1
53.591446469304294,0,21.058812674147088,2,0,1,3,2,0,0,0,0
72.44501454557957,0,27.66061995674979,2,0,2,10,0,0,0,0,0
48.98186190182984,0,29.374955926839885,0,1,2,2,0,0,0,1,0
65.6439921907535,1,22.649508633281393,2,1,1,9,0,0,0,1,0
68.9202348872753,0,23.51982155377824,2,1,3,4,0,0,0,0,0
58.12737955863371,0,27.67056704105893,2,1,0,5,1,0,0,0,0
20.0,1,17.448351152928495,2,0,1,2,0,1,0,0,0
55.27378691284169,1,19.55741389233,2,1,1,8,0,0,1,1,0
73.45690071639963,1,20.051124960652192,0,1,1,8,0,0,0,0,0
62.91221249541596,0,16.018418175872522,0,0,1,7,0,0,0,1,0
61.687583128438696,1,30.4246988709374,1,3,1,7,0,1,0,1,1
29.16614599063721,0,15.059340929041664,0,1,0,7,0,1,0,0,0
44.193173939874114,0,26.715553317156832,2,0,2,8,0,0,0,0,0
61.17036446727158,0,29.058416973776097,0,2,2,4,0,0,0,0,0
61.15574915180338,1,23.532020227933664,2,1,1,6,1,0,0,0,0
73.22000170199354,0,21.658161876343776,2,1,1,8,0,0,0,2,0
52.826998672808585,0,26.164212253683196,1,3,1,8,0,0,0,1,0
61.08736130010721,0,25.009165002972406,0,1,3,4,1,0,0,1,0
55.24561362896941,0,30.017524312082077,0,2,2,1,0,0,0,1,0
40.19585895247665,1,15.0,1,3,2,2,0,0,0,0,0
21.16313003357879,1,20.40646261925936,2,0,1,4,0,0,0,0,0
61.46514538195115,0,27.807884419580276,2,0,0,9,0,0,0,0,0
57.60920812619217,0,25.252237213872302,0,1,0,3,0,0,0,1,0
45.727374368497465,0,28.760170795984337,0,2,1,5,2,0,0,0,0
30.712404152262028,1,26.310099881198312,0,2,2,1,0,0,0,0,0
64.44609271613108,0,24.326314683793438,0,2,2,5,0,1,0,1,0
51.01119888706672,0,23.488557784532478,2,1,2,1,0,0,0,0,0
63.35312083552218,1,36.62527507937793,0,2,3,6,2,0,0,1,0
82.96072795617638,0,32.67473137015756,1,2,0,1,0,0,1,0,1
22.878536795204425,0,27.47752549047611,1,1,3,2,0,0,0,1,0
44.50598786946454,0,25.392319467242075,0,0,2,9,0,0,0,0,0
51.8593658003213,0,27.69066274676717,1,1,0,3,0,0,0,1,0
76.82239261219976,1,29.13417358936454,1,1,2,9,0,0,0,0,0
30.453954711902725,1,27.094133428522547,0,1,2,4,0,0,1,0,0
84.03791538520906,0,21.24309938306721,1,0,1,5,0,0,0,2,1
57.03783852349436,0,33.92255383862255,0,0,1,7,2,2,1,0,1
53.559990073992125,1,26.231041138770095,1,2,1,4,0,0,0,0,0
52.0291035517164,1,35.06965015194908,2,3,1,10,1,0,0,0,1
48.45605451729957,0,25.93573743438667,2,3,0,10,0,0,0,2,1
70.72175138903732,1,23.77173323937233,1,1,3,6,0,1,0,1,1
38.97218868876342,0,31.920700620232317,2,2,2,9,2,1,1,0,1
60.181212724657804,1,26.505934790388835,2,0,1,8,2,0,0,0,0
49.237275014395365,1,25.667113172546447,0,2,1,1,1,1,0,1,0
43.567998272288534,1,18.998178971787027,2,1,3,6,2,0,0,1,0
90.0,0,28.30108902567914,1,2,1,9,0,0,0,0,1
61.2857610213019,0,22.533448085220456,2,0,1,3,2,0,0,0,1
64.19898316991716,1,22.76104395463013,0,2,2,3,1,0,0,0,0
72.06665171002993,1,22.547255772974143,2,1,1,10,0,0,0,0,0
33.67975082022179,1,27.195169173476515,1,0,2,5,0,0,1,2,0
81.28437863683047,0,17.32311863212155,0,1,1,9,0,0,0,1,0
20.0,1,23.945773286370965,1,0,2,3,0,1,0,0,0
43.46850384942219,1,29.90139495554689,0,1,2,5,0,0,0,0,0
48.1145249023165,0,18.771655653299963,0,1,3,5,0,0,0,1,0
63.72585047455759,0,25.864394804672926,0,1,3,8,0,0,0,2,0
58.28077399212231,0,21.84300289864583,0,2,0,2,0,0,0,0,0
52.4977788895241,1,22.981534402671834,1,3,1,8,0,0,0,0,0
54.82003983058414,1,33.27576130194954,0,0,1,1,2,0,0,0,0
40.329654647161476,1,16.74755408227496,0,0,2,5,1,0,0,0,0
32.5415140827374,0,28.828151690858082,1,1,2,3,2,0,0,0,0
65.8976743350409,1,22.610358656113938,0,0,3,5,1,2,0,0,0
65.40559168804278,1,22.361680074271664,0,2,0,9,1,0,0,0,0
78.76741562735589,0,19.442188287558665,0,1,1,1,0,0,0,0,0
43.14974354777188,0,28.76949818636818,1,1,1,6,0,0,0,0,0
65.39222815451384,0,24.042976918579917,0,0,2,10,0,2,0,0,0
50.74439907452902,1,23.41165293102674,0,2,1,6,1,1,0,0,0
72.85712477790223,0,25.54918464602037,1,3,0,7,0,0,1,0,1
70.32944165017213,0,24.148564371291,0,1,2,10,0,0,0,0,0
58.16814098836685,0,15.0,1,3,1,10,0,0,0,0,0
49.9070476500102,1,22.545879085113206,0,0,1,5,0,0,0,1,0
69.41398267912392,0,29.47720445474162,2,0,0,7,0,0,0,0,0
64.70356784884848,0,17.46691767943846,2,3,3,2,1,0,1,1,1
44.73339396870726,0,19.550310500718226,2,2,3,2,0,0,0,0,0
35.08301989780854,0,22.86604302300737,1,0,0,10,0,2,1,1,0
50.672006489773054,0,21.37188290681429,1,1,1,8,0,1,0,1,0
77.73120723022313,1,24.86057258929196,2,1,2,6,0,0,0,0,0
72.19730738099557,1,19.534616241606297,0,2,2,5,0,0,1,1,1
38.31508795494129,1,23.060727380953136,1,2,1,3,0,2,0,0,0
37.48363876150118,1,24.76002734200333,0,0,2,4,1,1,0,1,0
74.12025774519229,0,28.244702081039854,1,1,2,8,1,0,0,1,1
37.965461428632565,1,31.22394693049798,0,1,3,10,0,0,0,0,0
62.639429854630116,0,23.6922642307328,2,1,2,7,1,0,0,0,0
45.75893176995514,0,34.44030120622912,2,1,0,9,0,0,0,2,0
79.25567386782524,1,24.08047709727738,0,1,2,3,2,0,0,0,1
43.44362801293182,1,29.144375741282655,2,0,0,6,1,0,0,0,0
72.15042295308743,1,34.657538673633894,0,1,2,7,0,0,1,1,1
57.77287981090547,1,25.696542046179676,0,0,2,2,0,1,0,0,0
58.782922813514304,1,18.132366892112323,1,0,2,4,0,0,0,0,0
25.445371279728985,1,25.454519286038156,0,1,0,1,1,2,0,0,0
21.95629970191422,1,21.941785558975447,1,0,3,4,0,0,0,0,0
51.69151089599029,1,23.62783986513774,0,1,2,2,0,0,0,2,0
58.703590951249176,0,34.924884412476075,1,0,0,7,0,0,0,1,0
38.12203258393415,0,18.886182883880622,1,1,0,1,0,0,1,0,0
38.66959884285487,1,26.502334111529294,2,3,0,6,1,0,0,0,0
63.422089447392,0,20.611393598391377,2,0,2,3,1,0,1,1,1
63.44281720685696,0,23.461710293995427,0,1,0,8,0,1,0,0,0
52.933884094181096,0,28.72421167602242,0,1,0,8,0,0,0,0,0
66.70302581779113,0,26.590819717365115,2,0,0,7,0,0,0,0,0
37.3869655641978,1,23.874838655192054,2,1,2,7,0,0,0,0,0
49.66097624369544,1,21.75099837367686,1,0,1,1,0,2,1,1,1
79.7181640867551,1,26.58039096076807,1,0,1,9,2,0,0,2,1
56.02483194909726,1,33.53843358576685,0,2,3,3,0,0,0,0,0
56.89468771880499,1,20.493240286881882,1,0,3,8,0,0,0,2,0
89.5891987895161,1,34.558319427288865,2,1,1,2,2,1,0,0,1
34.00986751226844,1,30.997487253625756,0,0,1,1,1,0,0,0,0
66.94645549963165,0,31.846766837888836,2,0,2,1,0,0,0,0,0
79.9597941971215,0,26.542161904648008,0,0,2,8,0,0,0,0,0
50.12713110252181,0,30.85564887754947,1,1,1,9,0,0,0,0,0
67.89446180282269,1,19.95584358774687,0,1,2,3,0,0,0,0,0
40.269707541836425,1,21.659780460757442,1,2,1,7,1,0,0,2,0
44.699014066489724,1,28.829069069601964,0,1,2,2,1,0,0,2,0
60.77449624071451,1,26.47922527611908,0,1,2,8,0,0,0,0,0
66.97850009665885,0,24.258103707511154,2,2,3,3,0,2,0,0,1
71.81404768609369,0,15.0,1,3,0,10,0,0,0,0,0
78.54442880409239,1,22.822629759809146,1,1,3,10,0,2,0,0,0
53.98830162167227,0,19.12973109850867,1,3,3,5,0,0,0,0,0
72.90417632758883,1,27.467671556557512,0,1,3,7,2,0,0,0,1
49.86542734826276,1,24.044157357163822,0,2,0,9,0,1,0,0,0
68.53136967382402,1,21.858497279167477,0,1,1,1,2,0,0,0,0
58.11233196778273,0,38.21455241312152,1,2,3,5,1,0,0,1,1
61.685168606228856,1,30.190872383471174,2,1,3,1,1,0,0,0,1
61.35261811033056,1,30.279360706780295,0,1,1,2,1,0,0,0,0
30.929424853032817,1,36.01107572341086,1,1,1,10,0,0,0,0,0
38.1381721170884,1,29.010958913415546,0,2,0,4,1,0,0,0,0
56.53812159726284,1,21.14522995263567,0,3,1,10,0,0,0,0,0
29.690813805382472,0,20.560518241541317,1,0,0,3,2,0,0,1,0
67.46816654799633,1,29.824513793771175,0,1,0,10,1,0,0,0,0
68.07333949432213,1,15.0,1,0,2,5,2,0,0,0,0
59.90755829316685,0,24.61110184495217,0,0,1,6,2,0,1,1,1
38.18298980863116,0,15.0,2,3,3,1,0,0,0,1,0
75.70208408302773,0,25.49421754194753,1,1,2,9,2,0,0,1,1
85.55815959577536,1,29.270351253559767,0,1,1,10,0,1,0,0,1
57.20615241168961,0,26.39707767301816,0,1,3,2,0,0,0,0,0
62.65803067676855,0,29.690546794852988,0,1,2,8,1,0,0,2,0
58.026079821940655,1,34.824134708299574,0,0,0,9,0,0,0,0,0
62.95553783498199,1,24.282307813689957,1,0,1,1,0,0,0,0,0
53.20661865060406,0,39.0382539163944,2,1,1,2,1,0,0,0,1
54.48153640234295,0,26.06334978085077,0,0,2,3,0,1,0,0,0
68.58576400746048,0,29.745825313451796,1,0,2,9,0,0,0,0,0
90.0,0,21.944686427174663,0,1,1,3,0,0,0,1,1
33.99893148397392,0,33.09656989815341,1,2,1,6,1,0,0,1,0
53.4428127339555,1,30.208550992713146,0,0,2,9,1,0,0,0,0
37.29309272151877,1,32.35725651283999,2,2,1,7,0,0,0,1,0
78.88037347864125,1,25.272522108869772,2,1,0,10,0,1,0,0,1
46.18393046020152,0,18.722912178083554,2,0,3,6,1,1,0,0,0
33.351988093213095,1,27.30198719812703,0,1,2,2,0,1,0,0,0
64.5728049827286,1,16.51490093338242,1,1,1,6,0,1,0,2,0
81.16466672114666,0,23.31907098189024,2,2,2,10,0,0,0,0,0
64.95396802841144,0,25.955402183161254,2,3,1,1,2,0,0,0,1
58.07196815922876,1,36.88612146255384,0,0,2,7,0,0,0,0,0
61.13711384163991,1,26.592743059709704,2,2,2,6,1,0,0,0,1
76.22260994238331,0,25.697687345415197,2,1,2,8,0,0,0,2,1
41.88701094978775,1,24.684837879823537,0,0,1,2,0,0,0,2,0
53.32229343870531,1,18.28954547617491,1,0,1,1,0,0,0,1,0
48.209647772357,1,25.429129200065038,0,1,2,9,0,0,0,0,0
37.48202039062434,0,25.514413380683862,2,0,2,9,1,2,0,0,0
50.07437110874796,1,20.156957522731414,1,1,2,10,1,0,0,0,0
71.61581643973673,0,19.066271927858175,0,2,1,7,0,0,0,2,0
63.499032225890886,1,22.592146586161334,0,2,2,1,0,0,0,0,0
64.66465750162301,1,25.324664892863467,0,2,2,2,0,0,0,0,0
57.19713417479977,0,22.71222909309271,0,0,2,9,0,2,0,0,0
62.84985674092883,1,19.745622751742395,0,1,2,5,0,0,0,1,0
42.99114486477842,0,26.446361260021526,1,3,3,2,0,0,0,1,0
50.35735171109156,1,27.694334120846143,2,0,0,5,0,0,0,2,0
57.88006355453015,0,25.606488546111176,1,2,1,1,0,0,1,0,1
59.16273788322835,1,22.185086430615332,1,0,2,10,1,0,0,0,0
59.80281782382809,0,27.974205106161293,0,1,1,5,2,0,0,0,0
52.92497076975433,1,24.047313551365093,0,2,3,7,2,0,0,0,0
49.338648983045054,1,19.054581463274253,2,3,0,8,1,0,0,0,0
90.0,1,30.181221775006993,0,1,1,3,0,0,0,1,1
68.60180909398598,0,26.76754009633245,0,2,3,4,0,0,0,0,0
61.197212139289334,1,24.403548471521304,0,0,0,2,0,0,0,0,0
51.50187252690409,0,17.144738975826375,1,1,1,1,0,0,0,0,0
48.23171759584185,1,21.275698604323942,2,1,1,10,0,0,0,2,0
53.037991094095666,1,35.09282856191464,1,1,3,8,2,0,0,0,0
59.39243265380025,1,17.458289690596516,0,1,1,7,0,0,0,0,0
26.79346683905378,1,23.743253601791537,2,3,0,8,1,0,0,0,0
31.459156069379745,0,24.9183211882319,0,0,3,5,0,0,0,0,0
45.44676416591564,1,26.602383947057774,1,0,1,5,0,0,0,2,0
58.10709155167853,0,17.51414532086793,0,3,2,1,0,0,0,1,0
51.410902792722226,1,25.870881282023003,2,1,1,9,0,0,0,0,0
77.17181839149227,1,16.5694726876416,2,1,0,3,2,0,0,0,1
32.76404819506347,1,25.487143980977557,1,0,3,1,0,0,0,0,0
43.72981795594944,1,21.73801040495209,1,0,0,4,1,0,0,1,0
77.80137611486651,0,20.67065366541095,1,0,1,4,1,0,1,0,1
56.9667898701272,1,29.174085793337937,0,0,2,8,1,0,0,0,0
68.27263874201738,0,23.82196878318059,2,1,2,10,1,1,0,0,0
85.76870414904195,1,27.368554024537858,1,2,2,10,0,0,0,0,1
44.59293373147266,1,27.534134556889086,1,2,0,5,1,0,0,0,0
53.51028493311952,0,31.34976744477551,0,0,2,10,0,1,0,1,0
50.91359648603692,0,18.958711291894875,0,1,0,5,0,0,0,1,0
25.681104932750866,0,29.595078312598783,1,1,3,1,0,0,0,0,0
50.34404794366046,1,25.082308112190233,1,0,2,4,0,1,0,1,0
68.21593281070999,0,23.10937709815203,0,2,2,8,0,0,0,0,0
63.10884312718361,1,19.25374740404859,0,1,1,8,0,0,0,1,0
64.28624754082016,1,28.03295430771431,1,3,1,4,0,2,0,1,1
49.367365290407506,0,20.388877393330574,0,0,3,3,0,0,0,0,0
45.15854145991538,0,27.589032934885715,1,0,3,4,0,2,0,1,0
74.03883507847931,1,34.63915386483566,1,1,1,6,0,0,0,0,1
47.54024280463496,0,29.899885201796643,0,0,2,3,0,2,0,0,0
59.41123058189821,1,31.957171625753244,2,1,0,3,0,0,0,0,1
57.450020210163075,0,21.40497611387484,0,3,1,9,0,0,0,1,0
76.92575524385677,0,28.813665230659975,2,0,3,3,0,1,0,1,1
69.5711853650854,1,19.278925224318048,2,0,3,1,0,0,0,0,0
35.57112068999319,0,23.83258548712693,1,0,1,3,1,0,0,0,0
37.1867024983744,1,33.7063602810956,2,1,0,8,0,0,1,0,0
63.68364727103702,1,21.96078896786758,2,1,0,9,0,2,0,0,1
54.0349352893125,0,30.556780920865467,2,2,1,4,0,0,1,0,1
48.17242324069354,0,30.078233664998574,1,2,0,6,1,0,0,0,0
70.23441825991706,0,30.37370625110419,1,1,1,10,0,0,0,1,0
57.81189073133366,0,18.664990119393636,1,1,0,8,0,0,0,1,0
55.78686080334166,1,27.6260048300784,0,2,1,7,0,0,0,0,0
66.69742961132575,1,24.217007170415684,2,1,3,8,0,0,0,0,0
49.373365075846536,0,30.44248428764556,1,0,1,3,2,0,0,0,0
78.5277847820883,0,16.724998001365776,1,0,0,4,1,0,0,0,0
43.179285651504884,0,26.838939445328016,2,0,2,1,1,2,0,1,1
64.85393599513132,0,26.131876014200333,2,1,3,4,0,0,0,2,0
76.50749257989767,1,15.049416313755323,0,1,1,5,0,2,0,1,1
34.3405676609185,1,20.572898219525115,2,0,2,2,0,0,0,0,0
49.849972362213265,0,15.849238934415744,1,2,3,1,0,0,0,0,0
72.13311089328337,0,21.368223490385468,1,1,1,5,0,0,0,0,0
72.35866821596538,1,27.746085423325738,2,0,2,8,0,1,0,1,0
52.42756599417641,0,25.97682787824304,2,2,1,8,0,0,0,0,0
43.97993359484711,1,25.847000402967744,1,1,3,9,0,0,0,1,0
69.33903733496143,0,19.801259455343086,0,0,2,8,1,0,0,1,0
72.75323653872407,1,30.60225245755266,1,3,3,7,0,2,0,0,1
37.53004977231408,1,24.9059016081933,1,0,2,1,2,0,0,1,0
36.941295265504294,0,25.168519061287544,0,2,2,10,0,0,0,1,0
58.37885022975399,1,29.701997844730652,1,3,1,1,0,0,0,0,1
64.44040950143338,1,20.043271261537306,0,2,3,8,1,0,0,0,0
50.513963721549175,0,26.142738849359617,1,1,2,5,0,0,0,0,0
65.18940729973524,0,27.1173124580071,2,3,0,6,0,1,0,2,1
44.34795089743927,1,22.27215924853076,0,0,0,4,0,0,0,1,0
23.27959601389397,1,28.261866903798882,2,0,2,4,0,0,0,1,0
48.64148391501106,1,27.385615853147836,0,1,0,10,0,1,0,0,0
55.94848219769652,1,24.494116438612874,1,2,2,9,0,0,0,1,0
50.862400601553155,1,24.339245549325693,1,1,1,8,0,0,0,1,0
37.620951045107724,1,27.617738289356527,2,3,2,4,0,0,0,0,0
27.76526536181774,1,28.94235520006595,2,0,0,7,0,2,0,1,0
47.28866793448153,0,25.3144995870332,1,2,1,8,1,1,0,0,0
68.46483657474616,1,30.600947302034236,0,3,1,7,2,0,0,1,1
73.84296159120524,0,28.292629812152917,1,1,2,5,1,0,0,0,1
72.81570076207683,0,16.057680251365923,1,3,0,10,0,0,0,2,0
42.76135697277171,1,17.97551651228929,0,0,1,1,2,0,0,0,0
37.694405145544536,0,30.911176095108306,0,3,1,6,0,0,0,0,0
62.44951922469843,0,23.76613434264551,0,3,3,8,1,0,0,1,0
64.52650017396888,0,25.82087911398737,0,0,2,6,1,1,0,0,0
61.00254407800746,1,30.696452588295724,1,1,1,8,1,0,0,2,1
24.78905088643355,1,24.967943913140793,1,1,3,6,0,0,0,1,0
41.996731226748,1,25.186338047946744,1,0,2,2,0,0,0,0,0
54.55466814571032,1,20.656353836041355,0,0,3,6,0,0,0,1,0
62.30827291945641,0,26.849972536137603,2,0,2,9,1,0,0,0,0
66.5096104390373,0,27.932561094834117,1,1,0,2,0,0,0,0,1
57.1638028342306,0,22.11059081498572,1,1,2,3,0,0,0,0,0
59.96175709807354,0,20.389893108470666,0,3,1,9,0,0,1,0,0
56.27298187541656,0,38.131446275976145,1,1,1,7,0,0,0,1,0
65.28429061327725,0,24.535457650758584,1,1,2,1,0,0,1,0,1
59.692984772363666,0,21.581538301953543,1,0,0,4,0,0,0,1,0
55.98606490070931,1,28.53293222646131,2,1,0,4,1,0,0,1,1
50.97446801293929,1,24.74602982386054,2,3,1,10,0,1,0,0,0
56.219371375637216,1,19.571168383689482,2,1,3,5,0,1,0,2,0
62.268870682589124,1,27.415267858257224,0,1,0,7,0,0,0,1,0
59.01213083347092,0,20.734395154620906,0,1,0,5,0,1,0,0,0
60.712396275178804,1,32.88229001077817,0,1,3,10,1,0,0,0,0
75.14082792026778,0,27.47252314876201,1,1,1,6,0,1,1,1,1
58.97745884119881,1,23.61559787736958,1,0,3,9,0,0,0,1,0
45.265022192902634,1,25.546735090110566,2,1,1,2,0,0,0,1,0
68.25410178991254,1,29.516440605490967,0,1,2,6,1,1,0,2,1
34.50702493496624,1,25.929806267803993,0,3,1,6,0,0,0,0,0
38.77879928891069,1,35.610547286167744,0,1,0,1,0,0,1,0,0
60.037708970801035,1,30.679337581977624,0,0,3,6,0,0,0,0,0
62.74595001679868,0,27.43803683780561,0,0,3,7,2,2,0,0,0
36.32423164744007,1,20.31507063245758,0,3,2,7,0,2,0,1,0
49.25773778519875,0,24.265559480490044,0,3,2,3,0,0,0,0,0
45.90874251670512,1,27.394374850262263,2,0,0,8,0,0,0,0,0
47.69985515677605,0,20.88569292120931,0,3,2,7,1,0,0,2,0
69.15396664409418,0,31.467134374814748,0,3,1,4,0,0,0,1,1
65.59758195320879,1,20.129213291109796,0,1,1,4,0,0,0,0,0
54.713167302194385,0,21.81387150977049,2,2,2,10,1,0,0,1,0
46.81057109327608,1,22.188504075525593,1,1,1,7,1,0,0,0,0
34.75525494669789,0,28.719122303165665,2,1,2,2,0,0,0,1,0
76.30277408172924,1,20.975318164146135,1,0,1,5,0,0,0,0,0
63.881708504273774,1,16.000117147904724,2,1,2,6,2,0,0,0,0
44.399963438902894,1,30.440194178808564,0,3,0,4,0,0,1,1,0
65.79399246437337,0,22.77806857447219,0,2,2,1,0,1,0,1,1
53.94664569138062,0,19.657461839240316,1,1,0,1,0,0,0,2,0
50.69335742706485,1,21.2257072339873,2,1,0,3,0,0,0,1,0
61.528172924344034,0,33.58381374592175,2,1,0,9,0,0,0,0,0
43.87752625130913,0,21.714781513635444,1,1,0,2,1,0,0,1,0
49.84365220734835,1,24.38315947311549,0,2,1,5,0,0,0,0,0
56.82191596299319,0,22.76540818856992,0,1,1,7,0,0,1,1,0
47.5082321067218,0,18.836687282831218,0,0,1,2,2,0,0,0,0
65.03627815401286,0,21.286407188765182,0,0,0,1,0,1,0,0,0
83.0359975551739,0,18.494457964967523,0,1,3,7,0,0,0,1,0
43.68552801089286,1,29.77940637840357,0,1,0,5,1,0,0,0,0
30.023120555439334,0,25.50439532306798,2,1,2,7,0,0,0,1,0
24.973897487856075,1,37.41338881087161,0,1,2,1,0,0,0,0,0
52.742977877575264,0,21.455446375047057,0,2,2,6,0,0,0,1,0
45.052531148107256,0,20.705698769271905,0,1,0,6,0,0,0,0,0
58.11790751600621,1,32.66879884177664,0,3,1,7,2,1,0,1,1
56.988965080391516,0,30.289885160340674,0,0,2,8,0,0,0,2,0
30.951747300788558,1,26.92382510885511,0,3,1,9,0,0,0,1,0
27.77674255777891,1,19.431542424558643,2,0,1,10,1,1,0,0,0
59.43899860519143,0,33.72498133863967,1,1,2,5,1,0,0,1,1
57.031432520799356,1,24.63948420114826,0,1,1,4,0,0,0,1,0
48.61273002450173,0,22.84662435752482,1,1,3,5,1,0,0,2,0
30.14284622301543,0,30.7147986845914,0,3,2,10,0,0,1,0,0
62.07086894147486,0,24.888524393731352,0,0,1,5,0,0,0,2,0
74.07849318135915,1,19.171649571840586,0,1,3,9,0,0,0,1,0
59.16973660328384,0,25.20151299749291,0,2,2,7,0,2,0,0,0
42.28789164152403,1,21.09325599214618,2,0,2,2,1,0,0,0,0
55.66828248356727,1,15.0,2,3,3,2,1,0,0,1,0
34.50828878599472,0,20.59144903924934,0,1,1,1,0,0,0,0,0
70.86941070758189,0,22.361322145660747,1,3,2,2,0,0,0,0,1
56.22766501794308,1,19.22177445353476,0,1,2,2,0,0,0,1,0
28.47764632370152,1,27.87623266057019,0,1,1,5,0,1,0,0,0
50.48988459334476,0,21.11276121335609,0,1,2,9,0,0,0,0,0
61.94952265351346,1,27.39213100417228,1,2,0,7,0,0,0,0,0
50.004285685367165,0,18.833401318158426,0,0,2,5,0,0,0,0,0
50.861564178397394,1,29.54609460541269,1,1,0,10,0,0,0,0,0
36.63396689429092,1,18.617587366667543,2,0,0,4,0,0,0,2,0
63.49811480622484,1,15.0,2,1,2,6,0,2,0,0,0
45.27296199971294,1,31.186312925816136,0,0,1,4,0,0,0,0,0
22.653319344924512,1,20.720530981344144,0,3,1,10,0,0,0,2,0
49.43113943994409,1,33.78464529099704,0,1,3,7,0,0,0,0,0
69.7172457335553,1,27.82295950604035,2,1,1,3,0,0,0,0,1
49.19605830100079,0,28.951316591906266,2,2,2,8,0,0,0,0,0
81.0697747768528,1,30.227362502330365,2,2,2,8,0,0,0,2,1
61.43451922822776,0,25.563396731245348,1,0,0,3,1,0,0,0,0
60.08137243420549,0,25.620277089192694,1,1,2,7,0,0,0,0,0
53.074026011235865,0,31.406700120971543,0,3,2,1,1,0,0,1,1
53.97570688353564,0,25.55679247849049,2,0,1,5,1,0,0,1,0
51.04864547320744,0,21.35911576601695,2,1,0,9,1,0,0,2,0
50.4659591187621,1,27.928792800811117,0,1,1,2,1,0,0,1,0
62.963007431007235,0,15.0,0,1,3,3,0,0,0,0,0
40.96253155314152,1,31.597794007801067,2,3,0,4,1,0,0,0,0
38.86159256913611,0,31.702195679825458,0,1,1,2,1,0,0,2,0
38.15207423686934,0,30.990833340615396,2,0,1,10,0,0,0,1,0
85.68481821515732,0,30.79885981188847,1,3,3,6,1,0,0,1,1
62.9551435250587,0,24.579123373294383,1,2,2,5,0,0,1,0,0
59.567383025202176,1,24.466588077534887,1,1,3,5,0,0,0,0,0
39.13727994559853,1,18.851799551145717,1,0,3,8,1,0,0,0,0
64.35013451012243,0,33.74020625855524,0,3,3,6,1,0,0,0,0
53.25142980320007,0,22.574909134868612,2,0,1,1,0,0,1,0,0
58.21253411697625,1,26.699426548759405,2,1,1,1,0,2,1,0,1
40.350695262046656,0,26.27022641477389,1,0,3,10,0,0,0,0,0
57.40403286126365,0,18.297904091979216,1,3,1,10,1,0,0,1,0
48.64249692690275,1,16.276624879383974,1,2,0,5,0,0,1,0,0
43.51583264454718,0,25.027933104336743,1,1,1,3,1,0,0,2,0
66.01159503710873,1,22.731219411942455,2,2,2,8,0,0,0,0,0
31.934382872049962,1,24.552815703783324,0,3,0,2,0,1,1,0,0
63.47164396471226,0,30.327078151016163,0,3,2,5,1,0,0,2,1
65.26729200329494,0,26.124720752685114,2,2,3,6,0,0,0,0,0
41.80534486673139,1,28.792612703823654,0,2,0,3,1,0,0,0,0
42.695073083012986,0,27.22664081087789,2,1,0,8,2,1,0,0,1
51.654614781003964,1,23.41832903380084,0,1,0,8,0,0,0,1,0
59.23054315693331,1,19.990984164034682,2,2,1,6,2,0,1,0,1
52.707175122786616,0,26.32358934056734,2,2,2,9,0,1,0,1,0
61.50343690287819,1,25.419463096730457,2,3,1,3,0,0,0,0,1
81.44469478806099,0,29.575781687523737,2,0,3,3,0,0,0,2,1
47.38424846275429,0,24.245499651387536,0,1,0,8,1,0,0,1,0
29.272300439448692,1,23.513292274422387,1,1,2,10,0,0,0,0,0
67.3888537454598,1,23.852503081092,1,2,2,4,0,0,0,0,0
80.24971863891295,1,20.40636682497277,2,0,2,10,0,0,0,0,0
60.89152544576687,0,32.23454972410229,0,2,1,1,1,0,0,0,1
38.683769869694984,1,30.698143773078808,2,1,1,8,0,0,0,1,0
53.14161455147199,0,18.934850855209767,0,1,0,8,0,0,0,0,0
38.22214773682552,1,29.01974070986275,2,1,0,5,1,0,0,0,0
64.64283240944421,1,15.774974680338174,1,1,1,2,0,1,0,0,0
34.73064395952348,1,29.926446165555113,1,2,1,7,0,0,0,0,0
50.498068197577,1,21.518247744461622,0,3,0,4,0,1,0,0,0
39.9349326055914,1,26.79950278839126,0,1,3,8,0,0,0,0,0
56.90237027702443,1,15.35245155229164,0,2,3,10,1,0,0,1,0
49.50487484293363,1,19.006478841610246,1,1,2,6,0,0,0,0,0
57.651431548753955,1,27.343514836247046,1,2,0,7,0,0,0,0,0
55.335258324495484,1,21.4954590830861,2,1,2,10,0,0,0,0,0
40.20011458413835,1,20.800185648139006,0,1,1,2,0,0,0,0,0
64.40315595293532,1,31.97930848726049,1,2,2,5,0,0,1,1,1
54.26851522235327,0,36.054796056364374,2,1,1,4,1,0,0,0,1
40.17206488201149,0,29.685069684097414,2,0,0,3,1,0,0,0,0
88.61389834308689,1,19.54059714132468,0,3,1,7,0,0,0,2,1
62.14645250075687,0,33.8175966640885,2,1,1,1,2,0,0,1,1
52.70109169901042,1,17.192838701758088,2,1,2,6,0,0,0,0,0
76.22806790052735,0,23.47754272962337,2,1,0,3,0,0,0,0,1
82.6272341407991,0,25.273888834936866,2,2,1,7,0,0,0,0,1
52.81975866529172,1,34.62018921919375,1,0,0,9,2,1,0,1,1
60.21096229652143,1,29.563295687758625,0,0,2,3,0,0,0,0,0
40.17995772995589,0,22.6812115260024,1,1,1,1,0,0,0,0,0
52.792108738479826,1,20.27521864610125,1,1,3,3,2,0,0,2,0
52.01406169360195,1,30.010963269016273,0,0,2,9,1,0,0,0,0
57.77240550432481,0,22.333205213898225,0,1,2,10,0,0,0,0,0
59.991407179555154,0,26.083700439324875,0,0,0,4,0,0,0,1,0
63.3974267324209,0,18.15111755370442,1,2,1,3,0,0,0,1,0
58.56463984449939,0,27.846289276121002,0,2,2,7,0,0,1,1,1
36.83886060056253,0,27.443475728737393,1,0,0,7,0,0,0,2,0
40.922993413883724,0,18.79189969170914,2,0,3,4,0,1,0,2,0
46.8038857080449,0,30.1581155643582,0,2,2,9,0,0,0,0,0
50.76639112115157,1,27.773729041213908,2,2,0,9,0,0,0,0,0
70.7616143570817,1,28.70012126390049,1,2,3,2,1,1,0,0,1
37.5559151972063,1,23.10660653624935,0,1,0,7,1,0,0,0,0
49.6387742774395,0,25.894782056432213,0,3,0,8,0,0,0,1,0
69.29514247321075,1,25.316894344326624,0,2,0,8,0,1,0,0,0
50.50183788255082,1,24.259147976228846,0,0,1,10,2,2,0,1,0
61.90623474764236,1,25.85251639082923,2,1,2,1,0,0,0,0,0
52.906869356081444,1,31.28221486898191,2,1,0,2,0,0,0,0,1
58.851748859870845,1,30.374753193519634,2,0,2,8,0,0,0,0,0
51.57291184285689,1,19.090696612655716,1,3,0,7,0,0,0,1,0
65.00598209092531,1,29.9270090845347,1,2,3,7,1,0,0,0,0
31.82415388890347,0,30.95571686374018,0,0,3,1,0,0,0,1,0
49.55031987417183,0,24.24411163323817,1,3,2,2,2,1,0,0,1
59.448590150414624,0,27.542235518988882,1,1,2,2,2,0,0,1,1
63.005428720092894,0,27.47000833651509,0,1,1,3,0,0,0,0,0
77.39428934130741,0,20.750166916628494,2,2,0,3,2,0,0,0,1
49.134629997016354,1,23.09021856235836,1,1,1,3,2,1,0,0,0
77.19222642791308,0,28.754051194258036,2,1,1,4,1,0,1,1,1
45.11464260010494,1,22.520888815842746,1,0,2,4,0,0,0,0,0
74.92969617316966,1,29.877497796311538,0,1,0,9,0,0,0,2,0
67.26200690047558,0,31.524862204248805,2,1,2,3,0,0,0,0,1
41.29812130551666,0,30.718359209902353,0,1,2,3,0,2,0,0,0
59.60558855877733,0,34.899023015847284,1,1,1,9,1,0,0,0,0
54.231462467017124,1,24.546338588544437,1,1,2,4,2,0,0,1,0
64.38376890512501,1,25.886005369845314,0,1,1,6,1,0,0,0,0
51.65092617350036,0,26.603315238813202,1,1,0,10,1,0,0,0,0
50.39130661507403,1,24.69801037504631,0,0,0,5,0,1,0,0,0
75.53641874144277,1,27.710894870508223,0,0,1,10,0,0,0,1,0
53.5191865831649,0,16.443979854940054,2,1,0,3,0,0,0,0,0
67.3963348628765,1,26.024526943462597,1,0,2,8,0,0,0,0,0
51.619727724337004,1,18.112816750585523,0,0,3,5,1,0,0,2,0
79.99994888841285,0,20.18688361196211,1,0,3,8,0,0,0,0,0
44.8249805599676,1,28.664449055149568,2,0,1,6,0,0,0,1,0
45.78784703129223,0,24.0044188077549,0,1,3,9,0,0,0,0,0
77.86775771673854,0,28.48807237357903,1,1,3,2,0,0,0,0,0
48.32580413657121,0,23.89611698199435,1,0,1,7,1,2,0,0,0
79.0161145924659,1,30.532031581955778,2,0,3,10,0,0,0,0,0
68.37760869392218,1,23.804596471893483,1,0,3,4,0,0,0,0,0
52.6802544015875,0,15.225407552184384,0,1,2,10,2,0,0,0,0
27.80059791974262,0,26.126962910056353,0,2,1,7,1,0,0,0,0
54.71022543592247,0,15.0,1,0,2,9,1,1,0,0,0
56.52445080300137,1,17.736395487337962,0,1,1,10,1,0,0,0,0
72.5082659995656,0,20.58526735500715,2,0,3,1,0,0,0,1,0
78.82670764360168,1,19.961452611149063,0,0,0,5,2,0,0,0,0
44.72519231284379,1,22.274745977918574,0,1,3,6,2,0,0,0,0
67.01772645982274,1,19.78966088234447,0,1,0,4,0,0,0,0,0
66.48103234020024,0,17.970236682071636,1,0,0,10,0,0,1,0,0
71.10119053615668,0,32.709178724203866,1,0,3,6,2,1,0,0,1
62.48034868203317,0,21.609277268040522,0,0,3,1,0,1,1,1,0
25.86253463557345,1,15.0,2,2,1,8,1,1,0,0,0
52.668663512083604,1,23.195408134953713,0,1,3,6,0,1,0,0,0
37.66438637624627,1,19.37634470986223,0,0,3,10,1,0,0,0,0
51.96091340622889,0,20.575161863535932,0,2,3,4,1,0,0,0,0
69.70006354200841,1,28.551712406762427,2,0,2,5,2,0,0,0,1
59.577262538124586,0,22.75921190607391,2,0,3,8,1,0,0,0,0
72.2213629959615,0,19.237016993910572,2,0,3,2,0,1,1,0,1
60.126308810703094,1,27.231267549786224,0,0,3,4,0,0,1,1,0
35.52511090496646,0,30.74970415304543,1,0,1,7,0,0,0,0,0
20.0,1,27.684360813199223,1,3,2,2,0,0,0,1,0
57.232131425193856,1,15.0,0,2,3,6,0,0,0,1,0
51.79110300473252,1,19.42505248801493,0,1,2,9,0,0,0,0,0
40.34581390927177,0,25.237242653181024,2,1,3,2,0,0,1,0,0
29.490591255229333,0,23.778502973679924,0,1,3,4,0,1,0,1,0
43.978851797909364,0,23.36362423030402,1,1,3,10,1,0,0,0,0
52.08262772702836,0,20.08621653579583,0,2,1,10,0,0,0,0,0
64.98816735559585,1,17.9720795846128,1,1,0,5,0,0,0,0,0
57.8294662235197,1,35.0389085890651,0,0,1,10,1,0,1,0,0
79.12100870759093,0,25.13555476569456,0,0,2,8,1,1,0,1,0
39.465939159319085,1,28.21060894433709,1,3,0,5,0,0,0,0,0
68.2158833808615,1,25.031255867919047,2,0,0,5,0,0,0,0,0
55.70948114693092,0,25.23174349318995,2,2,1,10,0,0,0,2,0
65.42003686177877,0,24.68948300095356,0,1,3,9,1,1,0,0,0
48.45227705101685,0,19.39777070462784,0,1,0,10,0,0,0,0,0
71.07520560835884,1,17.42755270982876,1,0,0,6,0,0,0,1,0
59.42837137517864,1,26.931126868724935,1,1,2,5,0,0,1,0,0
44.80832522623376,1,25.939212036355833,2,1,0,3,0,0,0,0,0
54.81963956630218,0,29.691404492298535,1,1,1,1,0,1,0,2,1
51.406662115943504,1,28.676804133210133,1,1,0,6,0,0,0,0,0
62.33767525956691,0,20.957439036251646,1,1,2,10,0,0,1,0,0
37.303348759382374,1,30.662956544609358,0,1,0,9,0,0,0,1,0
54.559724468264584,1,28.825135975772586,1,2,3,4,1,1,0,0,0
60.929608789739966,0,28.454207849286675,1,3,0,8,0,0,1,2,1
55.4953496078955,1,36.24663395989404,2,3,3,2,0,0,0,1,1
75.20411866583493,1,35.21979381254094,0,1,2,2,2,0,0,0,1
66.61034161106579,1,28.44956883277443,0,0,3,4,0,0,0,0,0
54.8877880488888,0,27.82598602918765,2,0,0,2,0,0,0,1,0
58.2503364624651,0,30.408275908848402,1,1,2,6,2,0,0,2,1
59.43498327222999,1,22.080231151648142,2,2,3,8,0,0,0,0,0
61.04949406250236,1,22.15085371204475,1,1,2,3,2,0,0,2,1
27.61513006503088,0,28.367107035459565,2,1,2,3,1,1,1,0,0
50.477105563459794,1,20.717619554362138,0,2,0,4,0,0,0,1,0
32.73341397709861,0,27.963847427616276,0,0,1,5,0,0,0,0,0
74.17421421189229,1,25.78416083268095,2,3,0,3,0,0,0,0,1
54.087257199956085,0,20.719049477039405,2,1,3,6,1,1,0,0,0
52.099885754805655,0,25.129332551441497,1,0,2,5,0,0,0,2,0
68.45195998049853,0,31.525407960692082,1,2,0,8,1,0,0,1,1
61.33487196174812,0,25.41185225326919,2,3,1,10,2,0,1,0,1
38.07048228431189,1,25.432738238089886,0,2,2,4,0,1,0,1,0
53.93641956208947,1,26.644926394522983,1,2,0,6,0,0,0,0,0
49.97249540160423,0,27.295942614458042,0,2,2,9,0,0,0,0,0
28.832006670909188,0,23.345797669594035,0,1,0,6,0,0,0,0,0
44.645856501441926,1,26.75130523983524,1,1,1,10,0,0,0,1,0
52.24689516975302,0,19.754648202046333,2,0,2,5,0,0,0,0,0
53.27573602762236,1,21.00464471583056,2,0,1,8,0,0,0,1,0
32.76652864484037,1,21.644254459621884,2,1,1,4,0,0,0,0,0
72.27498374571213,1,27.348813448170542,0,2,3,6,2,0,1,2,1
53.468454116628415,1,25.801164137781385,0,1,1,7,0,2,0,0,0
55.563296149908446,0,24.328202113780236,0,1,2,10,0,1,0,0,0
61.00962457509755,1,28.453849947926436,0,3,3,6,0,0,0,0,0
43.178856191444936,1,26.89431041371168,0,1,0,8,0,0,0,1,0
61.84533959699044,0,23.550116100085642,0,3,0,2,0,0,0,1,1
49.49388030972725,1,19.82384578590094,1,2,3,5,1,0,1,0,0
41.551216890292125,1,20.901455993866236,0,1,2,3,0,0,0,1,0
63.60171240033098,0,17.66595267303554,1,0,3,4,2,0,0,0,0
77.37510788202712,0,25.702847750754128,2,0,1,10,0,0,0,0,0
65.87244060228747,1,20.68930608773164,2,1,3,8,0,0,0,0,0
68.84466347710647,0,22.523385090080644,2,1,0,2,1,0,0,1,1
47.19054090156551,0,24.36204659685568,2,1,3,9,0,0,0,0,0
31.035704062473155,0,30.21997595665343,0,2,3,7,0,0,0,0,0
77.35206283149762,0,29.643952991584097,2,1,2,1,0,0,0,1,1
85.8177233410714,0,24.72645764373013,2,1,2,3,0,0,0,0,1
78.14210160654522,1,31.327517447001497,0,2,1,8,0,0,0,2,1
49.963210915303755,0,15.0,2,1,1,2,0,0,0,0,0
37.68048491906734,1,34.38610274883256,1,0,1,10,0,0,1,1,0
39.0147595327065,0,28.462498571522925,0,0,2,7,0,0,0,0,0
29.74401148578927,0,25.514016425099648,1,0,3,1,1,0,0,0,0
53.389320723849316,0,20.543201596239683,1,2,3,3,0,0,0,1,0
79.08516937123682,0,22.80966316934768,1,1,1,10,0,0,0,2,0
52.87506052191635,0,28.046754477890207,0,1,2,2,0,0,0,1,0
59.534843505224124,1,28.160396917657067,1,1,0,2,0,1,0,1,1
75.63395446456313,1,28.341966852953934,1,1,1,10,1,0,0,0,1
48.938570322514,0,21.357516328167698,2,1,1,2,1,0,0,0,0
85.53297185079393,0,20.350761434923953,2,2,3,4,0,0,0,0,1
84.8814161124618,0,25.97602622176253,2,1,1,6,0,0,0,0,1
53.03332991979276,1,28.849269788857367,0,2,0,1,2,0,0,0,1
46.33698603971181,1,25.015924247524293,0,2,0,10,1,0,0,2,0
65.45857069585469,0,32.40742123442584,0,0,2,7,0,0,0,0,0
49.78712586221713,0,25.165687310950556,1,1,1,7,0,0,1,0,0
37.65167174398995,1,24.996456780835068,0,2,3,1,0,0,0,2,0
74.2185798028447,0,28.352799955963345,1,2,1,10,0,0,0,0,1
73.2467108091562,1,31.096150687960193,0,0,1,9,0,0,1,1,1
57.33267405645341,0,18.253723700977275,1,0,2,8,0,0,0,1,0
36.05702869407733,1,19.409941459822008,0,1,1,2,0,0,0,0,0
36.55710623173921,1,23.43369281127981,0,0,2,7,1,0,0,2,0
56.60843932628729,1,40.0,2,0,2,2,0,0,0,0,1
47.50193448242452,1,23.69265718729534,1,0,2,4,1,0,0,0,0
49.88360601787588,0,24.391085284947156,2,0,3,5,0,0,0,1,0
70.32944732590005,0,28.09175964903959,1,1,3,10,1,1,0,0,0
65.99768976133836,0,29.88464451406737,2,2,2,3,0,0,0,0,0
75.6721402074642,1,25.84892558227378,0,0,3,7,0,0,0,2,0
40.14065164934114,1,30.82173747520128,0,1,0,7,0,0,0,0,0
49.85212646969932,0,19.0301440848704,1,1,3,6,1,0,0,0,0
66.38472543190169,0,21.169557876286376,2,2,0,7,0,0,0,1,0
61.721175115193375,1,30.8124347528982,1,1,1,3,0,0,0,0,1
77.98570573881433,1,25.05471557391737,1,0,3,7,0,0,0,0,0
61.30805058856104,1,18.687746974956674,0,2,1,7,0,0,0,0,0
82.72163656158328,0,18.387310341913963,1,2,1,9,0,0,0,0,0
63.10026702584711,0,20.945295973276476,1,1,1,2,0,1,0,0,0
70.93251171382991,0,25.01062771078958,2,0,1,3,2,1,0,0,1
50.147275798233146,1,27.336897848633942,1,0,0,4,0,0,0,0,0
55.214308178259834,1,23.3547000002793,0,0,0,8,0,0,0,0,0
68.66416605759213,1,26.924995946197594,0,0,2,1,0,0,1,1,1
79.19467255889582,1,22.814667566531924,0,0,2,2,0,0,1,0,1
65.9385542396613,1,31.119601008084587,1,0,2,2,0,0,1,0,1
53.752423420980705,1,37.75920047286178,0,1,1,2,0,0,0,0,0
75.66002544292513,1,23.03693633957788,1,2,3,2,0,0,0,1,0
22.120320155801785,1,27.399664053994726,2,2,1,7,1,0,0,2,0
33.6664824773969,0,26.992054120750563,0,0,0,6,0,0,1,1,0
65.22451335502583,1,25.693477131299627,1,3,3,7,1,0,0,0,0
55.211625343796875,0,28.266254726706457,2,2,2,6,0,0,0,2,0
64.08270476686248,0,27.394105944899135,1,0,3,10,2,0,0,1,0
55.966112836479134,1,22.644732148075526,1,0,1,1,0,0,0,1,0
63.56418541905809,1,31.582728863113438,1,0,2,6,0,1,0,0,0
42.78395768510214,1,26.00833123743388,0,2,0,4,2,0,0,0,0
63.55729129119536,0,23.075997900848183,0,0,3,9,0,1,0,0,0
69.91621792311376,1,37.216012619237006,0,0,0,6,0,0,0,0,0
73.30825905896849,1,24.418933114222,0,1,0,9,2,0,0,0,0
85.2033144197305,0,26.274719207118746,2,2,0,8,0,0,0,1,1
58.6614766525358,1,25.877201722901685,0,1,2,5,0,0,0,0,0
59.10866630270768,0,24.35052694524396,2,1,1,10,2,0,0,1,0
32.15241303739228,0,27.243323525220077,2,0,3,7,0,0,0,1,0
47.02882898292363,1,20.775000454541875,1,1,3,8,0,0,0,0,0
52.10376888990081,0,27.982716932615286,2,1,3,5,0,0,0,0,0
70.75479328414532,0,16.208229858037853,0,1,3,8,0,0,0,0,0
45.83498313865556,0,18.509651243714355,1,1,3,10,2,0,0,1,0
66.94510029623248,0,34.128622735842576,2,0,3,9,0,0,1,0,1
54.9756742455493,0,18.71909986639107,0,0,3,5,0,0,0,1,0
52.34247827327857,0,15.200205739815697,0,0,3,8,1,0,0,2,0
58.73340953699885,0,18.84291915466906,0,0,1,9,0,0,0,0,0
49.13265441620736,0,33.70028634598367,1,0,1,1,1,0,0,1,0
48.56444127861002,0,16.040691298636425,0,0,2,7,0,0,0,0,0
29.428211413148283,0,20.220929087042247,1,1,0,7,0,0,0,0,0
51.280686890081654,1,17.709037578415064,2,0,1,2,0,0,0,0,0
47.8004778077691,1,23.629354014549957,0,2,2,2,0,0,1,0,0
47.26028515976381,0,22.819895509096316,2,2,2,8,2,0,0,2,0
61.253095938850606,1,22.596217466364834,0,1,2,7,1,0,0,0,0
64.87947929185765,1,34.280668997025685,0,1,3,3,0,0,0,2,1
58.482917569634914,1,19.00462341181226,0,3,2,10,0,0,0,1,0
69.93122785674211,0,24.489061101414446,2,1,1,4,0,2,0,1,1
63.63342888745548,1,26.693006231603672,2,2,1,3,0,0,0,1,1
50.57415715291537,0,20.09895368963928,0,2,1,4,1,1,0,0,0
48.057155714284306,0,27.432949906233013,0,3,1,10,0,0,0,0,0
59.6923335515027,0,23.00094752723346,2,1,0,5,1,0,0,0,0
63.60650664852851,0,26.87154533094928,1,0,1,10,0,0,0,0,0
75.96766460547248,1,24.460003742371736,0,0,3,1,0,0,0,1,0
72.86759567410144,1,15.0,1,1,2,6,0,0,0,0,0
46.877904902392466,1,31.530493563828706,2,1,2,5,2,0,0,0,0
53.46990579809108,0,35.352291576770355,0,0,3,5,0,0,0,0,0
65.06526707376655,0,24.116229090325934,0,0,1,9,0,0,0,0,0
71.01996667088457,0,20.51023974066698,0,2,2,3,0,0,0,0,0
69.08454203057188,0,32.53006360587844,1,1,0,3,0,0,0,1,1
54.0418325075298,1,34.45191451433736,0,1,3,9,0,0,0,1,0
36.18966021357225,1,24.15602294205001,2,2,1,8,0,0,0,0,0
40.01595435631613,1,23.906596923897425,2,1,0,9,2,0,0,0,0
59.089502714791216,1,24.600444511642504,1,0,1,10,0,0,0,0,0
60.13338369136518,0,16.627255553773473,0,2,3,10,0,0,0,0,0
38.51980939848423,0,23.54437060653386,2,0,0,8,0,0,0,2,0
55.66854416333908,0,33.57470943774622,1,2,3,7,0,0,0,1,0
64.46836535457675,0,24.1565566961472,1,2,1,2,1,0,0,0,1
37.73160013739284,1,19.799827360638975,2,1,1,5,0,0,0,1,0
71.57495802706622,0,27.483428096522402,2,1,1,10,0,0,0,1,0
49.33703277160262,0,21.664006007529437,1,1,1,7,2,0,1,1,1
73.86419668864977,1,24.667739381660365,1,2,2,5,0,0,0,1,1
46.99821331336149,1,18.655756097263605,0,0,2,1,0,0,0,0,0
39.600617756737314,0,19.816879194066342,2,1,1,10,2,0,0,1,0
48.12794515237421,1,28.688296274317963,2,0,1,6,0,2,0,0,0
53.5727781538402,0,25.57933389700544,0,3,1,6,0,1,0,1,0
49.17280139842779,1,21.11971306578592,2,3,1,6,1,1,0,0,0
51.7599786764033,0,25.597675651524515,2,2,1,3,0,1,1,1,1
60.009477245142854,0,21.964266456363703,0,1,2,1,0,0,0,1,0
52.43230945305401,1,21.081199153149154,1,0,0,7,1,1,0,1,0
54.00831409071989,0,30.82017198624153,0,1,2,6,2,0,0,0,0
29.36160401196106,1,28.914387765943857,2,2,2,5,0,1,0,1,0
60.87547024015709,1,24.893635751844528,0,1,1,3,0,0,0,1,0
53.66195053462498,0,25.721686686248518,1,1,1,6,0,1,0,0,0
79.15439470724306,1,24.958009913328283,0,2,3,10,0,2,1,1,1
40.90652249119063,1,27.435046295867693,0,1,0,9,0,1,0,0,0
27.875570072507283,0,21.00249170772153,0,2,3,8,0,1,0,0,0
64.27102740895063,1,29.312523666843216,1,1,2,8,1,0,0,0,0
60.197905274695,1,26.767829189454062,0,0,2,8,0,1,1,0,0
39.87350469203281,1,23.684718310552242,1,2,2,1,0,0,0,0,0
32.05376567493863,1,22.56110984245729,1,2,1,7,0,0,0,1,0
78.06095096026435,1,29.205654708834043,1,1,0,1,0,0,0,0,1
76.21165585910173,1,24.24756841924947,1,1,3,7,0,0,1,0,1
20.0,1,21.505534520850812,0,2,2,2,0,0,0,1,0
48.126654561152485,0,23.07715116512838,0,2,2,3,2,0,0,1,0
79.96288082175849,0,28.8460232444458,0,3,1,10,1,0,0,2,1
47.859061633332,0,16.9472339937698,1,1,1,2,2,0,0,0,0
47.64081648960021,1,23.222955472097638,2,1,3,10,0,0,1,0,0
50.758610085559475,1,30.35291334837882,0,2,0,1,0,0,0,0,0
38.18654539347761,0,24.158916139483708,1,1,3,5,0,0,0,0,0
29.428363836579337,0,26.364083661389206,0,1,0,8,0,0,0,1,0
70.78820966102123,0,30.433844822685973,0,1,2,6,1,1,0,0,1
27.355946406284865,0,29.46164826698585,1,1,1,4,0,1,0,0,0
58.70907178163134,1,22.79970613480039,0,0,2,10,0,0,0,0,0
68.29869239136474,1,24.348032238980817,1,0,0,1,1,0,0,0,1
33.231605516482624,1,29.52381950864507,2,1,2,10,0,0,0,1,0
41.13597396107393,0,29.69734743641949,0,1,3,2,0,1,0,0,0
73.19768782587386,1,24.559749373425294,1,2,1,2,0,1,0,1,1
62.9933758034056,1,24.732271738537865,2,0,0,3,1,0,0,0,1
45.74071439681669,1,26.338418472669257,0,1,0,2,1,0,0,0,0
73.03373505041756,1,31.834503450086466,0,3,2,4,0,1,0,0,1
73.09803585181453,0,30.33783060328978,0,1,0,4,1,0,0,1,1
59.03579039523561,0,28.46693351899509,1,1,0,5,1,0,0,0,0
41.49759658189505,1,19.606653619680543,1,2,1,9,1,1,1,0,0
48.79826944792307,1,23.625832967258717,1,2,1,3,2,1,0,1,0
59.29580115933085,1,23.888566631550486,1,1,1,6,0,0,0,0,0
52.17107756278767,0,32.09242516301737,2,2,1,10,0,2,0,0,1
69.08435767352277,1,23.80567804410181,0,0,1,4,0,0,0,1,0
32.05338879835996,0,31.267214115388064,2,1,1,7,0,0,0,1,0
32.58604706400642,1,22.14650664734458,0,2,2,4,1,0,0,0,0
57.71306667223649,1,22.545580211696205,0,1,1,7,0,0,0,0,0
47.626833792896434,1,27.407270529065705,2,3,0,1,0,0,0,0,0
45.594270779533886,1,32.84073352785879,2,0,2,9,0,0,0,2,0
28.47914921238404,0,23.941114353660613,2,1,2,1,0,1,0,1,0
55.293187671972724,0,15.0,0,1,1,5,0,1,0,0,0
54.20867337998852,0,17.179082988305566,2,1,2,8,0,0,0,0,0
64.8021847292761,0,26.489807780822282,1,0,3,8,0,0,0,0,0
56.03359199681458,1,17.62601986609116,2,0,3,6,0,0,0,2,0
53.01093882639255,0,20.672185868017937,2,3,2,6,0,0,0,0,0
72.65500955185506,1,25.061709753191284,0,2,0,2,0,0,0,1,1
35.31299044827175,0,15.0,1,1,1,4,1,0,0,0,0
63.045838282713646,1,23.101371053372727,2,1,0,8,1,0,0,1,0
29.93279252806977,1,19.175957210698655,1,1,1,2,0,0,0,0,0
42.42457179998789,0,17.504101410496247,0,2,3,6,1,1,0,1,0
36.81014301065029,0,20.989077803909698,0,1,1,3,0,0,0,2,0
66.72913803177877,0,19.653955374652845,1,2,2,7,1,0,0,0,0
54.01884649606909,1,27.347401089961515,0,3,0,9,2,1,0,2,1
54.79745133110535,1,30.98263393341442,0,1,0,8,0,2,0,0,0
38.39900518405824,0,23.177865741944686,0,0,3,8,1,0,0,1,0
50.50459756100666,1,22.01937110476582,0,1,1,9,0,0,0,0,0
43.548020450363325,0,22.928974994210506,0,2,1,2,2,0,1,0,0
60.75182522281324,1,19.459064460307687,0,1,2,6,0,0,0,1,0
40.13363297002579,0,18.55629052190161,2,2,2,9,0,0,0,0,0
74.94691547807614,1,16.772227735533313,0,2,1,2,1,0,0,0,0
29.86629325563858,1,18.35239520840913,2,1,2,9,0,0,0,1,0
42.90220251315158,1,33.159955035563144,2,1,1,2,0,0,0,0,0
80.15800764949145,0,21.54789482318271,1,1,1,9,0,1,0,2,1
48.472918780569486,0,15.0,0,0,0,1,0,0,0,0,0
35.27682003393382,1,22.064715307594966,2,1,2,6,1,0,1,0,0
58.28607343806503,0,17.047927316195892,1,0,0,6,1,0,0,0,0
47.86911636678187,0,25.297424699985815,0,2,3,2,0,0,0,0,0
42.46194616572541,1,24.758231723814976,1,3,2,7,1,0,0,1,0
38.56193783801924,0,25.279428188460273,0,0,3,10,0,0,0,2,0
90.0,0,24.796369606274077,0,1,2,4,1,0,0,0,1
51.22672149723795,1,23.136448476901254,1,1,0,4,0,0,0,1,0
26.116489595006843,0,17.72051939230007,0,2,1,9,0,0,1,0,0
77.40564638508302,0,24.62672964014288,1,1,2,2,0,1,1,1,1
64.16606357665856,1,30.09462294567847,2,0,1,9,0,0,1,2,1
43.50300353470318,1,34.06836541897602,0,0,2,9,0,0,0,0,0
41.003213669707876,0,23.81004336346997,0,0,0,6,1,0,0,1,0
65.10209194237346,1,24.351950273581572,2,3,2,10,0,0,0,2,0
51.29622508765818,1,27.502135895444468,1,1,3,7,0,0,0,1,0
26.11033272332348,0,32.466207797360525,1,3,1,4,0,0,0,0,0
81.80859946907003,0,22.568516947477264,2,1,2,1,1,0,0,0,1
48.490143066760645,0,28.46325658475169,2,1,0,9,0,1,0,1,0
77.4335760472364,1,20.885903672378056,1,2,1,9,1,2,0,1,1
74.17652436948572,1,26.649244951327514,0,2,1,1,0,0,0,0,1
39.984856832757785,0,29.85302088309185,1,0,1,4,0,0,0,0,0
70.49784796544722,1,18.545696967261016,1,0,2,7,0,0,0,0,0
45.22836175204478,1,22.37427638990891,1,0,2,3,0,0,0,1,0
26.99949119794087,0,29.773915483475008,0,2,0,5,0,0,1,0,0
48.63102750966786,1,28.080806152573974,1,2,0,5,0,2,0,0,0
60.96456252664419,0,30.179730701574275,1,0,0,8,0,0,0,1,0
48.05895028005493,1,29.242198232270333,0,0,3,9,0,0,0,0,0
50.394274886123476,1,23.29448236041647,2,1,2,1,2,0,0,0,0
72.1534906739292,1,35.99595074197346,2,1,3,2,0,0,0,1,1
56.59740970435138,1,25.684549953766975,2,1,2,5,0,0,1,0,0
42.350525330725716,1,15.0,1,3,0,1,0,1,0,0,0
65.53045485500989,1,23.588268138113502,0,2,2,6,0,0,1,1,1
57.96513350431368,1,22.654143715003357,2,0,2,6,0,0,0,0,0
20.0,1,28.97624583683639,1,0,1,3,0,0,0,0,0
61.42529370657173,1,22.744073424009347,1,1,1,4,1,1,0,0,1
60.877430615741524,0,30.494849979095687,0,1,2,3,0,0,0,1,0
55.3018169437129,1,27.79049686203354,1,2,2,5,2,0,0,0,0
68.37550871604363,1,19.9995476926497,2,1,0,9,0,0,0,1,0
44.91409623510246,1,24.298133321942874,0,1,3,10,1,0,0,0,0
60.04749683231351,1,21.122332778622997,0,1,2,3,0,0,0,1,0
31.495609432489708,0,25.92379323426835,1,0,2,2,0,1,1,0,0
61.10635575098247,0,21.092545663824396,1,1,2,6,0,0,0,1,0
84.29589543309845,0,25.372176152545308,0,2,0,10,0,0,0,2,1
40.07715471298688,1,23.638471245047946,2,2,3,1,0,2,0,0,0
43.60296802018337,1,24.238883726600882,0,0,1,9,1,1,0,0,0
44.34976835662672,1,35.2547018989905,2,1,1,10,1,0,0,0,0
56.94997338702393,0,23.197573866463976,0,1,3,3,2,1,1,0,0
39.054455907194225,1,15.327834561914049,0,2,1,3,0,0,0,0,0
61.3187106803647,1,30.07913072367174,2,1,3,8,0,0,0,0,0
67.70259918203747,1,30.03977950901004,2,2,1,6,2,0,0,0,1
63.015208201806765,0,15.10529913101587,2,0,2,3,0,2,0,0,0
28.473768615428913,1,21.495501893959663,0,1,1,6,0,0,0,0,0
69.92751497737909,1,27.179052784232617,1,2,2,6,0,0,0,0,1
69.0605112138052,1,27.621016306085334,0,2,0,3,0,0,0,0,0
67.45242058519457,1,24.976381182736397,0,0,3,6,0,0,0,2,0
60.592633729837374,1,25.08912689466642,0,1,1,10,0,0,1,0,0
58.30283971307699,0,20.307060634584076,0,0,1,8,0,0,0,1,0
70.48584097189595,0,15.0,2,2,0,9,0,0,0,0,0
83.85270231405181,1,35.24753659091768,0,2,3,3,0,0,1,1,1
40.704393049527255,0,20.156663611466428,1,0,3,2,0,0,0,2,0
71.17188093692158,0,25.88252845032241,1,1,1,10,0,0,0,1,0
53.70674352988821,0,24.20576002170332,0,1,3,10,0,0,0,0,0
53.05490421957099,1,29.48598776136773,2,0,3,7,0,0,1,1,0
31.952039644269423,1,25.574486067410792,0,2,2,8,0,0,0,0,0
50.72815885726907,0,25.76720476546,2,0,1,9,2,0,0,0,0
40.04102563047377,1,15.0,2,1,1,1,0,0,0,0,0
48.042183557410816,1,20.833304637288734,2,1,1,1,0,0,0,0,0
38.52720424332775,0,28.723165232994987,2,2,1,1,0,0,0,0,0
48.2663741903049,0,28.273341125359646,0,0,3,4,0,0,0,0,0
48.90834464464895,1,20.241735881913943,0,1,1,3,0,0,0,2,0
56.45132377658201,1,17.109857086394392,1,0,3,7,1,0,1,1,0
30.778752065630034,0,25.63289653361465,0,2,3,6,0,1,0,0,0
33.31722778382015,0,15.0,2,0,3,3,0,1,0,0,0
60.4287140609579,0,19.256628738311186,2,2,2,3,1,1,0,0,1
43.038428243948516,0,33.80080537577655,0,1,2,5,2,1,0,0,0
71.11794685344897,0,32.225336644368845,0,0,3,4,0,0,0,1,0
58.3790458302257,1,27.436246793825724,0,0,0,9,0,0,0,0,0
64.1014322530961,1,26.53668157240628,1,0,2,1,0,0,0,0,0
76.16038480631342,1,15.249146077378006,0,2,2,1,1,0,1,1,1
50.354337822901414,0,21.296663816754418,1,1,1,5,1,0,0,0,0
46.38269941875586,1,23.52415701017112,1,3,2,8,2,0,0,1,0
68.0755387839822,0,21.402931252494056,0,0,1,4,0,1,0,1,0
62.64270345894529,0,23.24878332546068,1,0,3,9,0,1,0,0,0
52.190045352680485,1,31.49612212173147,1,3,2,7,0,0,1,1,1
75.87186950433913,1,22.290884693643388,1,2,2,3,0,0,0,2,1
51.81633535240104,0,23.295304097216174,2,2,2,6,0,0,0,1,0
55.49160456333672,1,28.697656433418757,0,3,1,6,1,0,0,0,0
55.31833976251388,1,17.902621406985983,1,3,2,5,0,1,0,0,0
40.981091576522935,1,20.79897710580577,2,0,2,8,0,0,0,0,0
56.163780842295864,1,21.311387061215786,0,0,0,1,0,0,0,0,0
75.95140266097737,1,25.277960732758736,1,0,1,10,2,0,0,0,1
61.67452473064264,1,23.275189662531673,1,2,3,4,0,0,0,0,0
55.46595139598397,1,23.43329545326433,1,1,2,7,0,2,0,0,0
52.573490782514966,0,21.675730064487524,0,1,2,6,1,0,0,0,0
59.963005426095265,0,19.645848698926226,1,2,1,7,0,0,0,1,0
66.24649942733778,1,28.045714621052888,0,1,2,3,0,0,0,0,0
64.1385824633463,1,23.31097940518873,1,0,2,3,1,0,0,0,0
50.02202707267031,0,28.095094900736864,1,1,1,1,0,0,0,2,0
59.87172391165172,1,19.441863347594264,1,0,0,7,1,0,0,1,0
62.19909611722418,0,21.673789211251787,1,1,0,4,0,1,1,2,1
39.89207518709532,1,23.89408486076617,0,0,2,9,0,0,0,1,0
57.52345811775542,0,24.360664815918945,0,0,2,5,0,0,0,0,0
22.580441705464573,0,28.77184362966105,0,2,0,5,0,0,0,0,0
62.23800564731778,1,22.847453552038207,0,3,1,9,0,0,0,1,0
64.90514581844022,0,28.733711214054377,1,3,2,1,1,1,0,0,1
66.21319188679689,0,26.874720042798472,1,0,0,6,2,0,0,1,1
49.07429721745649,1,24.465736949585253,0,2,1,8,1,0,0,1,0
59.63570252536052,1,20.2435060175174,2,1,2,1,0,1,0,0,0
76.3593076831175,1,28.7843763273166,1,2,2,10,1,0,0,2,1
76.20654472436888,1,20.368312663431745,0,2,2,9,0,0,1,0,0
54.562409511601594,0,24.893598099213605,0,3,2,8,2,0,0,1,0
57.089794460943395,1,24.7302977853196,1,0,2,6,1,0,0,0,0
71.6636671710165,1,23.964524286913587,0,2,3,9,0,1,0,2,0
32.48796977106738,1,23.05340138507343,2,2,3,3,0,0,0,0,0
50.153863859844634,1,20.889616525191645,1,0,2,4,0,1,0,0,0
75.03355683305135,1,16.915317813149606,2,1,2,3,0,2,1,0,1
69.62800812527149,1,32.01902366420176,0,0,3,5,0,2,0,2,1
60.53895666474857,0,22.541382678713752,1,3,0,1,1,1,0,0,1
32.412513920040695,0,24.359439524412654,2,2,0,1,0,0,0,1,0
54.25134650438257,1,24.328863080330297,0,1,3,2,0,0,0,0,0
46.151269056251,1,30.47802168614374,0,1,3,1,0,0,0,2,0
59.9655835422582,1,34.6659711075882,1,0,3,3,0,1,0,0,0
42.859799728076794,1,25.799237097943433,2,2,3,2,0,2,0,0,0
39.61414907538089,0,24.21498665771541,1,0,1,10,0,0,1,0,0
24.027020834745375,1,19.38271496420294,1,1,3,7,0,0,0,0,0
73.32707027465052,0,17.782057752936176,1,2,1,8,0,0,1,0,0
49.00344232835414,0,16.130125351779498,0,1,3,2,2,0,0,0,0
57.35718675553802,0,21.02077520238266,1,1,2,4,0,0,0,0,0
54.96642825288728,1,15.0,0,0,0,8,2,0,0,0,0
38.98849100559251,0,30.394149768700558,0,0,2,10,1,0,0,0,0
36.1140263282771,1,27.115481219967123,2,1,1,1,0,0,0,0,0
39.920273110041464,0,23.7417974265761,1,0,1,8,0,1,0,1,0
44.15247341755911,0,30.54691990380395,2,1,0,8,0,2,0,0,0
60.49909370520707,1,19.644219612983626,0,1,0,2,2,0,0,0,0
43.06423504719083,1,20.900094723177226,0,1,2,3,0,0,1,0,0
81.19735947391932,0,15.331033598491276,2,1,1,9,0,0,0,0,0
70.40726553839727,0,28.87176847510106,0,1,3,10,0,0,0,1,0
67.12539324498563,1,20.948293568453632,0,1,1,5,0,0,1,1,1
53.20511646290275,0,25.07847806637912,1,0,3,7,0,0,0,0,0
77.71421103580725,1,30.01288200287339,0,0,3,5,1,1,0,1,1
51.72991553318314,0,31.854253777497107,2,2,0,10,0,0,0,0,0
54.53107878768631,0,24.854268242547146,1,1,0,2,0,0,0,1,0
57.549618096239044,0,26.921187181356782,2,1,1,2,0,0,1,1,1
65.52734560815016,1,20.480748769781698,2,1,3,1,2,2,0,1,1
64.55362118504478,1,33.41686671503767,0,0,3,6,2,0,0,0,0
47.87312082333095,0,24.169247198503168,2,0,1,7,1,0,0,2,0
47.00509420861069,1,25.4014247593406,0,1,0,5,0,0,0,1,0
64.59854435728127,1,22.96573463868387,0,1,3,3,1,0,0,0,0
65.72854875836849,1,30.99624499206878,2,1,2,10,0,0,0,0,0
49.099733127656904,0,25.997969615415947,0,0,0,10,0,0,0,0,0
31.19217895482319,0,28.804672887068122,0,0,3,9,0,0,0,1,0
51.89025855987633,1,26.76979069989441,0,1,3,8,2,0,0,0,0
64.35288698238787,0,23.897953083919976,0,1,0,2,0,0,0,0,0
82.0812526962967,0,29.64734280649796,1,2,1,3,0,1,0,1,1
37.030630564890075,1,26.726580972876906,1,0,3,7,0,1,0,0,0
48.601431207541395,0,20.19510469576383,1,3,2,9,0,0,0,1,0
49.15894657711935,0,20.053943080953097,2,3,3,2,2,0,0,0,0
75.33708009147252,0,25.744133645158172,0,1,3,10,1,0,0,1,0
54.47587749312051,1,29.537289511938138,0,2,0,7,1,1,0,0,0
41.390101609416014,0,33.19710274253202,0,3,2,8,0,0,1,0,0
63.38042924382729,1,16.113932712095988,2,0,2,6,0,0,0,2,0
48.9304221993858,1,25.128299245493604,1,1,0,6,0,0,0,0,0
36.63419089963068,1,27.44823831087498,2,0,0,8,0,0,0,0,0
41.60840039085774,0,26.478345674973816,1,1,2,3,0,0,1,1,0
81.01062931633929,0,30.046635525168547,0,0,1,8,0,0,0,1,0
60.76313832474193,1,28.27766988245751,0,3,2,10,0,0,0,0,0
56.61640083178814,0,20.0724990820983,1,1,1,1,2,1,0,1,1
51.25159396281931,1,19.926041556546345,1,3,2,2,2,0,0,0,0
59.38223263178198,0,26.562274280758622,0,0,1,6,0,0,0,1,0
59.20353919003742,1,29.952527122112627,1,1,3,2,0,0,0,0,0
59.38253242310989,0,25.717087764763477,2,1,1,10,0,0,0,0,0
56.722676354166296,1,17.11033465215861,2,1,3,2,0,0,0,0,0
68.03197507458324,0,19.764142923418635,1,2,1,3,1,0,0,0,0
55.34656519001096,0,28.45757927932665,2,1,2,3,0,0,0,1,0
40.33091746671042,1,23.256774545414338,0,0,1,4,0,1,0,0,0
45.813656636486975,1,25.58978651601644,0,3,3,9,0,0,0,0,0
25.314719597654317,1,30.32709019575879,0,1,3,9,1,0,0,0,0
85.40225674063589,1,18.988954761900224,0,0,3,2,0,0,0,1,0
67.9413188792903,1,22.92878672049023,2,1,2,2,1,0,0,0,0
42.548942573061446,0,22.38563593313028,0,1,1,6,0,0,0,0,0
50.7723272590435,0,26.777012682639334,1,1,2,5,0,0,0,0,0
45.4468528869035,1,28.864440891359962,1,1,3,5,0,0,0,2,0
78.13820817061176,0,17.59866271550609,1,1,2,7,1,0,0,1,0
33.701842535936066,1,24.97231820416865,1,0,3,9,0,0,0,0,0
56.71714088228169,0,29.346645520231057,1,1,1,1,0,0,1,0,1
53.37208236152728,0,15.726067742695824,1,2,3,5,0,0,0,0,0
67.40257946063672,0,24.678037792801966,2,1,2,5,0,1,1,0,1
53.439861584129574,1,18.92107779608386,0,0,3,5,1,1,0,1,0
28.626866850168472,1,21.792165482252337,0,1,2,9,0,0,0,0,0
51.233232480363384,0,15.0,1,3,1,6,0,1,1,1,0
40.417566730850126,0,31.963670593775134,0,2,2,8,0,1,0,1,0
56.19369319834841,1,23.220854362982436,1,1,3,8,0,0,0,0,0
76.5126555478049,0,20.964040679820428,2,0,1,6,0,0,0,0,0
28.90862133651583,1,26.64133522728575,2,1,3,6,0,0,0,0,0
42.996658969001444,1,19.788448836563752,2,0,0,10,0,0,0,0,0
46.709605693247546,1,19.31377735559353,0,1,0,8,0,1,0,0,0
49.27553356880183,1,32.551645849068635,0,2,1,1,0,0,1,0,1
66.10188496157866,0,34.043315141634,2,1,3,9,1,0,0,0,0
52.39683373657919,1,22.039681638587588,2,0,1,9,0,0,1,1,0
61.23704088580668,1,30.336773549580897,1,1,2,8,1,0,1,0,1
45.61340434402335,1,26.78020221994043,2,2,2,4,0,0,0,0,0
58.44886518126906,0,17.930843541448255,2,1,1,1,1,0,0,0,0
66.66696446316573,1,20.359340530751076,1,2,1,2,0,0,0,1,0
44.015506753943676,1,32.755498995984674,0,0,0,1,0,2,0,0,0
66.72037179709773,1,17.866024835879116,1,2,2,3,0,0,0,1,0
55.78559153091353,0,36.40499669037429,2,1,1,9,0,0,0,0,0
70.68190360723379,0,22.143189120441104,0,1,1,6,0,0,0,1,0
51.978701498845396,1,32.904074531466165,1,1,3,5,0,0,0,1,0
60.718669827431484,1,23.472181026785815,1,1,3,8,0,0,0,0,0
54.39090652482205,0,28.999517957505756,0,1,2,10,0,0,0,2,0
53.55681606939132,1,31.975165700603444,1,0,2,3,0,0,0,1,0
58.88395642338535,0,31.94976908840505,0,0,0,10,0,0,0,2,0
63.05211203837356,0,22.07817234603515,2,3,2,3,0,0,0,0,0
36.25652632113992,0,20.713059500504368,2,1,3,5,2,1,0,2,0
76.50450413226817,0,24.593939951244323,2,0,3,1,1,0,1,0,1
27.105054391753022,0,18.497601894830108,0,2,0,7,0,0,0,0,0
44.72781835391656,0,26.19632087805279,0,0,0,3,0,0,0,1,0
53.58596393852649,0,20.896016738612424,2,1,3,2,0,0,0,1,0
61.18533953628922,1,30.413548867714578,0,0,0,7,0,0,0,2,0
78.64258791612068,1,22.149437918909307,0,3,2,1,0,1,0,0,1
27.125627676623388,1,16.2887051525999,0,1,0,1,0,1,0,1,0
47.38458807415434,0,32.00457388084648,1,2,3,9,0,1,1,2,1
23.09749768301102,0,25.916840016659318,0,1,0,7,2,0,0,1,0
55.47432960865372,1,25.145674452100366,1,0,2,3,0,0,0,1,0
59.075253767500456,1,30.471973924731046,2,1,0,5,0,0,0,1,1
78.86193613256879,0,29.357882511490786,1,1,0,2,0,0,0,1,1
56.80952141340181,0,21.190732279947873,2,3,2,5,2,0,0,0,0
70.66037694163569,1,22.751091969869197,0,2,0,9,0,0,0,0,0
63.757556223085885,1,19.43522374970331,1,2,0,10,0,0,0,2,0
48.47127704492247,0,17.677739724375925,0,1,0,5,1,0,0,1,0
33.86558879811941,1,27.892962674576946,2,1,0,1,1,0,0,0,0
59.12503447437716,1,26.960921550208408,2,1,3,8,1,0,0,1,0
32.61846974281954,1,28.804146057612584,0,1,1,6,2,0,0,0,0
74.42810609004466,0,31.408027207479712,0,2,3,2,0,0,0,0,0
52.56906846944764,1,28.872373974628363,0,2,1,6,0,1,0,0,0
72.92766117267125,0,29.31729738152629,2,2,0,9,0,0,0,0,1
47.79678348801401,1,15.0,1,0,2,3,0,0,0,2,0
59.03276179601488,1,23.46507379037503,2,2,0,5,0,0,0,2,0
58.14023286002033,0,29.822882473349935,0,1,2,7,1,0,0,1,0
54.324338229836144,1,19.158956318973917,1,1,0,10,1,0,0,0,0
48.51010729905112,0,25.45835691418882,1,1,2,2,0,0,0,0,0
60.8868402770578,0,27.59732220306753,2,2,3,1,2,0,0,1,1
41.107551047751876,0,27.214267469192432,0,1,3,5,0,1,0,1,0
36.85847006561412,1,26.8439815397915,0,0,2,4,0,0,0,0,0
73.6424033999024,0,27.994563595227877,2,1,2,9,0,0,1,0,1
65.90751983338151,1,25.903719474641097,0,3,0,10,0,0,0,1,0
55.9883741290336,0,17.685358963044933,1,2,2,4,0,0,0,0,0
79.97713573815672,0,27.534777677017466,1,0,3,7,2,0,0,0,1
50.98351721912733,0,26.42373280276872,0,2,1,5,0,0,0,2,0
74.8405482998347,1,17.751257745722732,0,0,2,5,0,0,0,0,0
57.633611273887325,0,31.898676055432855,2,1,2,6,2,1,0,0,1
39.62873874885415,0,27.6691884987402,0,1,2,8,1,0,0,0,0
82.72060287656275,0,18.09825839511271,0,1,2,4,0,0,0,0,0
69.86066269936128,0,20.91387418013925,2,0,1,9,0,0,0,0,0
53.18468453485654,1,22.1797397912691,2,2,2,6,0,0,0,1,0
65.90756889300924,1,22.176182805996756,2,2,0,8,0,0,0,1,0
48.9444484900314,0,26.465250944092208,2,1,2,4,2,0,0,0,0
67.43723552589313,0,20.118241244708692,2,0,0,9,1,0,0,1,0
20.0,1,30.640683735609674,2,0,3,9,0,0,0,0,0
39.70297999458109,0,30.229017256839956,2,0,3,1,2,0,0,1,0
69.68889616430444,1,28.096586547997948,2,0,2,1,0,0,0,2,1
51.25516692671621,0,25.221208876969254,1,2,0,7,1,0,0,0,0
58.113134423331125,0,29.687237575757685,1,1,3,3,0,0,0,0,0
34.798215068268476,1,23.620261385979955,2,0,3,7,0,1,0,0,0
82.71800493553155,1,21.377555693083956,1,0,2,1,0,0,0,1,1
72.85794465576515,0,30.950548228098704,2,3,3,1,1,1,0,0,1
51.98972172437006,0,26.587713785095048,0,1,0,7,0,0,0,1,0
48.929562147050106,0,21.57971179709304,2,1,2,4,1,0,0,0,0
70.44406542129539,1,22.911288164792104,1,1,2,2,2,0,1,0,1
84.73705675253392,1,21.31786008117366,0,0,0,5,0,0,0,0,0
69.30640383717031,0,35.110874294143024,2,3,2,5,1,0,0,1,1
87.57704001094902,0,25.02049218725262,0,0,2,4,0,0,0,2,1
41.16473006407123,0,25.788856556268343,0,2,0,9,0,1,0,2,0
42.70919754251814,0,28.606095239309703,0,0,2,2,1,0,0,2,0
37.16588322919977,0,18.92319508696497,0,1,0,4,0,0,0,1,0
61.62640974474219,1,30.482736331431116,0,2,2,2,2,0,0,0,1
57.63405324706555,0,21.960769346060736,1,2,2,10,0,1,0,0,0
52.720733147920214,0,34.150081430575746,2,1,0,4,0,0,0,1,1
67.13887942184948,1,23.436706349927036,1,1,2,6,2,0,0,0,0
73.48492907821996,0,30.188200073815928,1,0,1,5,0,0,0,0,0
32.11506386069737,0,15.0,2,3,2,10,1,0,0,0,0
46.045419581483266,0,19.12433461957015,0,2,1,10,0,1,0,0,0
67.30215391184589,0,23.53196420501187,1,1,1,6,0,2,0,0,1
47.98391974212127,1,15.0,0,1,1,2,0,1,0,0,0
43.02690885462769,1,28.00442224420702,1,0,3,1,0,0,0,1,0
70.27806141475592,0,26.564790627181246,0,2,0,5,1,0,0,0,0
35.6574989541403,0,20.045861750700613,2,1,0,3,0,2,0,0,0
50.47630288313343,0,24.920206850677506,0,1,0,3,0,2,0,0,0
59.929660387072126,1,29.032386149615625,1,3,0,10,1,0,0,0,0
46.39270129134822,1,15.0,0,0,0,5,1,0,0,0,0
66.74733484019762,0,18.632554918826717,1,0,0,3,1,0,0,1,1
46.466845372039465,0,23.324558503883278,1,1,0,6,0,0,0,0,0
76.12929240168879,0,25.11861813316238,0,0,1,7,1,0,0,1,0
53.11380553756341,1,24.70694289199228,0,1,0,6,0,0,0,0,0
65.0690520505803,1,29.446473927178552,0,1,0,10,0,0,0,0,0
66.19035929474225,1,27.386056228276985,2,0,2,8,0,0,0,0,0
45.58689995883891,0,28.483174202855295,0,0,2,4,0,1,0,0,0
24.19770177016167,1,18.050621335978175,2,0,2,6,1,0,0,0,0
60.41133631995752,1,25.7241192739969,1,0,2,3,2,0,0,0,0
56.08432520687304,1,23.464287453810282,0,0,1,10,1,0,0,0,0
63.337390413626906,0,32.310359408343835,0,0,2,7,0,0,0,0,0
51.60208791425743,1,25.8719781868895,2,1,3,6,0,0,0,0,0
48.54358451798926,0,21.654730326419855,1,2,2,6,0,0,0,0,0
85.12709516472549,1,29.2625063797752,0,0,0,3,0,0,0,0,1
32.91468907733834,0,27.81648897932324,2,1,2,1,0,0,0,0,0
66.00925717546357,1,20.891991636797602,2,0,2,2,2,0,0,0,0
46.38097212724914,1,23.257551486154124,0,1,1,10,1,0,0,0,0
49.96332073389367,0,23.342767701958195,1,2,2,10,0,0,0,2,0
50.24345751139052,1,31.137305461397688,0,1,2,3,0,0,0,1,0
42.94848588743115,0,26.01620936939221,0,0,0,1,0,0,0,0,0
63.568363153543594,0,28.63391239280086,0,1,1,8,0,1,1,0,0
75.85965393924936,0,22.533641394349587,2,2,3,9,0,0,0,1,0
62.05020491869992,0,26.674001455697205,1,1,2,7,0,0,0,0,0
56.55072994318142,1,31.51680451464829,1,0,0,7,1,0,0,0,0
40.203392513511304,0,23.194616173746763,0,3,2,3,0,0,1,1,0
62.75237898736676,1,25.57577401918888,1,1,3,9,0,0,0,1,0
87.34524447593948,1,18.183468718811966,0,2,3,9,0,1,0,0,0
49.28958064307361,1,21.172209550449864,1,0,1,5,2,0,0,1,0
49.36024630972201,1,23.327785540010886,0,1,2,7,0,0,0,1,0
46.58366303528504,0,19.695803455241396,2,1,2,1,0,0,0,1,0
47.65878648258369,1,31.609868387609232,0,1,2,6,0,0,0,2,0
20.0,0,20.809964898792437,1,0,2,10,0,0,0,0,0
61.07553078783569,1,28.933992960586227,1,1,0,1,2,0,0,0,1
42.31671735468079,1,25.934181187657384,2,1,3,10,0,0,0,0,0
30.846053218122996,1,25.154259742552316,2,1,3,6,0,0,0,1,0
66.29784924598823,0,32.430818224825785,0,1,1,6,1,0,1,0,1
38.76973322437096,1,15.0,1,1,0,7,0,0,0,0,0
49.91996419174364,1,24.018975515884474,0,1,2,7,0,0,0,1,0
76.9966358678287,1,19.59809831717279,0,0,1,10,0,0,0,1,0
33.8617630296323,0,15.192897954334812,2,1,2,3,1,0,0,0,0
32.01102648103357,1,19.02634133121154,0,0,1,7,2,0,0,0,0
59.039592843435074,0,25.086187675015353,0,2,1,10,1,0,0,0,0
72.24231046015552,1,21.373264353967773,0,1,3,2,0,0,0,0,0
31.384874234020554,1,29.483067949125743,1,1,2,2,1,0,0,1,0
61.115346052557655,0,23.93077076029335,2,3,0,1,0,2,0,0,1
63.714993099425385,0,23.376308226395285,0,0,2,2,2,1,0,0,0
24.112592744615196,1,23.398595247469537,1,1,2,2,0,0,0,0,0
66.9775200686083,0,24.507527969352306,1,1,1,9,0,0,0,0,0
68.1490881976327,0,22.907607325286236,0,3,3,3,1,0,0,1,0
50.32321640115963,1,20.743731512179185,1,2,1,1,0,0,0,0,0
73.78519543447013,1,29.94592441988018,1,2,3,2,0,0,0,0,1
72.04683361487268,1,21.87952474805527,0,0,1,10,0,0,0,0,0
56.54676888575807,0,23.08236691826907,2,0,2,8,1,0,0,0,0
48.228319145125994,0,27.147025400451554,0,0,2,10,1,0,0,2,0
40.407581611255644,1,26.593706230786264,0,1,3,2,1,1,0,0,0
54.43654735950713,1,20.53280968826975,2,1,1,4,0,0,0,0,0
63.54638379556268,1,28.774909720553733,2,1,0,9,1,0,0,1,0
50.137347084390385,1,27.688351699192022,2,1,3,9,0,0,0,2,0
22.03748492106955,0,25.88987417093627,1,2,0,7,0,1,0,2,0
74.03070841864856,0,22.84341574709254,1,0,3,1,0,0,1,0,1
57.85334832767341,1,22.966346547392956,1,3,0,10,2,1,0,0,1
49.305632549847495,1,23.991014484991954,0,0,2,5,0,0,1,2,0
67.85737582634933,1,18.840840294361172,2,0,2,5,1,0,0,2,0
77.86957894724134,1,24.80365775701522,1,2,1,2,2,0,0,0,1
20.0,1,29.460510202234996,2,1,3,7,0,0,0,0,0
61.513954748831075,1,29.381855949170117,1,3,2,1,1,0,0,1,1
33.60026183784479,0,23.095741143617737,0,1,1,1,0,0,0,0,0
62.48665760198412,1,30.320416363627682,1,3,1,10,0,1,1,0,1
56.91890803561869,1,34.529522772647226,0,0,0,1,0,0,0,0,0
64.53589789660825,0,23.418962323685864,2,1,2,10,0,0,0,1,0
47.511285782580174,1,28.457573532160843,1,3,1,7,0,0,0,0,0
26.90139832271272,0,15.0,0,1,1,4,0,0,0,0,0
48.24447713114998,1,18.709266359090044,2,0,3,4,0,1,1,1,0
61.102714527096744,0,25.4556051466676,2,0,1,9,0,0,0,1,0
70.23088493012835,1,19.966334687408057,2,2,3,4,0,0,0,2,0
37.422530492912124,1,35.19601022361224,0,1,3,8,0,0,0,0,0
70.40590640309526,1,27.989398436482766,2,1,3,1,0,0,0,0,0
45.28191565530218,1,29.829158234290652,2,2,0,3,1,0,0,0,0
60.436748223917895,1,24.854867969197066,1,2,3,1,0,0,0,0,0
47.35159070701551,0,19.98395990068174,0,1,1,1,0,0,0,0,0
57.73255941568153,0,22.405948589125597,2,2,1,3,0,1,0,0,1
68.37816451855412,1,26.2719023981318,2,1,3,4,0,1,0,0,1
36.59478884067197,0,21.810423307954945,2,1,1,6,1,0,0,0,0
44.80141154879753,0,28.355959958636,0,0,2,3,0,0,1,0,0
57.7744388101313,0,28.55707484602319,0,0,1,8,0,2,0,1,0
90.0,0,25.024906519697943,1,2,1,8,1,0,0,1,1
42.05215431749758,1,15.871824564915002,1,1,2,3,0,0,0,0,0
85.60200828995379,1,33.573924668329795,1,1,3,3,0,0,0,0,1
85.06634955512756,0,23.936635716552413,0,1,1,6,0,0,0,0,1
53.540332739476135,1,38.546383242355176,0,1,1,1,0,0,0,0,0
50.5277121070015,0,28.262678481760975,0,0,0,1,2,1,0,2,1
44.619022020029625,1,23.950224616339714,0,2,1,5,0,0,0,0,0
53.97696204500996,0,27.23910938249002,1,1,1,10,0,0,0,0,0
33.89920851160663,1,15.0,0,2,0,7,0,0,0,0,0
53.856414740191035,0,30.13071201617983,1,1,2,1,1,2,0,1,1
77.45320410776284,0,37.834706187647384,2,1,0,2,2,0,0,1,1
45.833724062849235,1,15.0,0,1,2,9,1,0,0,2,0
51.38913544016424,0,23.56295495087146,2,0,0,1,0,0,0,0,0
29.482892885991372,1,24.47330938604237,2,0,3,3,1,0,0,2,0
60.61093132196565,1,29.37614314581532,1,0,1,8,0,0,0,0,0
58.96722527427061,0,35.52987837082768,2,3,0,2,0,0,0,2,1
55.95553539648656,1,26.914410612977825,0,2,3,10,0,0,1,1,0
51.74759424666785,0,35.70895912107764,1,1,1,7,0,0,0,2,0
50.60863121841318,1,25.852162384423313,0,0,3,2,0,0,0,0,0
62.52850350551008,1,27.25711909398115,1,0,1,3,0,0,0,0,0
54.56775097617065,0,26.641177830801276,1,0,2,10,1,1,0,2,0
59.72457807332998,1,31.10149891502543,1,3,1,9,0,0,0,0,0
58.22474226181822,0,22.888394709448985,0,1,2,4,0,0,1,1,0
71.85140930643642,1,29.091433793807546,0,2,1,7,0,0,0,2,0
65.15491146062581,0,18.846016968717866,1,1,1,6,1,2,0,0,1
57.89292764725286,0,23.577479476742955,0,1,2,7,1,0,0,0,0
77.7763304597827,1,21.81628188530596,2,1,1,7,1,0,0,1,1
61.304027935848424,0,25.43980779308971,1,0,2,2,0,0,0,0,0
74.57444033185628,1,23.419601252981092,0,1,2,1,0,0,0,0,0
64.10413912579956,1,30.660668462284875,0,2,2,10,0,0,0,0,0
27.371213816026856,1,20.606659524141786,0,1,1,6,0,0,0,0,0
74.57252144978995,1,16.343420320944936,1,1,0,7,0,0,0,0,0
57.02764362014004,1,18.213580901442214,2,1,2,2,1,0,0,0,0
54.22067843648833,0,29.970840231506596,0,1,3,2,0,0,0,1,0
59.22022521234366,1,20.152213283418888,2,1,2,9,2,0,0,1,0
49.82525257064399,1,26.989222077603543,2,0,2,5,0,0,0,0,0
58.40543290583418,0,23.526062483759603,0,3,2,7,0,0,0,0,0
46.12185900485361,0,29.121220273766276,2,0,2,1,0,0,0,2,0
74.11408388101555,1,23.84617147441695,1,1,3,4,0,0,0,0,0
53.29617829568424,1,38.82174258058568,2,0,0,2,1,0,0,0,1
49.2612423591635,1,34.490585079092526,1,0,0,5,1,0,1,0,1
41.12611276421089,1,23.423949097971537,0,1,3,1,0,0,0,0,0
59.03163683722962,0,22.73932705452507,2,3,1,10,2,0,0,1,0
57.80660650187638,1,40.0,0,2,2,7,1,0,0,1,1
60.82636920516259,1,19.605745193357052,2,0,2,2,2,1,0,1,1
39.591221687423065,0,24.724882260408254,0,1,2,3,0,1,1,2,0
30.982282017826407,0,25.112244598527138,1,0,2,5,0,0,0,0,0
64.3838695375984,0,24.98831051092713,1,1,1,9,0,0,0,0,0
77.26962792814761,1,16.306441397347367,2,0,2,10,0,0,0,1,0
39.604695664151556,0,27.483012048379702,0,2,2,4,0,0,0,1,0
78.84161925342548,0,20.148249543038414,1,0,3,8,1,0,0,0,0
59.258665881045715,0,32.17994562084535,1,0,0,8,0,1,0,0,0
54.89405643173755,0,17.720174787826892,2,2,1,10,0,0,0,1,0
49.03676955181333,0,25.297329636877382,0,3,1,4,1,0,0,0,0
34.23222970862505,1,15.0,0,0,2,4,0,0,0,0,0
69.815927738869,0,15.0,1,0,1,2,2,0,1,0,1
43.36590457843595,1,20.803240208536835,0,2,1,8,0,0,0,0,0
43.30289986393599,1,21.50894958831486,2,1,0,1,1,0,0,0,0
69.87889464830432,1,32.32863206494717,0,3,3,5,0,0,0,0,0
26.7552482999241,1,24.79704081869051,2,1,1,8,1,1,0,0,0
32.1460328399775,0,31.46203450455777,1,0,1,6,0,1,0,0,0
54.727986347378774,0,23.101067026616615,0,0,2,10,0,0,0,0,0
59.39926643507278,0,28.030425914401658,1,1,0,4,0,0,0,2,0
62.271019719533854,1,21.372623415405496,2,2,1,9,2,0,0,1,0
50.47302259905621,0,21.032634654506992,1,2,2,3,0,0,0,1,0
90.0,1,15.895749305410527,0,3,2,9,1,0,1,0,1
51.58161161851249,1,26.678769969256372,0,0,2,1,1,0,0,0,0
51.53820771845917,1,26.310417073500748,2,2,1,4,0,1,0,0,0
43.04519996779184,1,28.88656443642926,0,2,1,10,2,0,0,0,0
56.858602247816066,1,26.074591435706978,2,2,3,3,0,0,0,1,0
64.22441848070162,0,35.130979885969836,1,1,0,2,1,1,0,0,1
73.0536708180019,1,25.880138183387547,1,1,2,4,1,0,0,0,1
32.66073603339673,0,29.959133571690604,1,1,3,4,0,0,1,0,0
51.31006992466449,1,23.379454585004485,1,1,1,9,2,0,0,0,0
61.700554162137166,1,20.457649828493054,2,0,0,10,0,2,0,0,0
63.80586301891803,0,28.588475850933182,1,1,2,6,1,0,0,0,0
55.09822986706809,1,24.554260060898294,0,2,1,6,2,1,0,0,0
63.13635954298152,0,29.160215229648102,1,0,3,6,1,0,0,1,0
42.865541606113,1,26.764682709223404,1,1,1,6,0,2,0,0,0
78.36858148477535,1,21.03493336604922,2,1,1,8,0,0,0,0,0
69.88942154469144,1,30.371689388385143,2,2,3,4,0,0,0,0,1
34.82608319402242,0,20.644050231076662,1,1,1,1,0,2,0,0,0
38.873454278248666,0,28.126631316477525,0,1,3,3,0,0,1,1,0
39.296173748396406,1,31.408055557629265,1,1,1,8,1,0,0,1,0
65.16954956344793,1,23.077025807924212,2,0,3,1,1,2,0,2,1
35.729083503737996,0,30.779972268361576,2,0,1,5,0,1,0,0,0
50.03463498687879,0,26.988084170265964,2,0,1,2,0,0,0,0,0
61.82056594625162,0,29.259718891981315,0,0,1,10,0,0,0,0,0
54.00751098180348,1,20.81622154448707,1,1,1,4,0,0,0,0,0
58.88331273569059,0,26.07150116026874,0,3,1,3,0,0,0,1,0
39.01295932976863,0,17.95959344987748,0,1,1,1,0,0,0,0,0
63.92281560095867,1,33.55650257655232,0,3,2,5,0,0,0,0,0
45.80182161286005,0,15.0,0,1,3,9,0,0,0,1,0
50.130704884030884,1,23.22624090185575,0,0,3,3,0,0,0,0,0
58.56597591858979,0,20.341457029001887,0,0,2,1,0,0,0,1,0
56.54617332296272,0,28.37350207601119,0,2,0,1,1,0,0,0,0
55.35970028523389,1,34.61972972964959,0,1,1,1,1,0,0,1,1
43.74059767034866,0,28.274575493437627,2,0,0,4,0,0,0,1,0
50.50675883201212,0,39.806418484756755,0,1,0,5,0,0,0,1,0
55.03275386255554,0,18.1102991172058,2,2,2,8,0,1,0,1,0
34.37372150249372,0,18.494079337357174,0,0,2,10,0,0,0,0,0
48.06200550529932,1,20.534428841923,2,2,3,7,1,0,0,1,0
60.8151981854927,0,25.606223476479528,0,0,3,10,1,0,0,1,0
35.83845094231986,1,19.86538812358375,0,1,2,4,0,0,0,1,0
72.3487247739136,1,21.241686228474872,1,1,3,2,1,0,0,2,1
74.04419893899764,0,28.10241761963644,2,1,1,2,0,0,0,0,1
36.32274136059871,0,18.80414058443091,0,0,3,2,1,1,0,1,0
75.36429449575209,1,19.33401993514949,0,0,0,1,0,0,0,0,0
52.84627616931798,0,23.00730623504964,2,2,0,6,0,0,1,0,0
61.27771838735582,0,23.477784645803396,0,0,2,4,0,0,0,1,0
47.5502342180763,0,30.05007858610658,0,1,0,3,0,0,0,0,0
68.84567240840143,1,20.496801260109397,2,2,0,1,1,0,0,1,1
61.09141028273001,1,21.398600079395514,2,2,0,7,1,0,0,1,1
42.78770115103595,0,27.908350581395034,0,0,2,9,1,0,0,0,0
37.52197000052067,1,29.00697161891691,2,1,3,4,0,0,0,1,0
33.09546347186166,1,32.14362233563294,1,1,1,1,0,0,0,1,0
57.81912664649135,0,27.34560177432377,0,0,3,3,0,0,0,1,0
63.587071176696035,1,25.651820299809135,2,1,3,9,2,0,0,1,0
64.76448518169163,1,27.87519203373077,1,0,1,1,0,0,0,0,0
53.230283580889335,1,23.662935970557264,1,1,2,1,1,0,0,2,1
37.64505316503454,0,23.626162028122607,2,2,3,5,0,0,0,2,0
44.768878029643254,1,16.129448438606232,0,2,3,5,0,0,0,0,0
72.28522958442889,1,29.46707978344667,1,2,1,8,1,2,0,0,1
47.73057153099878,1,26.057294725258735,1,1,1,1,1,0,0,1,0
57.151264460222144,1,28.885196331841527,0,3,3,8,0,0,1,0,0
38.86524274637669,0,15.0,1,1,2,2,0,0,0,2,0
60.04874568188552,1,24.76449146053227,1,1,0,1,0,0,0,0,0
48.134731574813834,1,20.72059246811184,2,2,1,8,2,0,1,0,0
70.70069070663645,0,32.506812524101164,2,0,2,10,0,0,0,1,0
66.6033655931022,0,28.071084577419146,1,0,0,2,0,0,0,0,0
47.5644108013765,0,26.1711770540528,0,2,2,5,0,0,0,2,0
53.10003958978505,1,22.840335153294877,1,2,2,10,0,0,0,0,0
46.73325639939057,1,26.986041550658232,0,0,1,6,0,1,0,0,0
33.70850205182485,0,20.359071853109477,0,2,1,3,0,0,0,1,0
42.13836355679175,0,24.50137326157117,1,1,3,9,0,1,1,1,0
57.9732599158123,1,22.1081830650629,1,2,2,9,0,0,1,0,0
59.87889247344373,1,36.33244827490846,1,0,2,8,0,0,0,0,0
57.22821855388958,0,32.3497387809542,2,3,2,7,0,0,0,1,1
50.47400419062046,0,30.315237419914155,0,2,1,5,0,0,0,2,0
68.99599908581479,0,17.54844488922921,0,1,2,10,0,0,0,2,0
55.95312856841406,1,29.320785561420266,1,2,2,2,2,1,0,0,1
65.54880742143921,1,25.93833337570969,1,2,0,3,0,1,0,0,0
28.393373016962222,1,31.117300697580728,0,1,0,5,0,0,0,2,0
20.0,0,26.611975475634697,0,3,1,8,2,0,0,0,0
59.256820417571205,1,24.966411669808483,0,3,1,1,0,0,1,1,1
33.62851519417766,1,26.168921481682794,2,0,3,1,1,0,0,2,0
51.81322445930416,0,15.971833541887277,2,0,0,7,0,1,0,0,0
50.46854438463092,0,21.162983639161013,0,1,1,1,0,1,0,1,0
78.81100903623306,1,26.86667769351636,0,1,3,3,0,0,0,1,0
60.999948294154095,1,30.696941792032913,0,0,2,8,1,1,0,0,0
57.487885401980094,0,22.247534418439407,0,0,2,9,1,1,0,2,0
67.5548673195051,0,24.795965600680333,0,3,2,5,0,1,0,1,1
60.52746380258558,1,16.99503777662305,0,2,0,6,0,0,0,2,0
48.134845105173504,1,32.2965540667688,1,2,3,8,0,0,0,0,0
71.0721389538184,1,30.568708661165605,0,3,0,3,0,0,0,0,1
38.35374808167589,0,28.260513092835993,1,1,0,1,0,0,0,0,0
59.848707813003436,0,27.03403093815445,0,1,1,9,0,0,0,1,0
31.786453087955334,0,32.76274532573399,2,0,2,2,1,0,0,0,0
58.05915786273992,1,20.974945043426416,2,1,1,9,2,0,0,0,0
57.894844626593944,1,20.434192218366707,1,0,0,2,0,0,0,2,0
80.14682442871994,1,30.307598931282143,0,0,0,8,1,0,0,0,0
31.52539159837331,0,29.971566908540623,0,0,1,3,1,2,1,0,0
45.98669236219281,1,19.03252206955424,0,1,0,9,1,1,0,0,0
67.34023639861216,1,22.343200592115668,0,3,1,10,0,0,0,0,0
60.02975884595962,1,33.44546565538695,1,0,0,4,0,1,1,0,1
57.70457577006255,1,27.05833664107952,1,1,1,8,0,0,0,0,0
40.65796445562191,1,28.93580759009086,0,1,1,4,0,1,0,0,0
46.13772477862857,1,19.204767287353217,2,1,2,3,0,1,0,0,0
73.67561512334885,0,28.28322262268589,0,3,1,1,0,0,0,0,1
54.22736209369108,1,17.902292271145598,0,0,1,4,0,0,0,2,0
60.6303954421671,0,15.100893171996574,1,0,3,2,2,0,0,2,0
53.272175068352816,1,28.63411980090434,0,1,3,9,0,0,0,0,0
37.25371727125352,1,32.172225848172445,1,1,2,2,0,0,0,2,0
69.00715639112495,0,23.73106962125416,2,0,1,8,1,0,0,0,0
62.548485767987444,1,22.26724659072771,2,0,2,10,0,0,0,0,0
89.58455256050783,1,33.55424328123185,0,2,1,10,1,0,0,0,1
39.766279305241824,1,24.02608315442696,1,0,0,7,0,2,1,1,0
67.33859381800721,1,24.671156382213702,1,1,1,6,0,0,0,0,0
35.32684050944498,1,33.469786132201676,2,3,3,4,2,0,0,0,0
57.360198515096165,1,23.23207593485895,2,1,2,3,0,0,1,2,1
69.64759883594746,0,21.72986195327567,0,1,1,10,0,0,0,2,0
23.917973258552696,0,29.07754112068544,2,1,3,5,0,0,0,0,0
51.92601288637588,0,21.44071922810442,0,1,1,2,0,1,0,0,0
46.551853989360694,1,24.27699230938909,0,2,1,2,1,0,0,0,0
44.470640525573174,0,18.404206991439004,0,2,2,8,2,0,0,0,0
60.77818978389031,1,25.926985441882564,0,1,2,3,0,0,0,0,0
71.81028559633893,0,25.340487436015465,2,2,1,7,0,1,1,1,1
53.00081927156267,1,29.84010137361572,0,0,1,6,0,0,0,0,0
58.0822964134003,0,29.286282683308656,2,0,1,8,2,0,0,0,0
56.714631295888715,1,27.75759004234791,2,2,2,3,0,2,0,2,1
55.02705259534621,1,26.971278463905065,2,0,0,1,0,0,0,1,0
38.659860434318404,1,24.633729431238294,0,2,2,6,1,0,0,2,0
71.6266690258434,1,28.047779844979015,2,1,0,6,0,0,0,0,0
59.42793052238254,1,19.438339131655063,1,1,1,8,0,0,1,1,0
60.923222350038664,1,15.0,2,2,1,10,0,0,0,1,0
42.902355564616265,1,30.809588356064467,0,2,3,3,2,0,1,1,0
48.11169403016139,0,28.37080231123957,1,2,2,9,0,0,0,1,0
52.35798703433832,1,24.365067828600427,2,1,2,6,0,0,0,1,0
31.98812959826723,1,30.37279304222993,2,1,2,1,0,0,1,1,0
29.679485122034826,0,21.342512915267363,2,3,3,3,0,1,0,1,0
45.988781040421486,1,21.47253733958425,0,2,0,4,0,0,0,0,0
62.83781149663585,1,20.779311381529162,0,1,2,3,0,0,0,0,0
45.202939151050884,1,27.838109875579423,1,2,2,6,0,0,0,0,0
39.7179220361393,1,17.085209613926235,0,2,2,7,0,0,0,0,0
42.779715201434946,0,21.165191966089793,0,1,3,2,2,0,0,1,0
48.16986365282031,0,26.448575116180677,0,1,2,6,1,0,0,2,0
49.69211555769844,0,18.979244620386943,2,1,3,4,2,0,0,0,0
87.48282178309836,0,21.698447971694073,2,0,0,1,2,0,0,0,1
70.81930942730978,1,15.0,0,0,1,2,1,0,0,0,0
70.37161168422593,0,28.029033247007686,0,2,1,5,0,0,0,0,0
72.52870546410072,1,21.560824033288608,0,1,3,9,1,0,0,0,0
40.01768695998926,1,19.50359374929423,1,0,1,5,0,0,0,1,0
36.66453077519141,1,18.524886370207124,2,1,2,8,0,0,0,0,0
38.39694562698915,0,22.908932438974503,0,0,1,10,1,0,0,0,0
75.01759200006757,0,17.0992220655428,1,2,3,2,0,0,0,0,0
46.792123166762636,0,34.71189838574334,0,1,1,5,0,0,0,0,0
36.2296572664107,0,15.0,2,1,2,1,2,0,0,1,0
48.53505699670281,1,22.74690425106755,2,0,2,2,0,0,1,0,0
51.42091702428059,1,25.534534646456276,2,2,1,3,0,0,0,0,0
59.026199105418435,0,21.123104979317226,0,3,2,8,0,2,0,0,0
58.76426531068064,1,26.060658686465576,1,2,0,10,0,0,0,0,0
42.57729154189738,0,21.001992125269194,0,1,3,3,1,0,0,0,0
65.28484588770567,1,32.65047231836574,1,2,1,4,1,0,0,2,1
45.412096993747625,0,19.405614929451115,0,0,2,4,0,0,0,0,0
52.65585494942435,1,15.0,2,0,1,9,0,0,0,0,0
65.30161105755033,0,18.507500747733392,1,1,0,4,1,0,0,1,0
45.37267894083488,0,26.932473874068563,1,0,1,9,2,0,0,1,0
46.45972864628294,0,24.410378102255677,2,0,2,8,0,0,0,1,0
63.87502074539697,0,28.760664539910582,1,1,2,4,0,0,0,0,0
42.13400235092471,1,27.508723083554834,0,1,1,3,0,0,0,1,0
49.22811964593894,0,21.81859825137398,1,2,3,2,0,0,0,2,0
63.33613267064339,1,22.554582531022266,2,0,1,8,0,0,0,1,0
85.81138662153963,1,23.07335612173387,1,3,1,8,0,0,0,0,1
64.0810675714412,1,34.42173041748326,1,1,0,1,0,0,0,1,1
62.08959644485017,1,28.454111573436847,2,1,0,7,0,0,0,0,0
62.96202375509094,0,34.458434495892526,1,0,1,8,0,1,0,0,0
38.902145888994255,1,29.20389686170907,2,1,0,7,1,0,0,0,0
56.73395108019862,1,24.68208302539224,0,3,1,3,0,0,0,0,0
54.553502674953975,1,19.903192565071677,1,2,3,4,0,0,0,1,0
59.82376810559134,1,26.00759835574372,0,0,1,5,0,1,0,1,0
56.74762078713806,1,24.695654138918847,1,1,1,1,2,0,0,0,0
60.69549516125669,0,24.53176357330893,0,1,1,10,1,0,0,1,0
50.327992076511975,1,23.95450461550375,0,0,0,3,0,0,0,0,0
55.87913376057689,1,15.0,0,2,1,6,0,0,0,0,0
36.58257150914512,0,31.30419908267328,0,1,2,3,0,0,0,0,0
50.201390829956296,1,24.747732553913412,0,1,2,5,0,0,0,0,0
75.86250322264965,0,17.92873441985679,2,0,1,4,2,0,0,0,1
59.78212509442384,0,27.408813545368226,0,0,1,2,0,0,0,0,0
54.68618443925385,1,20.72081915696736,1,3,2,4,1,0,0,0,0
83.4418491438152,1,27.810703114853915,0,0,2,4,0,0,0,0,0
34.58747532548381,1,29.408282302562302,0,1,1,3,0,0,0,0,0
38.35816666830671,1,30.09818245334659,2,2,1,8,1,0,0,0,0
80.69067116914408,0,24.195416366725897,2,1,2,6,0,0,0,0,1
55.68941404073401,1,22.931111359907415,2,1,2,1,0,0,0,2,0
51.361254455653096,0,21.87230819867665,1,1,3,9,1,1,0,2,0
37.01193512356535,0,21.387219557697517,0,3,1,3,2,0,0,0,0
61.71544399592518,0,24.913849678945414,0,2,2,4,0,0,0,2,0
63.16689804291194,1,23.9532846880413,1,3,0,10,0,0,0,0,0
38.58258458747656,1,20.873480920889172,2,1,2,10,0,0,0,0,0
52.89586621674358,1,19.281076230985477,2,0,1,7,0,1,0,0,0
49.96726251950401,1,24.45621953870709,0,0,0,5,1,1,0,0,0
58.839657196281564,0,22.829011910280848,0,2,2,4,1,0,0,1,0
38.21124636669035,1,19.293165133590673,0,1,2,2,2,0,0,1,0
73.77921181769736,0,29.152855067107037,2,1,1,5,1,0,0,2,1
68.73735672396407,0,33.86046375412624,0,3,2,8,0,0,0,1,1
49.552366619007756,1,29.812941069921123,1,0,1,2,0,0,0,0,0
51.753719325424434,1,21.39905994161978,2,1,2,1,0,0,0,0,0
52.95366774583576,1,24.748851577050317,2,2,0,6,0,0,0,0,0
43.32537170490245,1,32.702144758437306,0,2,2,1,0,0,1,0,0
48.348558726474465,1,19.131501786112537,0,1,2,9,0,0,0,0,0
50.94594448488086,1,28.91297563342613,2,1,1,8,0,0,0,1,0
79.19302556060691,0,17.75958395928005,1,0,0,4,0,0,0,0,0
69.19927462495656,0,33.42018813715664,2,1,1,7,0,0,0,1,1
69.01982061004935,0,22.848427376245052,0,1,1,10,0,0,0,1,0
60.54888419506585,0,36.14521862261906,2,2,1,4,0,0,0,0,1
38.240094866031484,0,33.64031899320915,2,0,3,6,0,1,0,0,0
54.37763343133931,1,24.46784745209306,2,2,3,10,0,0,0,0,0
69.5573268942007,1,21.402973134447947,0,2,2,7,0,0,0,2,0
36.12603055949069,1,25.97387735945457,0,1,1,9,0,0,0,1,0
64.54829810309897,0,24.09920516676718,0,1,3,2,0,0,0,1,0
89.8391383789415,0,22.992165182072036,2,1,2,10,0,0,0,0,0
70.92724968984598,0,16.709433727108514,0,2,0,8,0,0,0,0,0
76.21043703342981,1,22.427232081727066,0,3,1,9,0,0,0,0,0
58.27508125663241,0,19.447604391218803,0,1,2,4,0,0,0,0,0
69.51897923147484,1,27.75823853212618,2,3,0,8,0,0,0,0,1
44.232201784689465,1,29.955356582987122,2,1,0,10,0,1,0,2,1
66.93795718511839,1,28.703420019617983,2,2,1,5,0,0,0,1,1
64.81582201091145,0,26.711875448137537,1,0,0,9,0,1,0,1,0
59.348667610564945,1,20.735464664295492,2,2,0,2,1,0,0,0,0
74.74011129577747,1,26.02700386300955,0,2,0,1,0,0,0,0,0
46.91822743228917,1,28.96382571822188,2,2,3,10,0,0,0,0,0
52.19413725289506,0,22.06882212800135,1,2,2,6,0,2,0,1,0
56.43193062037445,0,25.59493210697503,1,1,1,4,0,0,0,0,0
39.55583543365899,0,24.272692053650385,0,1,1,6,0,2,0,0,0
58.40397915700372,1,33.311833348052424,0,0,2,7,0,0,0,2,0
29.216043805692294,0,29.257740676322623,0,1,1,9,0,0,0,0,0
70.70431801642314,1,28.04579805874196,0,1,0,1,0,0,0,0,0
55.69956049848949,0,16.416531330172823,1,0,2,3,0,0,0,0,0
47.18660644144355,0,25.864186633837917,0,1,0,2,0,0,0,0,0
42.48439581557318,1,24.22493285537715,0,1,1,5,0,1,0,0,0
51.48131455571219,0,24.181714447150636,2,0,3,10,1,0,0,1,0
65.3238956615862,1,17.1829326362918,2,1,0,8,0,0,0,0,0
63.21608468106341,1,19.56115688851215,2,0,2,5,0,0,0,0,0
44.41693079082309,1,24.659912560471085,1,0,0,8,1,0,0,1,0
42.309404910585485,1,30.571778890952306,2,2,3,3,0,1,0,0,0
64.85348059479472,1,22.047377150802884,2,1,2,10,0,0,0,0,0
44.164788930774556,1,23.000306364478664,1,1,3,1,0,0,0,2,0
55.898646611192554,0,33.90545997643104,0,0,2,4,0,0,0,1,0
56.85631963786415,1,23.51588805416082,0,1,1,3,0,0,0,0,0
59.680931975901075,1,24.3560523807321,0,0,3,8,1,0,0,1,0
67.87405645272807,1,24.423776089741295,2,0,2,8,0,1,0,0,0
36.055555946990154,1,18.272474267977447,1,1,2,8,0,1,0,2,0
26.332610121092685,1,27.858990617075573,1,2,1,3,2,0,0,2,0
46.488290781574726,1,21.735619407078307,0,0,1,8,0,0,0,0,0
82.0229261174828,0,24.84964691480131,0,0,2,6,0,0,0,1,0
85.33261150131068,1,27.22186482208899,2,0,1,8,0,0,0,0,1
82.46765703348831,1,34.71278794517696,1,1,3,9,0,0,1,1,1
52.105279483589655,1,18.411149777268783,1,0,0,1,0,0,0,1,0
28.268273770227566,0,29.324910925331118,0,0,2,1,0,0,0,1,0
20.0,1,29.34361628086984,1,3,3,4,0,1,0,0,0
45.78942757675883,0,21.808926136103633,2,0,0,1,1,0,0,0,0
52.028895547759596,1,27.99751924025991,2,1,1,9,0,0,0,2,0
74.50938101583938,0,33.217180756459456,0,3,0,9,0,0,0,1,1
68.01708189313669,1,21.17514395393779,1,0,2,7,0,0,0,0,0
58.41107618487431,0,26.207348985675775,0,1,1,2,1,0,0,1,0
41.65232843588288,0,27.024006819698926,1,1,3,4,0,0,0,0,0
40.58830662632665,1,27.67089427476775,1,3,2,4,1,0,0,0,0
58.81191530607153,0,28.846458803580063,0,3,2,10,0,1,0,2,0
65.4557646825959,0,25.83152414126087,2,1,3,5,0,0,0,1,0
60.87821893368377,0,27.567180931740012,1,0,1,5,0,2,0,1,1
39.48103060590018,1,20.442631749381384,2,1,2,8,0,0,0,0,0
64.76001443188129,1,25.820017468197786,0,3,2,3,2,0,0,0,0
61.388664506521174,0,22.618293671597428,0,0,0,7,0,1,0,0,0
38.94000390714733,1,18.85085547422956,1,3,3,1,0,0,0,0,0
43.235185445496164,0,22.454277252815498,1,2,2,1,0,0,0,0,0
65.3274396184235,1,26.34728196099029,1,0,3,3,0,0,0,0,0
51.48238697281164,1,27.178986381850965,2,2,3,1,0,0,0,0,0
78.83720952454686,1,18.657704395386144,1,0,1,1,1,0,0,2,1
62.516939140968645,1,20.311616416375646,1,1,3,3,1,0,1,1,0
47.700532177160966,0,28.623281398466105,2,1,2,9,0,0,0,1,0
54.84691599413601,0,27.540740463079317,1,1,3,5,2,0,0,0,0
55.950750889565775,1,29.435513310231762,0,1,1,4,0,0,0,1,0
44.07414530137435,0,31.839152135882802,2,1,0,7,2,0,0,0,0
41.3111770273356,0,27.689435547952993,1,1,0,2,0,0,0,0,0
65.5208484071425,0,22.925961864145638,0,1,0,6,1,1,0,2,1
67.67909945563143,0,25.574247290409584,0,3,1,10,0,1,0,2,0
64.05672204329439,1,33.29948550463691,0,2,0,1,1,0,0,1,1
77.72977141485703,0,38.82224498892693,0,1,1,4,2,0,0,0,1
46.87340145982597,0,27.315481828711796,2,1,0,6,2,0,0,1,1
80.11406149106695,1,27.677770694056534,0,0,1,10,0,0,0,1,0
41.48618322168771,0,28.628541834987082,0,0,1,4,0,0,0,1,0
39.80971654947261,1,25.118964229096814,1,1,1,7,0,0,0,1,0
28.600616767761245,0,30.81926951171312,2,1,0,3,1,0,0,2,0
48.31307029259774,1,30.040226463664254,2,1,2,3,0,2,0,0,1
47.44416494755819,0,26.771882235744084,0,3,0,10,1,0,0,0,0
62.889059203819755,0,23.409900469971923,2,1,0,8,0,0,0,0,0
58.658364124306765,0,17.396518063114314,1,1,1,2,0,0,0,0,0
37.10539943471295,1,28.66206773807125,1,2,3,1,0,0,0,0,0
49.10910642361274,1,26.064291576130522,2,1,2,5,0,2,0,2,1
49.42806968368472,1,21.311161346729495,0,1,3,7,0,0,0,2,0
28.36026629557161,0,19.350398675026863,2,3,1,4,0,0,0,0,0
40.28579909479946,0,28.30716424691626,1,1,1,8,0,0,0,1,0
43.437795540788656,0,16.993818391915177,2,2,3,1,1,0,0,0,0
76.5043752973142,0,26.498205937219026,0,3,1,5,2,0,0,0,1
57.87176073936029,0,29.21775204584447,2,1,0,2,0,0,0,0,0
64.9325313092125,1,27.749464432083116,1,0,3,3,1,0,0,0,1
32.52046754276182,1,23.046301128207798,1,2,0,6,0,0,0,0,0
72.91321724520988,1,18.753127577625428,1,2,2,2,0,0,0,0,0
74.5165309453614,1,27.935096198975952,2,0,0,8,0,0,0,0,0
25.024825492830608,1,31.002615459767103,1,1,0,4,1,0,0,0,0
44.420249141262275,0,22.136333226284798,1,1,1,10,2,0,0,1,0
62.43648359523266,1,27.534541001464298,2,2,0,7,0,0,0,0,0
64.66582680307273,1,32.90757559365905,0,0,3,5,1,0,1,0,1
